,algo,case,mean of MAEs,SD of MAEs,SD of AEs,mean of Stds,SD of Stds
0,svr,2metdesc_fullbondcnt,0.13262721857605506,0.02313493928691876,0.12854879112246542,N/A,N/A
1,krr,2metdesc_fullbondcnt,0.1342908328789258,0.025257436430029243,0.12820898106342699,N/A,N/A
2,ridge,2metdesc_fullbondcnt,0.3474701780828458,0.0450093732738376,0.2949284040811614,N/A,N/A
3,lasso,2metdesc_fullbondcnt,0.3481533597282683,0.047459867731971556,0.2988872058139318,N/A,N/A
4,elastic,2metdesc_fullbondcnt,0.34244734689706113,0.042084704321640735,0.29791085352350083,N/A,N/A
5,gp,2metdesc_fullbondcnt,0.15051136029981083,0.027774009078078147,0.1542970821512554,0.08959064427943048,0.2341220525728411
