,algo,case,mean of MAEs,SD of MAEs,SD of AEs,mean of Stds,SD of Stds
0,svr,2metdesc_spcbondcnt,0.209078784565792,0.04301354426419713,0.22150943443270868,N/A,N/A
1,krr,2metdesc_spcbondcnt,0.19948484885544904,0.03376513844220762,0.20714781407853236,N/A,N/A
2,ridge,2metdesc_spcbondcnt,0.36938510887463233,0.050514125613298606,0.3216983186226948,N/A,N/A
3,lasso,2metdesc_spcbondcnt,0.3637515991596915,0.05507417334923855,0.32231336136149524,N/A,N/A
4,elastic,2metdesc_spcbondcnt,0.36623504593207684,0.04859695808270469,0.32600731107683856,N/A,N/A
5,gp,2metdesc_spcbondcnt,0.18995960196497122,0.035029328838535,0.1969288409000335,0.020277847557088134,0.014486884125061286
