,algo,case,mean of MAEs,SD of MAEs,SD of AEs,mean of Stds,SD of Stds
0,svr,3metdesc_fullbondcnt,0.13485794986223668,0.024916126493284875,0.1313287642570782,N/A,N/A
1,krr,3metdesc_fullbondcnt,0.13872230141090072,0.025486146576626605,0.13374372215230157,N/A,N/A
2,ridge,3metdesc_fullbondcnt,0.35052238371413724,0.050665945977263746,0.2990976144866655,N/A,N/A
3,lasso,3metdesc_fullbondcnt,0.34917628652428645,0.0477485634224633,0.30084735855415523,N/A,N/A
4,elastic,3metdesc_fullbondcnt,0.34854826068589523,0.04105013044986632,0.3076251070741429,N/A,N/A
5,gp,3metdesc_fullbondcnt,0.1501859593395065,0.0363428168285781,0.16991350480674153,0.05667314887437363,0.16394820539314975
