,algo,case,mean of MAEs,SD of MAEs,SD of AEs,mean of Stds,SD of Stds
0,svr,3metdesc_spcbondcnt,0.21780634288878414,0.040455125108506476,0.23183022459986025,N/A,N/A
1,krr,3metdesc_spcbondcnt,0.21042622391302476,0.039397431577370925,0.22492014881734082,N/A,N/A
2,ridge,3metdesc_spcbondcnt,0.3749821361767871,0.051625562960386354,0.3226742631483879,N/A,N/A
3,lasso,3metdesc_spcbondcnt,0.37118166421563586,0.04966108968755174,0.32113708618843306,N/A,N/A
4,elastic,3metdesc_spcbondcnt,0.3720150448776974,0.04765671191335671,0.31928591167503123,N/A,N/A
5,gp,3metdesc_spcbondcnt,0.18476672799702823,0.030228913200363118,0.18557872510622883,0.033008449634898,0.04662217859598044
