,case,subcase,algo,mean of MAEs,std of MAEs,SD of AEs,mean of Stds,std of Stds
0,propionic_CM_power_4_cutoff_3.0_Sqrt,3metaldesc,svr,0.3909058991316411,0.06656782016407692,0.4194946627166382,N/A,N/A
1,propionic_CM_power_4_cutoff_3.0_Sqrt,3metaldesc,krr,0.33418022350956067,0.05262635385077608,0.3132410627905817,N/A,N/A
2,propionic_CM_power_4_cutoff_3.0_Sqrt,3metaldesc,ridge,0.38464727269392435,0.03925875242494985,0.3254145241441507,N/A,N/A
3,propionic_CM_power_4_cutoff_3.0_Sqrt,3metaldesc,lasso,0.372192304888282,0.047734702931573496,0.3107701485451655,N/A,N/A
4,propionic_CM_power_4_cutoff_3.0_Sqrt,3metaldesc,elastic,0.3684084175757969,0.03816928614063645,0.3210380629872759,N/A,N/A
5,propionic_CM_power_4_cutoff_3.0_Sqrt,3metaldesc,gp,0.3505804564063827,0.042512146820545806,0.30919108837448794,0.19527850176559267,0.7716598652888619
