,case,subcase,algo,mean of MAEs,std of MAEs,SD of AEs,mean of Stds,std of Stds
0,propionic_BoB_power_2_cutoff_6.0_Log,2metaldesc_metalbondcnt,svr,0.1807692006151605,0.03501019183339951,0.20640401176740045,N/A,N/A
1,propionic_BoB_power_2_cutoff_6.0_Log,2metaldesc_metalbondcnt,krr,0.20490562293663772,0.04159201597233481,0.21548797456342686,N/A,N/A
2,propionic_BoB_power_2_cutoff_6.0_Log,2metaldesc_metalbondcnt,ridge,0.3165119556349797,0.031226829459309054,0.26825295323345283,N/A,N/A
3,propionic_BoB_power_2_cutoff_6.0_Log,2metaldesc_metalbondcnt,lasso,0.3047237592820559,0.03783034742097389,0.2462827192232091,N/A,N/A
4,propionic_BoB_power_2_cutoff_6.0_Log,2metaldesc_metalbondcnt,elastic,0.31021416772971117,0.05170993583731457,0.2818279290275273,N/A,N/A
5,propionic_BoB_power_2_cutoff_6.0_Log,2metaldesc_metalbondcnt,gp,0.1803988999992981,0.022563906746510345,0.19546238077299752,0.8060716261326032,0.2901869101986042
