,case,subcase,algo,mean of MAEs,std of MAEs,SD of AEs,mean of Stds,std of Stds
0,propionic_BoB_power_4_cutoff_5.5_Sqrt,3metaldesc,svr,0.14183482657483185,0.023255224467786502,0.14905715276321194,N/A,N/A
1,propionic_BoB_power_4_cutoff_5.5_Sqrt,3metaldesc,krr,0.15180595852518708,0.03212423881441117,0.15312079877267326,N/A,N/A
2,propionic_BoB_power_4_cutoff_5.5_Sqrt,3metaldesc,ridge,0.33460032235318143,0.0484427002093082,0.3282792733517473,N/A,N/A
3,propionic_BoB_power_4_cutoff_5.5_Sqrt,3metaldesc,lasso,0.32713390395542014,0.04489320832917677,0.283431041753726,N/A,N/A
4,propionic_BoB_power_4_cutoff_5.5_Sqrt,3metaldesc,elastic,0.32863424405641334,0.03128009744408323,0.29196008105838095,N/A,N/A
5,propionic_BoB_power_4_cutoff_5.5_Sqrt,3metaldesc,gp,0.13374372880731222,0.02388491237575504,0.13921653438960588,0.5911005272252428,0.28231245099144214
