,case,subcase,algo,mean of MAEs,std of MAEs,SD of AEs,mean of Stds,std of Stds
0,propionic_BoB_power_5_cutoff_5.5_Sqrt,2metaldesc,svr,0.1583102939929894,0.03752735250738259,0.2008087590219271,N/A,N/A
1,propionic_BoB_power_5_cutoff_5.5_Sqrt,2metaldesc,krr,0.16060963955997112,0.033156758490733684,0.17743584359266754,N/A,N/A
2,propionic_BoB_power_5_cutoff_5.5_Sqrt,2metaldesc,ridge,0.3111732501084989,0.04324065403748087,0.3001572525632489,N/A,N/A
3,propionic_BoB_power_5_cutoff_5.5_Sqrt,2metaldesc,lasso,0.30517022962924323,0.04050002847836783,0.27608978183170324,N/A,N/A
4,propionic_BoB_power_5_cutoff_5.5_Sqrt,2metaldesc,elastic,0.31767805722892617,0.054960510814896404,0.28034867387838364,N/A,N/A
5,propionic_BoB_power_5_cutoff_5.5_Sqrt,2metaldesc,gp,0.15756087355046347,0.026557399382718696,0.18678013039493543,0.4029713511481349,0.2965541024265384
