,case,subcase,algo,mean of MAEs,std of MAEs,SD of AEs,mean of Stds,std of Stds
0,propionic_CM_power_1_cutoff_3.5_Log,3metaldesc_fullbondcnt,svr,0.26990896278687737,0.051419148162960435,0.24580942215447424,N/A,N/A
1,propionic_CM_power_1_cutoff_3.5_Log,3metaldesc_fullbondcnt,krr,0.2944911967965253,0.05025379729908618,0.2717158658564945,N/A,N/A
2,propionic_CM_power_1_cutoff_3.5_Log,3metaldesc_fullbondcnt,ridge,0.3283588073162105,0.0526802565636198,0.29101706193867316,N/A,N/A
3,propionic_CM_power_1_cutoff_3.5_Log,3metaldesc_fullbondcnt,lasso,0.3380318891927097,0.052374112963095264,0.2865060324095852,N/A,N/A
4,propionic_CM_power_1_cutoff_3.5_Log,3metaldesc_fullbondcnt,elastic,0.32409153267568447,0.046462289038198885,0.288718981703709,N/A,N/A
5,propionic_CM_power_1_cutoff_3.5_Log,3metaldesc_fullbondcnt,gp,0.2766767135656299,0.04784209899021203,0.2839898274078461,0.8022396110937164,0.5820833046719431
