,case,subcase,algo,mean of MAEs,std of MAEs,SD of AEs,mean of Stds,std of Stds
0,propionic_BoB_power_1_cutoff_2.5_Sqrt,3metaldesc,svr,0.16231064076654697,0.02792487737790698,0.16281335443627998,N/A,N/A
1,propionic_BoB_power_1_cutoff_2.5_Sqrt,3metaldesc,krr,0.1498256475986772,0.02758947037742599,0.1418946831000302,N/A,N/A
2,propionic_BoB_power_1_cutoff_2.5_Sqrt,3metaldesc,ridge,0.29087537960567195,0.04578113130040037,0.25653537545081756,N/A,N/A
3,propionic_BoB_power_1_cutoff_2.5_Sqrt,3metaldesc,lasso,0.311529761472913,0.04208989454152651,0.26187881402241187,N/A,N/A
4,propionic_BoB_power_1_cutoff_2.5_Sqrt,3metaldesc,elastic,0.30404251253295983,0.03621794378214594,0.2777915339596764,N/A,N/A
5,propionic_BoB_power_1_cutoff_2.5_Sqrt,3metaldesc,gp,0.17377937804434931,0.035615300455349344,0.18574067735878252,0.5044619774290333,0.325184670746544
