,case,subcase,algo,mean of MAEs,std of MAEs,SD of AEs,mean of Stds,std of Stds
0,propionic_CM_power_1_cutoff_2.5_Log,3metaldesc,svr,0.3331882994681264,0.059837672794680684,0.3344053652831626,N/A,N/A
1,propionic_CM_power_1_cutoff_2.5_Log,3metaldesc,krr,0.2969084775355967,0.06296424031251921,0.29163881839010064,N/A,N/A
2,propionic_CM_power_1_cutoff_2.5_Log,3metaldesc,ridge,0.36636284583593287,0.05846751583063505,0.31684422236081106,N/A,N/A
3,propionic_CM_power_1_cutoff_2.5_Log,3metaldesc,lasso,0.3500214283264934,0.04367706244095551,0.31999371775463514,N/A,N/A
4,propionic_CM_power_1_cutoff_2.5_Log,3metaldesc,elastic,0.3398583201681855,0.047446897604214215,0.31296378231021404,N/A,N/A
5,propionic_CM_power_1_cutoff_2.5_Log,3metaldesc,gp,0.32731150254222535,0.06259342245391175,0.35317994687790766,0.03324238543307883,0.04133186680424894
