,case,subcase,algo,mean of MAEs,std of MAEs,SD of AEs,mean of Stds,std of Stds
0,propionic_BoB_power_3_cutoff_3.0_Log,3metaldesc,svr,0.15110985947885666,0.027939270874236158,0.17272873150405618,N/A,N/A
1,propionic_BoB_power_3_cutoff_3.0_Log,3metaldesc,krr,0.1572290369551324,0.029644692213990284,0.1650584082328842,N/A,N/A
2,propionic_BoB_power_3_cutoff_3.0_Log,3metaldesc,ridge,0.2970297443368809,0.04144160262294986,0.25769959302180767,N/A,N/A
3,propionic_BoB_power_3_cutoff_3.0_Log,3metaldesc,lasso,0.3041942788271741,0.052076181891460155,0.2844358997833437,N/A,N/A
4,propionic_BoB_power_3_cutoff_3.0_Log,3metaldesc,elastic,0.31395512080507365,0.05241721435378673,0.26380627893143727,N/A,N/A
5,propionic_BoB_power_3_cutoff_3.0_Log,3metaldesc,gp,0.14016925460801766,0.027988664832032797,0.15767544738352635,0.6053973841361264,0.3340341710470929
