,case,subcase,algo,mean of MAEs,std of MAEs,SD of AEs,mean of Stds,std of Stds
0,propionic_BoB_power_4_cutoff_4.5_Sqrt,2metaldesc,svr,0.14936526261460806,0.0352993280750659,0.17621824678920306,N/A,N/A
1,propionic_BoB_power_4_cutoff_4.5_Sqrt,2metaldesc,krr,0.1731046242051196,0.03294261013244328,0.1848666127095861,N/A,N/A
2,propionic_BoB_power_4_cutoff_4.5_Sqrt,2metaldesc,ridge,0.3231100062218437,0.05367530307002006,0.3164873302081321,N/A,N/A
3,propionic_BoB_power_4_cutoff_4.5_Sqrt,2metaldesc,lasso,0.3029693491994198,0.04295565781448462,0.2861969102590718,N/A,N/A
4,propionic_BoB_power_4_cutoff_4.5_Sqrt,2metaldesc,elastic,0.30998307689666804,0.04326658211694264,0.2935507558543442,N/A,N/A
5,propionic_BoB_power_4_cutoff_4.5_Sqrt,2metaldesc,gp,0.17614694228491867,0.03341956286344672,0.1931727516755878,0.44037306148831107,0.3101302929194593
