,case,subcase,algo,mean of MAEs,std of MAEs,SD of AEs,mean of Stds,std of Stds
0,propionic_BoB_power_2_cutoff_3.0_Log,2metaldesc,svr,0.16663313197096652,0.02346066534039177,0.19418006449612166,N/A,N/A
1,propionic_BoB_power_2_cutoff_3.0_Log,2metaldesc,krr,0.16969890401246843,0.02270890868371787,0.1700707971885517,N/A,N/A
2,propionic_BoB_power_2_cutoff_3.0_Log,2metaldesc,ridge,0.29637104295949274,0.041623420355052836,0.2500085841464859,N/A,N/A
3,propionic_BoB_power_2_cutoff_3.0_Log,2metaldesc,lasso,0.31742399697412377,0.03466892228133116,0.28228485069275844,N/A,N/A
4,propionic_BoB_power_2_cutoff_3.0_Log,2metaldesc,elastic,0.2982650986838974,0.0435153804009513,0.2731815748070762,N/A,N/A
5,propionic_BoB_power_2_cutoff_3.0_Log,2metaldesc,gp,0.17837245585741787,0.046351490379334614,0.17944538598143517,0.49119432840364097,0.3020180205852267
