,case,subcase,algo,mean of MAEs,std of MAEs,SD of AEs,mean of Stds,std of Stds
0,propionic_BoB_power_3_cutoff_4.0_Sqrt,2metaldesc,svr,0.1674517074277062,0.02732144795760605,0.1836192235676085,N/A,N/A
1,propionic_BoB_power_3_cutoff_4.0_Sqrt,2metaldesc,krr,0.17209447937296726,0.03233259598569205,0.1720925273673748,N/A,N/A
2,propionic_BoB_power_3_cutoff_4.0_Sqrt,2metaldesc,ridge,0.29599286463679364,0.047334373489535966,0.2671217299927343,N/A,N/A
3,propionic_BoB_power_3_cutoff_4.0_Sqrt,2metaldesc,lasso,0.31158228723782505,0.03375377838143332,0.27912546049867354,N/A,N/A
4,propionic_BoB_power_3_cutoff_4.0_Sqrt,2metaldesc,elastic,0.29223518688075023,0.05208113123763146,0.27606086220837883,N/A,N/A
5,propionic_BoB_power_3_cutoff_4.0_Sqrt,2metaldesc,gp,0.16182754477687067,0.027872761971958183,0.16415498886263544,0.6019041373374899,0.3603767710597803
