,case,subcase,algo,mean of MAEs,std of MAEs,SD of AEs,mean of Stds,std of Stds
0,propionic_CM_power_5_cutoff_3.0_Sqrt,2metaldesc,svr,0.37771231111101644,0.06387065121460264,0.37087501985101273,N/A,N/A
1,propionic_CM_power_5_cutoff_3.0_Sqrt,2metaldesc,krr,0.355195438373374,0.06409798436967824,0.34374686683683214,N/A,N/A
2,propionic_CM_power_5_cutoff_3.0_Sqrt,2metaldesc,ridge,0.3916611514543067,0.05703503667306061,0.3184780655085876,N/A,N/A
3,propionic_CM_power_5_cutoff_3.0_Sqrt,2metaldesc,lasso,0.3902343760610269,0.029304328657340235,0.32225420021688445,N/A,N/A
4,propionic_CM_power_5_cutoff_3.0_Sqrt,2metaldesc,elastic,0.35868049693555437,0.041073038013973266,0.297573419560866,N/A,N/A
5,propionic_CM_power_5_cutoff_3.0_Sqrt,2metaldesc,gp,0.35860640984881476,0.04030722845410008,0.31440210071505736,0.06360339023914652,0.09093248468920048
