,case,subcase,algo,mean of MAEs,std of MAEs,SD of AEs,mean of Stds,std of Stds
0,propionic_CM_power_5_cutoff_2.5_Sqrt,3metaldesc,svr,0.3978767750287408,0.08863883310873116,0.4192457724782931,N/A,N/A
1,propionic_CM_power_5_cutoff_2.5_Sqrt,3metaldesc,krr,0.36122616794847884,0.06371304573256702,0.37305700902713007,N/A,N/A
2,propionic_CM_power_5_cutoff_2.5_Sqrt,3metaldesc,ridge,0.40253695237054044,0.05711915746787868,0.3309450218344818,N/A,N/A
3,propionic_CM_power_5_cutoff_2.5_Sqrt,3metaldesc,lasso,0.40443030126551416,0.06050902681477075,0.32401305579508183,N/A,N/A
4,propionic_CM_power_5_cutoff_2.5_Sqrt,3metaldesc,elastic,0.3698591105197478,0.040941929215083835,0.30271983991457213,N/A,N/A
5,propionic_CM_power_5_cutoff_2.5_Sqrt,3metaldesc,gp,0.3534296500694978,0.04258940489841423,0.3181722764958219,0.03779255164922672,0.009287292905428873
