,case,subcase,algo,mean of MAEs,std of MAEs,SD of AEs,mean of Stds,std of Stds
0,propionic_CM_power_1_cutoff_2.5_Log,2metaldesc,svr,0.33097760929453174,0.05484297547172206,0.32885769804193615,N/A,N/A
1,propionic_CM_power_1_cutoff_2.5_Log,2metaldesc,krr,0.30216329136617764,0.05471485899514329,0.294479875150167,N/A,N/A
2,propionic_CM_power_1_cutoff_2.5_Log,2metaldesc,ridge,0.35633106492621136,0.032054283020200254,0.3218961042641234,N/A,N/A
3,propionic_CM_power_1_cutoff_2.5_Log,2metaldesc,lasso,0.3744777666770078,0.051151038785031876,0.3373370710612096,N/A,N/A
4,propionic_CM_power_1_cutoff_2.5_Log,2metaldesc,elastic,0.3619624703215024,0.06050736232396056,0.3411017558911796,N/A,N/A
5,propionic_CM_power_1_cutoff_2.5_Log,2metaldesc,gp,0.3364660482396715,0.06983513777589002,0.4338035005224983,0.09757733576085979,0.34118123205919926
