,case,subcase,algo,mean of MAEs,std of MAEs,SD of AEs,mean of Stds,std of Stds
0,propionic_CM_power_4_cutoff_5.0_Log,3metaldesc,svr,0.3356558024175207,0.0688319834378122,0.3605858239764029,N/A,N/A
1,propionic_CM_power_4_cutoff_5.0_Log,3metaldesc,krr,0.3007222796550669,0.046363791483904924,0.2791636578406541,N/A,N/A
2,propionic_CM_power_4_cutoff_5.0_Log,3metaldesc,ridge,0.37970970082741345,0.06015281654941909,0.3310268113927321,N/A,N/A
3,propionic_CM_power_4_cutoff_5.0_Log,3metaldesc,lasso,0.39117334627344696,0.05036591705124741,0.33046407932398514,N/A,N/A
4,propionic_CM_power_4_cutoff_5.0_Log,3metaldesc,elastic,0.3911334310954777,0.05155795896576359,0.3275854090186686,N/A,N/A
5,propionic_CM_power_4_cutoff_5.0_Log,3metaldesc,gp,0.2883749816392146,0.03953221249239385,0.29505341504191895,0.04468113907438895,0.04208030494015829
