,case,subcase,algo,mean of MAEs,std of MAEs,SD of AEs,mean of Stds,std of Stds
0,propionic_BoB_power_2_cutoff_6.0_Sqrt,2metaldesc,svr,0.19448274981120028,0.03604347546736198,0.22878262997920087,N/A,N/A
1,propionic_BoB_power_2_cutoff_6.0_Sqrt,2metaldesc,krr,0.2581928732446853,0.05310419003985552,0.23634302896649614,N/A,N/A
2,propionic_BoB_power_2_cutoff_6.0_Sqrt,2metaldesc,ridge,0.29358056659577547,0.04231265160976581,0.25376400896975815,N/A,N/A
3,propionic_BoB_power_2_cutoff_6.0_Sqrt,2metaldesc,lasso,0.3053796397992789,0.03272210085879107,0.25898728250709696,N/A,N/A
4,propionic_BoB_power_2_cutoff_6.0_Sqrt,2metaldesc,elastic,0.29706793098521106,0.048945817060693265,0.26327412575563625,N/A,N/A
5,propionic_BoB_power_2_cutoff_6.0_Sqrt,2metaldesc,gp,0.22779143568076687,0.04205589104608654,0.2502283708324004,0.4728352421468208,0.4250639365120209
