,case,subcase,algo,mean of MAEs,std of MAEs,SD of AEs,mean of Stds,std of Stds
0,propionic_CM_power_5_cutoff_3.5_Sqrt,3metaldesc,svr,0.3701633297773695,0.07533622632323589,0.37489967455243745,N/A,N/A
1,propionic_CM_power_5_cutoff_3.5_Sqrt,3metaldesc,krr,0.37757277783884446,0.0457280853148817,0.36042303420744115,N/A,N/A
2,propionic_CM_power_5_cutoff_3.5_Sqrt,3metaldesc,ridge,0.38073822751126696,0.04592443009600254,0.3108160075532055,N/A,N/A
3,propionic_CM_power_5_cutoff_3.5_Sqrt,3metaldesc,lasso,0.39295924348486466,0.03618288784692394,0.28978776981732557,N/A,N/A
4,propionic_CM_power_5_cutoff_3.5_Sqrt,3metaldesc,elastic,0.38922818274078613,0.043301556797572194,0.3231324699114126,N/A,N/A
5,propionic_CM_power_5_cutoff_3.5_Sqrt,3metaldesc,gp,0.3511344838893818,0.04069347636605791,0.31905690362159694,0.035956219947188346,0.01035655654089518
