,case,subcase,algo,mean of MAEs,std of MAEs,SD of AEs,mean of Stds,std of Stds
0,propionic_BoB_power_2_cutoff_2.5_Log,2metaldesc,svr,0.18017490866119235,0.028704713232080774,0.17285993461145846,N/A,N/A
1,propionic_BoB_power_2_cutoff_2.5_Log,2metaldesc,krr,0.17302471385712337,0.02625868790490035,0.16944144493466176,N/A,N/A
2,propionic_BoB_power_2_cutoff_2.5_Log,2metaldesc,ridge,0.31146980021371656,0.03883275077344919,0.2589050005304369,N/A,N/A
3,propionic_BoB_power_2_cutoff_2.5_Log,2metaldesc,lasso,0.31563552422813645,0.04070955341734997,0.26027286298160135,N/A,N/A
4,propionic_BoB_power_2_cutoff_2.5_Log,2metaldesc,elastic,0.3140854587239138,0.03627913254520566,0.2680844043249493,N/A,N/A
5,propionic_BoB_power_2_cutoff_2.5_Log,2metaldesc,gp,0.18053471538297575,0.035972255835348216,0.18657318402739573,0.31470753951510005,0.3056783208764375
