,case,subcase,algo,mean of MAEs,std of MAEs,SD of AEs,mean of Stds,std of Stds
0,propionic_BoB_power_3_cutoff_3.5_Log,2metaldesc,svr,0.16641112341436912,0.03571529594397649,0.1978894409002293,N/A,N/A
1,propionic_BoB_power_3_cutoff_3.5_Log,2metaldesc,krr,0.17442680478054517,0.03527740407706094,0.18374781591069833,N/A,N/A
2,propionic_BoB_power_3_cutoff_3.5_Log,2metaldesc,ridge,0.3115218598601297,0.03602438786231149,0.27990275448048996,N/A,N/A
3,propionic_BoB_power_3_cutoff_3.5_Log,2metaldesc,lasso,0.31466289583246737,0.04589747804697822,0.2715189847168881,N/A,N/A
4,propionic_BoB_power_3_cutoff_3.5_Log,2metaldesc,elastic,0.3127107246798472,0.045508125874136385,0.28545606103251103,N/A,N/A
5,propionic_BoB_power_3_cutoff_3.5_Log,2metaldesc,gp,0.17694229748443813,0.04119500109257535,0.19583734106425946,0.48135153787838647,0.3222667971904473
