,case,subcase,algo,mean of MAEs,std of MAEs,SD of AEs,mean of Stds,std of Stds
0,propionic_BoB_power_2_cutoff_5.0_Sqrt,2metaldesc,svr,0.18946603497006784,0.037883811309953705,0.2244826060475774,N/A,N/A
1,propionic_BoB_power_2_cutoff_5.0_Sqrt,2metaldesc,krr,0.22376127722752276,0.04232924726739626,0.21077034075156192,N/A,N/A
2,propionic_BoB_power_2_cutoff_5.0_Sqrt,2metaldesc,ridge,0.30788712232468096,0.0354632853609023,0.2630936419991013,N/A,N/A
3,propionic_BoB_power_2_cutoff_5.0_Sqrt,2metaldesc,lasso,0.3013935646108861,0.04204771655145654,0.2767402253322818,N/A,N/A
4,propionic_BoB_power_2_cutoff_5.0_Sqrt,2metaldesc,elastic,0.3161675242502209,0.04048720452046723,0.2648127228059787,N/A,N/A
5,propionic_BoB_power_2_cutoff_5.0_Sqrt,2metaldesc,gp,0.20346120077732086,0.03741609134962863,0.22086635328335877,0.5290390222562268,0.6572088583640474
