,case,subcase,algo,mean of MAEs,std of MAEs,SD of AEs,mean of Stds,std of Stds
0,propionic_BoB_power_4_cutoff_3.0_Log,2metaldesc,svr,0.18165574901805723,0.034069583485821654,0.22334184427002315,N/A,N/A
1,propionic_BoB_power_4_cutoff_3.0_Log,2metaldesc,krr,0.16331001628013633,0.02564469053779024,0.15452762894804467,N/A,N/A
2,propionic_BoB_power_4_cutoff_3.0_Log,2metaldesc,ridge,0.30375756330338133,0.04542553212682675,0.2722324119578922,N/A,N/A
3,propionic_BoB_power_4_cutoff_3.0_Log,2metaldesc,lasso,0.2993507664129027,0.0379718413921956,0.2641766762071314,N/A,N/A
4,propionic_BoB_power_4_cutoff_3.0_Log,2metaldesc,elastic,0.3110607087344851,0.043322639631181215,0.28865694860262,N/A,N/A
5,propionic_BoB_power_4_cutoff_3.0_Log,2metaldesc,gp,0.15288094022954604,0.023082712694785953,0.1504794067613721,0.3332430533164852,0.2912396321652614
