,case,subcase,algo,mean of MAEs,std of MAEs,SD of AEs,mean of Stds,std of Stds
0,propionic_CM_power_5_cutoff_5.0_Sqrt,3metaldesc_metalbondcnt,svr,0.4202926365091587,0.08192835239999344,0.40890266022522054,N/A,N/A
1,propionic_CM_power_5_cutoff_5.0_Sqrt,3metaldesc_metalbondcnt,krr,0.34913290202759373,0.0661083676578083,0.3335388583244317,N/A,N/A
2,propionic_CM_power_5_cutoff_5.0_Sqrt,3metaldesc_metalbondcnt,ridge,0.3565125687446226,0.05111652452353485,0.29600844871436305,N/A,N/A
3,propionic_CM_power_5_cutoff_5.0_Sqrt,3metaldesc_metalbondcnt,lasso,0.3619152403963185,0.05767802999677396,0.29141447657330943,N/A,N/A
4,propionic_CM_power_5_cutoff_5.0_Sqrt,3metaldesc_metalbondcnt,elastic,0.36287215596353606,0.05488877840919434,0.2942870761693344,N/A,N/A
5,propionic_CM_power_5_cutoff_5.0_Sqrt,3metaldesc_metalbondcnt,gp,0.3590920539516377,0.04364353722375215,0.3212916039638264,0.0332572297621882,0.021918329508750882
