,case,subcase,algo,mean of MAEs,std of MAEs,SD of AEs,mean of Stds,std of Stds
0,propionic_CM_power_2_cutoff_3.5_Sqrt,3metaldesc,svr,0.37858335007933586,0.07180648119226668,0.3856799111746568,N/A,N/A
1,propionic_CM_power_2_cutoff_3.5_Sqrt,3metaldesc,krr,0.4101064659815254,0.055164205266643375,0.3508080427573645,N/A,N/A
2,propionic_CM_power_2_cutoff_3.5_Sqrt,3metaldesc,ridge,0.4249636344692131,0.0579758099384993,0.36424922646571073,N/A,N/A
3,propionic_CM_power_2_cutoff_3.5_Sqrt,3metaldesc,lasso,0.4232223049399088,0.04175133925055716,0.37901842668997326,N/A,N/A
4,propionic_CM_power_2_cutoff_3.5_Sqrt,3metaldesc,elastic,0.391764494082421,0.05430508773947356,0.36229245874853017,N/A,N/A
5,propionic_CM_power_2_cutoff_3.5_Sqrt,3metaldesc,gp,0.43381187185313225,0.06893715736832176,0.4043596286763292,0.32484105253255424,0.5619393252301548
