,case,subcase,algo,mean of MAEs,std of MAEs,SD of AEs,mean of Stds,std of Stds
0,propionic_BoB_power_2_cutoff_4.0_Log,3metaldesc_metalbondcnt,svr,0.1436112183696446,0.028835144411841918,0.1607688728491247,N/A,N/A
1,propionic_BoB_power_2_cutoff_4.0_Log,3metaldesc_metalbondcnt,krr,0.17401643345218015,0.030547462670616414,0.17417974874477032,N/A,N/A
2,propionic_BoB_power_2_cutoff_4.0_Log,3metaldesc_metalbondcnt,ridge,0.2976106223065374,0.0441113572380218,0.26221908504866,N/A,N/A
3,propionic_BoB_power_2_cutoff_4.0_Log,3metaldesc_metalbondcnt,lasso,0.3014064785009934,0.041389840419059104,0.2563920844833336,N/A,N/A
4,propionic_BoB_power_2_cutoff_4.0_Log,3metaldesc_metalbondcnt,elastic,0.3119363140468067,0.0517860464845938,0.28789627183471544,N/A,N/A
5,propionic_BoB_power_2_cutoff_4.0_Log,3metaldesc_metalbondcnt,gp,0.14381334340317897,0.024545893740626688,0.14768184871415704,0.7216846989726179,0.3534382407896782
