,case,subcase,algo,mean of MAEs,std of MAEs,SD of AEs,mean of Stds,std of Stds
0,propionic_CM_power_5_cutoff_3.5_Sqrt,2metaldesc,svr,0.4066412600605512,0.06994388014883723,0.42716835108598644,N/A,N/A
1,propionic_CM_power_5_cutoff_3.5_Sqrt,2metaldesc,krr,0.3848963422313053,0.0733542745349566,0.38432708965406676,N/A,N/A
2,propionic_CM_power_5_cutoff_3.5_Sqrt,2metaldesc,ridge,0.36778804959553696,0.042647917417723204,0.30012978329777296,N/A,N/A
3,propionic_CM_power_5_cutoff_3.5_Sqrt,2metaldesc,lasso,0.38223144318820046,0.052954702582030014,0.3149989425619595,N/A,N/A
4,propionic_CM_power_5_cutoff_3.5_Sqrt,2metaldesc,elastic,0.3862822807173349,0.04166623313134513,0.3274444425574087,N/A,N/A
5,propionic_CM_power_5_cutoff_3.5_Sqrt,2metaldesc,gp,0.3643472017738854,0.05006254892618128,0.3407164525592265,0.0373398743661707,0.010279866392640578
