,case,subcase,algo,mean of MAEs,std of MAEs,SD of AEs,mean of Stds,std of Stds
0,propionic_BoB_power_1_cutoff_2.5_Log,3metaldesc,svr,0.15603455605920008,0.03028436038375162,0.15764372068082097,N/A,N/A
1,propionic_BoB_power_1_cutoff_2.5_Log,3metaldesc,krr,0.17253746594660363,0.029128077788432658,0.16230025809546733,N/A,N/A
2,propionic_BoB_power_1_cutoff_2.5_Log,3metaldesc,ridge,0.3052887348363172,0.037130675813754066,0.2643553666855681,N/A,N/A
3,propionic_BoB_power_1_cutoff_2.5_Log,3metaldesc,lasso,0.3073071976189911,0.03479559453781624,0.26933786455923436,N/A,N/A
4,propionic_BoB_power_1_cutoff_2.5_Log,3metaldesc,elastic,0.30772273856091414,0.05463762395296175,0.2773719909641953,N/A,N/A
5,propionic_BoB_power_1_cutoff_2.5_Log,3metaldesc,gp,0.15508833981072243,0.03155028102945895,0.15561323948997113,0.43230482038054013,0.2938401738260075
