,case,subcase,algo,mean of MAEs,std of MAEs,SD of AEs,mean of Stds,std of Stds
0,propionic_BoB_power_4_cutoff_6.0_Log,2metaldesc,svr,0.1675975054578359,0.0337651031781421,0.19933501370612777,N/A,N/A
1,propionic_BoB_power_4_cutoff_6.0_Log,2metaldesc,krr,0.15243343755649216,0.0189229675546636,0.15304606199246004,N/A,N/A
2,propionic_BoB_power_4_cutoff_6.0_Log,2metaldesc,ridge,0.30049963524060974,0.04256619202602871,0.27573925634794255,N/A,N/A
3,propionic_BoB_power_4_cutoff_6.0_Log,2metaldesc,lasso,0.29650053713535435,0.03639256380821123,0.267684737523774,N/A,N/A
4,propionic_BoB_power_4_cutoff_6.0_Log,2metaldesc,elastic,0.30953788405736654,0.04030865416371714,0.2783993956220101,N/A,N/A
5,propionic_BoB_power_4_cutoff_6.0_Log,2metaldesc,gp,0.16152608096208707,0.02713459423107262,0.1720914210076789,0.3952673460273867,0.32504627296151406
