,case,subcase,algo,mean of MAEs,std of MAEs,SD of AEs,mean of Stds,std of Stds
0,propionic_BoB_power_1_cutoff_3.0_Log,2metaldesc,svr,0.16040562618270443,0.03910278458860377,0.19740882631403928,N/A,N/A
1,propionic_BoB_power_1_cutoff_3.0_Log,2metaldesc,krr,0.17817097879445457,0.03258532714918271,0.2129228013173022,N/A,N/A
2,propionic_BoB_power_1_cutoff_3.0_Log,2metaldesc,ridge,0.30671259169816545,0.03555378966108124,0.27035928760373196,N/A,N/A
3,propionic_BoB_power_1_cutoff_3.0_Log,2metaldesc,lasso,0.3132887789263096,0.041332065820800325,0.2594604733656446,N/A,N/A
4,propionic_BoB_power_1_cutoff_3.0_Log,2metaldesc,elastic,0.32524951123053414,0.04483274318471025,0.29020792193204215,N/A,N/A
5,propionic_BoB_power_1_cutoff_3.0_Log,2metaldesc,gp,0.1622430826746228,0.03565736311287662,0.1775125695431632,0.5780959756613416,0.2929108371859394
