,case,subcase,algo,mean of MAEs,std of MAEs,SD of AEs,mean of Stds,std of Stds
0,propionic_BoB_power_2_cutoff_2.5_Sqrt,3metaldesc,svr,0.15106709363688955,0.024075499302363242,0.15100129612771743,N/A,N/A
1,propionic_BoB_power_2_cutoff_2.5_Sqrt,3metaldesc,krr,0.16178696733173262,0.021483377263795952,0.14226960433218833,N/A,N/A
2,propionic_BoB_power_2_cutoff_2.5_Sqrt,3metaldesc,ridge,0.3046002521320409,0.03977923469090774,0.244687428267128,N/A,N/A
3,propionic_BoB_power_2_cutoff_2.5_Sqrt,3metaldesc,lasso,0.3266801861728248,0.03320591933631698,0.27511829476428806,N/A,N/A
4,propionic_BoB_power_2_cutoff_2.5_Sqrt,3metaldesc,elastic,0.3064368618201288,0.04429383000449821,0.2697419471060661,N/A,N/A
5,propionic_BoB_power_2_cutoff_2.5_Sqrt,3metaldesc,gp,0.15637246066490418,0.0253412337520742,0.1514655175951244,0.43827710545290366,0.35526777616469435
