,case,subcase,algo,mean of MAEs,std of MAEs,SD of AEs,mean of Stds,std of Stds
0,propionic_CM_power_1_cutoff_5.5_Sqrt,3metaldesc,svr,0.4886412546344159,0.07431306275250316,0.42378595802756625,N/A,N/A
1,propionic_CM_power_1_cutoff_5.5_Sqrt,3metaldesc,krr,0.47178557031107154,0.05192949765380555,0.4066704854859219,N/A,N/A
2,propionic_CM_power_1_cutoff_5.5_Sqrt,3metaldesc,ridge,0.48435083904983695,0.05056937525677543,0.42041643684201413,N/A,N/A
3,propionic_CM_power_1_cutoff_5.5_Sqrt,3metaldesc,lasso,0.4863521107811363,0.05470974500869768,0.40738671271805205,N/A,N/A
4,propionic_CM_power_1_cutoff_5.5_Sqrt,3metaldesc,elastic,0.4523997465237073,0.07476905038882486,0.4102219138856152,N/A,N/A
5,propionic_CM_power_1_cutoff_5.5_Sqrt,3metaldesc,gp,0.534657499607178,0.07963927757334917,0.45810002110656467,1.6204754802739394,1.7999612123389508
