,case,subcase,algo,mean of MAEs,std of MAEs,SD of AEs,mean of Stds,std of Stds
0,propionic_BoB_power_1_cutoff_3.0_Log,3metaldesc,svr,0.1387266640510569,0.035336791008907506,0.19556445354072416,N/A,N/A
1,propionic_BoB_power_1_cutoff_3.0_Log,3metaldesc,krr,0.155327227008485,0.023835829734704883,0.14933307749988742,N/A,N/A
2,propionic_BoB_power_1_cutoff_3.0_Log,3metaldesc,ridge,0.313663162230504,0.03932821511195763,0.26673711925213944,N/A,N/A
3,propionic_BoB_power_1_cutoff_3.0_Log,3metaldesc,lasso,0.3120085381004161,0.049615638783124916,0.2707901464652214,N/A,N/A
4,propionic_BoB_power_1_cutoff_3.0_Log,3metaldesc,elastic,0.3140610853431731,0.04124437259911948,0.2941921771353938,N/A,N/A
5,propionic_BoB_power_1_cutoff_3.0_Log,3metaldesc,gp,0.13315309999503736,0.027415834736475114,0.14895411460183097,0.6011841269932229,0.2982799670372164
