,case,subcase,algo,mean of MAEs,std of MAEs,SD of AEs,mean of Stds,std of Stds
0,propionic_BoB_power_2_cutoff_5.0_Sqrt,3metaldesc,svr,0.16465908737479548,0.03016897422513332,0.17992599043835963,N/A,N/A
1,propionic_BoB_power_2_cutoff_5.0_Sqrt,3metaldesc,krr,0.20058333081565624,0.03482808366679982,0.19146564091741014,N/A,N/A
2,propionic_BoB_power_2_cutoff_5.0_Sqrt,3metaldesc,ridge,0.3039271892756209,0.03580352076889413,0.24699296455045217,N/A,N/A
3,propionic_BoB_power_2_cutoff_5.0_Sqrt,3metaldesc,lasso,0.2953663466072628,0.04750944711659364,0.2607879603593461,N/A,N/A
4,propionic_BoB_power_2_cutoff_5.0_Sqrt,3metaldesc,elastic,0.3191445449842037,0.048386003413824666,0.27822692403322136,N/A,N/A
5,propionic_BoB_power_2_cutoff_5.0_Sqrt,3metaldesc,gp,0.16960943482881255,0.042571306484621076,0.19272898043387132,0.41379314309013865,0.5508922313838298
