,case,subcase,algo,mean of MAEs,std of MAEs,SD of AEs,mean of Stds,std of Stds
0,propionic_CM_power_3_cutoff_2.5_Sqrt,2metaldesc,svr,0.4003357214196734,0.0751055065568963,0.4273211885481077,N/A,N/A
1,propionic_CM_power_3_cutoff_2.5_Sqrt,2metaldesc,krr,0.3432612203052409,0.0681553650509804,0.3436143693935922,N/A,N/A
2,propionic_CM_power_3_cutoff_2.5_Sqrt,2metaldesc,ridge,0.3792504026637334,0.049118393004511,0.33776646368742624,N/A,N/A
3,propionic_CM_power_3_cutoff_2.5_Sqrt,2metaldesc,lasso,0.3814185027712636,0.049211267611715945,0.340045032401652,N/A,N/A
4,propionic_CM_power_3_cutoff_2.5_Sqrt,2metaldesc,elastic,0.3639241121658063,0.04471252431174985,0.3214674399643603,N/A,N/A
5,propionic_CM_power_3_cutoff_2.5_Sqrt,2metaldesc,gp,0.35828042082022393,0.05868200325716779,0.34202646741136167,0.033188435750886126,0.02798190856914058
