,case,subcase,algo,mean of MAEs,std of MAEs,SD of AEs,mean of Stds,std of Stds
0,propionic_BoB_power_2_cutoff_5.5_Log,3metaldesc_metalbondcnt,svr,0.15674744559726542,0.03464621538466355,0.15947581610182368,N/A,N/A
1,propionic_BoB_power_2_cutoff_5.5_Log,3metaldesc_metalbondcnt,krr,0.16750297966466804,0.03263820604269491,0.18986438116977886,N/A,N/A
2,propionic_BoB_power_2_cutoff_5.5_Log,3metaldesc_metalbondcnt,ridge,0.3131708414832491,0.03783394395095078,0.2684749488909265,N/A,N/A
3,propionic_BoB_power_2_cutoff_5.5_Log,3metaldesc_metalbondcnt,lasso,0.3066995364524879,0.03706613050593425,0.28197390185412907,N/A,N/A
4,propionic_BoB_power_2_cutoff_5.5_Log,3metaldesc_metalbondcnt,elastic,0.3218247445751266,0.05317922360161732,0.26842660084787373,N/A,N/A
5,propionic_BoB_power_2_cutoff_5.5_Log,3metaldesc_metalbondcnt,gp,0.15801137388467643,0.031612625861801184,0.16774710587320904,0.7507039070972126,0.2962602921077629
