,case,subcase,algo,mean of MAEs,std of MAEs,SD of AEs,mean of Stds,std of Stds
0,propionic_CM_power_2_cutoff_6.0_Log,2metaldesc,svr,0.3707743737482388,0.08518078491656739,0.37397546335574855,N/A,N/A
1,propionic_CM_power_2_cutoff_6.0_Log,2metaldesc,krr,0.30768596071689663,0.03554930088970709,0.2974252426876779,N/A,N/A
2,propionic_CM_power_2_cutoff_6.0_Log,2metaldesc,ridge,0.38511266894753227,0.04385676728377857,0.364191787656494,N/A,N/A
3,propionic_CM_power_2_cutoff_6.0_Log,2metaldesc,lasso,0.38209489089672183,0.0558776618336497,0.33940405964234605,N/A,N/A
4,propionic_CM_power_2_cutoff_6.0_Log,2metaldesc,elastic,0.36029394405912635,0.05186176552289976,0.32873714946926663,N/A,N/A
5,propionic_CM_power_2_cutoff_6.0_Log,2metaldesc,gp,0.3407616687718146,0.042075050081326885,0.3112900136675345,0.10743260404580138,0.14520408811756927
