,case,subcase,algo,mean of MAEs,std of MAEs,SD of AEs,mean of Stds,std of Stds
0,propionic_CM_power_1_cutoff_4.0_Log,3metaldesc,svr,0.40535121958304954,0.07184653463057321,0.3683941033916575,N/A,N/A
1,propionic_CM_power_1_cutoff_4.0_Log,3metaldesc,krr,0.34256177063467974,0.05384076906695187,0.33201342781063153,N/A,N/A
2,propionic_CM_power_1_cutoff_4.0_Log,3metaldesc,ridge,0.42512913334747865,0.059961582763183426,0.3555734632333871,N/A,N/A
3,propionic_CM_power_1_cutoff_4.0_Log,3metaldesc,lasso,0.4287641078950447,0.06788951054474188,0.35939998608245893,N/A,N/A
4,propionic_CM_power_1_cutoff_4.0_Log,3metaldesc,elastic,0.4385288499342822,0.05544133951636873,0.3653148704149137,N/A,N/A
5,propionic_CM_power_1_cutoff_4.0_Log,3metaldesc,gp,0.39194495241783345,0.07429902199644403,0.35595709860123603,0.13885751233071314,0.2494946145833484
