,case,subcase,algo,mean of MAEs,std of MAEs,SD of AEs,mean of Stds,std of Stds
0,propionic_CM_power_5_cutoff_3.0_Log,2metaldesc,svr,0.3489522471563198,0.06393053511151563,0.3451185002729935,N/A,N/A
1,propionic_CM_power_5_cutoff_3.0_Log,2metaldesc,krr,0.3157598199687596,0.0359539997818235,0.3065988252070094,N/A,N/A
2,propionic_CM_power_5_cutoff_3.0_Log,2metaldesc,ridge,0.3978080771187683,0.0582210724293119,0.3383330077406365,N/A,N/A
3,propionic_CM_power_5_cutoff_3.0_Log,2metaldesc,lasso,0.39261593850214366,0.05175041746759711,0.31947020870824067,N/A,N/A
4,propionic_CM_power_5_cutoff_3.0_Log,2metaldesc,elastic,0.3982018502291729,0.06275443475074562,0.3406783453462243,N/A,N/A
5,propionic_CM_power_5_cutoff_3.0_Log,2metaldesc,gp,0.31187403540287184,0.04385143379705532,0.33712933466343464,0.031059100276950087,0.029144081844399716
