,case,subcase,algo,mean of MAEs,std of MAEs,SD of AEs,mean of Stds,std of Stds
0,propionic_BoB_power_5_cutoff_4.0_Sqrt,3metaldesc_fullbondcnt,svr,0.15448932048400624,0.04064113402439779,0.19636014685103126,N/A,N/A
1,propionic_BoB_power_5_cutoff_4.0_Sqrt,3metaldesc_fullbondcnt,krr,0.1453737222710502,0.02767762688438319,0.15663052232069175,N/A,N/A
2,propionic_BoB_power_5_cutoff_4.0_Sqrt,3metaldesc_fullbondcnt,ridge,0.30965280302420056,0.04630791972276386,0.2582375711007461,N/A,N/A
3,propionic_BoB_power_5_cutoff_4.0_Sqrt,3metaldesc_fullbondcnt,lasso,0.29303090035963086,0.04153387110633998,0.2458254656164189,N/A,N/A
4,propionic_BoB_power_5_cutoff_4.0_Sqrt,3metaldesc_fullbondcnt,elastic,0.29879930561572815,0.04487924372500904,0.25042593957867154,N/A,N/A
5,propionic_BoB_power_5_cutoff_4.0_Sqrt,3metaldesc_fullbondcnt,gp,0.1315693649282355,0.02466191773885364,0.13353812848803312,0.47466260264367144,0.32463104537421733
