,case,subcase,algo,mean of MAEs,std of MAEs,SD of AEs,mean of Stds,std of Stds
0,propionic_CM_power_3_cutoff_4.0_Sqrt,3metaldesc,svr,0.3810209464493861,0.06323345825786929,0.36740365368471684,N/A,N/A
1,propionic_CM_power_3_cutoff_4.0_Sqrt,3metaldesc,krr,0.3544471551885703,0.04191861321507415,0.3299137234390443,N/A,N/A
2,propionic_CM_power_3_cutoff_4.0_Sqrt,3metaldesc,ridge,0.3826386216546922,0.062379252160714944,0.36876088946227653,N/A,N/A
3,propionic_CM_power_3_cutoff_4.0_Sqrt,3metaldesc,lasso,0.37708540389273554,0.05338665426513848,0.35994101149271507,N/A,N/A
4,propionic_CM_power_3_cutoff_4.0_Sqrt,3metaldesc,elastic,0.36896195100406487,0.044674166099991204,0.33676126789765903,N/A,N/A
5,propionic_CM_power_3_cutoff_4.0_Sqrt,3metaldesc,gp,0.39949053519795924,0.06868450262322331,0.3760872085259136,0.37920461766237773,0.7501763659494369
