,case,subcase,algo,mean of MAEs,std of MAEs,SD of AEs,mean of Stds,std of Stds
0,propionic_CM_power_1_cutoff_4.5_Sqrt,2metaldesc,svr,0.47482676201680524,0.0897599296706485,0.41915508529761275,N/A,N/A
1,propionic_CM_power_1_cutoff_4.5_Sqrt,2metaldesc,krr,0.46594252017584453,0.06971069842720294,0.38679410324000946,N/A,N/A
2,propionic_CM_power_1_cutoff_4.5_Sqrt,2metaldesc,ridge,0.4632728235065735,0.05617275507969412,0.41665814466016105,N/A,N/A
3,propionic_CM_power_1_cutoff_4.5_Sqrt,2metaldesc,lasso,0.47355446861296047,0.0630944104876695,0.412583509912635,N/A,N/A
4,propionic_CM_power_1_cutoff_4.5_Sqrt,2metaldesc,elastic,0.4511591263442519,0.08062781098745667,0.38570220476617895,N/A,N/A
5,propionic_CM_power_1_cutoff_4.5_Sqrt,2metaldesc,gp,0.4822889598923365,0.0658613238008191,0.3997651996415265,1.0813426296108808,1.490594085780539
