,case,subcase,algo,mean of MAEs,std of MAEs,SD of AEs,mean of Stds,std of Stds
0,propionic_CM_power_5_cutoff_3.0_Log,3metaldesc,svr,0.33346064404172765,0.055470659040505334,0.33482569225709197,N/A,N/A
1,propionic_CM_power_5_cutoff_3.0_Log,3metaldesc,krr,0.31204690455156026,0.03808036465923438,0.3126605246855138,N/A,N/A
2,propionic_CM_power_5_cutoff_3.0_Log,3metaldesc,ridge,0.39442974539892817,0.056571857550966526,0.32171219555467606,N/A,N/A
3,propionic_CM_power_5_cutoff_3.0_Log,3metaldesc,lasso,0.38451473103629374,0.05439250899469695,0.32029993164928805,N/A,N/A
4,propionic_CM_power_5_cutoff_3.0_Log,3metaldesc,elastic,0.37272578976535714,0.06832616535573817,0.3065154006349857,N/A,N/A
5,propionic_CM_power_5_cutoff_3.0_Log,3metaldesc,gp,0.31490220595198687,0.05801620908079264,0.30259579948031035,0.09292106519111677,0.2757362443109377
