,case,subcase,algo,mean of MAEs,std of MAEs,SD of AEs,mean of Stds,std of Stds
0,propionic_BoB_power_3_cutoff_2.5_Log,3metaldesc,svr,0.1428613620291147,0.027015569443385453,0.12704360731622855,N/A,N/A
1,propionic_BoB_power_3_cutoff_2.5_Log,3metaldesc,krr,0.16948360283220754,0.028615095365423983,0.18204338411376766,N/A,N/A
2,propionic_BoB_power_3_cutoff_2.5_Log,3metaldesc,ridge,0.3014919784234474,0.050731883407377526,0.2777405489374417,N/A,N/A
3,propionic_BoB_power_3_cutoff_2.5_Log,3metaldesc,lasso,0.31704143301023224,0.034801393123240154,0.2627400680315614,N/A,N/A
4,propionic_BoB_power_3_cutoff_2.5_Log,3metaldesc,elastic,0.29657865675755607,0.04283977809516331,0.24630694520293384,N/A,N/A
5,propionic_BoB_power_3_cutoff_2.5_Log,3metaldesc,gp,0.15668693381156643,0.03604339567004721,0.1812821081313967,0.4160990863460368,0.3250051224408359
