,case,subcase,algo,mean of MAEs,std of MAEs,SD of AEs,mean of Stds,std of Stds
0,propionic_BoB_power_3_cutoff_2.5_Sqrt,2metaldesc,svr,0.1736293378197443,0.03535697490316967,0.21748740497135916,N/A,N/A
1,propionic_BoB_power_3_cutoff_2.5_Sqrt,2metaldesc,krr,0.17002031632684314,0.024364621807245527,0.16179713031969353,N/A,N/A
2,propionic_BoB_power_3_cutoff_2.5_Sqrt,2metaldesc,ridge,0.30996878534204425,0.04791369932927505,0.2699652416443677,N/A,N/A
3,propionic_BoB_power_3_cutoff_2.5_Sqrt,2metaldesc,lasso,0.302716384905702,0.043976546477582125,0.268950674025821,N/A,N/A
4,propionic_BoB_power_3_cutoff_2.5_Sqrt,2metaldesc,elastic,0.309165471712881,0.04911942989802302,0.27461789632622047,N/A,N/A
5,propionic_BoB_power_3_cutoff_2.5_Sqrt,2metaldesc,gp,0.1845035472369967,0.03483067663651197,0.18819413938469048,0.29367517745362387,0.28688982645575356
