,case,subcase,algo,mean of MAEs,std of MAEs,SD of AEs,mean of Stds,std of Stds
0,propionic_CM_power_3_cutoff_4.5_Log,3metaldesc,svr,0.3172453541047821,0.06272249967001671,0.33105590705497084,N/A,N/A
1,propionic_CM_power_3_cutoff_4.5_Log,3metaldesc,krr,0.31769197713404534,0.0525116861363108,0.3088864728267888,N/A,N/A
2,propionic_CM_power_3_cutoff_4.5_Log,3metaldesc,ridge,0.39802276605560744,0.06025616639391685,0.35925035430016233,N/A,N/A
3,propionic_CM_power_3_cutoff_4.5_Log,3metaldesc,lasso,0.3754757933317505,0.05556124882898962,0.3255947470372609,N/A,N/A
4,propionic_CM_power_3_cutoff_4.5_Log,3metaldesc,elastic,0.3666292188782513,0.0440589885253298,0.3290109450624454,N/A,N/A
5,propionic_CM_power_3_cutoff_4.5_Log,3metaldesc,gp,0.33338396106603113,0.059368594828869525,0.35314724233121453,0.0503213661034459,0.054229749795390234
