,case,subcase,algo,mean of MAEs,std of MAEs,SD of AEs,mean of Stds,std of Stds
0,propionic_BoB_power_5_cutoff_5.0_Log,3metaldesc,svr,0.14662807597101485,0.02890264159931892,0.1499568375662722,N/A,N/A
1,propionic_BoB_power_5_cutoff_5.0_Log,3metaldesc,krr,0.17748986890331814,0.034686606199036074,0.1940986657954976,N/A,N/A
2,propionic_BoB_power_5_cutoff_5.0_Log,3metaldesc,ridge,0.3306756123579481,0.04694106302480692,0.30087253798799246,N/A,N/A
3,propionic_BoB_power_5_cutoff_5.0_Log,3metaldesc,lasso,0.3110985335939738,0.041260792287833324,0.27420433384757753,N/A,N/A
4,propionic_BoB_power_5_cutoff_5.0_Log,3metaldesc,elastic,0.31122704478881624,0.04728807209736717,0.26995966691018136,N/A,N/A
5,propionic_BoB_power_5_cutoff_5.0_Log,3metaldesc,gp,0.14309185357342627,0.03696470504045668,0.15538541167123018,0.3817624917045797,0.31462860387052155
