,case,subcase,algo,mean of MAEs,std of MAEs,SD of AEs,mean of Stds,std of Stds
0,propionic_CM_power_2_cutoff_5.5_Sqrt,3metaldesc_fullbondcnt,svr,0.3662716371199555,0.06340500947599785,0.32871576403010183,N/A,N/A
1,propionic_CM_power_2_cutoff_5.5_Sqrt,3metaldesc_fullbondcnt,krr,0.37333392780259184,0.06572398220313229,0.34413631041830556,N/A,N/A
2,propionic_CM_power_2_cutoff_5.5_Sqrt,3metaldesc_fullbondcnt,ridge,0.32647351521183515,0.04642614885299405,0.28652493901101594,N/A,N/A
3,propionic_CM_power_2_cutoff_5.5_Sqrt,3metaldesc_fullbondcnt,lasso,0.32621614217515615,0.047968774641109914,0.2889889561589805,N/A,N/A
4,propionic_CM_power_2_cutoff_5.5_Sqrt,3metaldesc_fullbondcnt,elastic,0.3119618987654615,0.042392976913263394,0.2754507242486822,N/A,N/A
5,propionic_CM_power_2_cutoff_5.5_Sqrt,3metaldesc_fullbondcnt,gp,0.3685546706679596,0.05178499615897359,0.3215876076277535,0.1557085493275466,0.16439986515329094
