,case,subcase,algo,mean of MAEs,std of MAEs,SD of AEs,mean of Stds,std of Stds
0,propionic_CM_power_1_cutoff_4.5_Log,3metaldesc,svr,0.3983564334285038,0.060130928710153915,0.34637201648395116,N/A,N/A
1,propionic_CM_power_1_cutoff_4.5_Log,3metaldesc,krr,0.3609533261974303,0.0688905138155205,0.36434172749951327,N/A,N/A
2,propionic_CM_power_1_cutoff_4.5_Log,3metaldesc,ridge,0.4210649564838851,0.0505539845486393,0.3627456344734581,N/A,N/A
3,propionic_CM_power_1_cutoff_4.5_Log,3metaldesc,lasso,0.4099477304868577,0.06255940094383713,0.349036943808526,N/A,N/A
4,propionic_CM_power_1_cutoff_4.5_Log,3metaldesc,elastic,0.4001134030476483,0.05962972370773589,0.33606301514223463,N/A,N/A
5,propionic_CM_power_1_cutoff_4.5_Log,3metaldesc,gp,0.39481452440944437,0.058752385828267285,0.3436084191359364,0.058928636153285245,0.12888647107419748
