,case,subcase,algo,mean of MAEs,std of MAEs,SD of AEs,mean of Stds,std of Stds
0,propionic_CM_power_2_cutoff_5.0_Sqrt,2metaldesc_fullbondcnt,svr,0.36193062545072663,0.05836807011512383,0.33165898634345914,N/A,N/A
1,propionic_CM_power_2_cutoff_5.0_Sqrt,2metaldesc_fullbondcnt,krr,0.35563972674587996,0.059532860597501645,0.31663627740961753,N/A,N/A
2,propionic_CM_power_2_cutoff_5.0_Sqrt,2metaldesc_fullbondcnt,ridge,0.3127964601598622,0.051906162839352746,0.29897827964846696,N/A,N/A
3,propionic_CM_power_2_cutoff_5.0_Sqrt,2metaldesc_fullbondcnt,lasso,0.3212079127778216,0.04460599878808255,0.3219764322535599,N/A,N/A
4,propionic_CM_power_2_cutoff_5.0_Sqrt,2metaldesc_fullbondcnt,elastic,0.29985799119497863,0.03780115811515324,0.274796892216172,N/A,N/A
5,propionic_CM_power_2_cutoff_5.0_Sqrt,2metaldesc_fullbondcnt,gp,0.3541268578682387,0.05566724393854491,0.3249259524019743,0.22682167912720214,0.5494297673744958
