,case,subcase,algo,mean of MAEs,std of MAEs,SD of AEs,mean of Stds,std of Stds
0,propionic_CM_power_4_cutoff_3.5_Log,3metaldesc,svr,0.3213102932989903,0.057283839865229266,0.32537162514622586,N/A,N/A
1,propionic_CM_power_4_cutoff_3.5_Log,3metaldesc,krr,0.306883006185345,0.0438911098325775,0.3034125009964048,N/A,N/A
2,propionic_CM_power_4_cutoff_3.5_Log,3metaldesc,ridge,0.4143569199141411,0.04274026500798581,0.34515747989404666,N/A,N/A
3,propionic_CM_power_4_cutoff_3.5_Log,3metaldesc,lasso,0.3704530816836769,0.05632353709579111,0.3248827418050558,N/A,N/A
4,propionic_CM_power_4_cutoff_3.5_Log,3metaldesc,elastic,0.36419280850136765,0.05667829256542791,0.30025225619573476,N/A,N/A
5,propionic_CM_power_4_cutoff_3.5_Log,3metaldesc,gp,0.3102875919355975,0.06499864665024221,0.31887188789905957,0.04280722124515401,0.036837808059776524
