,case,subcase,algo,mean of MAEs,std of MAEs,SD of AEs,mean of Stds,std of Stds
0,propionic_BoB_power_3_cutoff_5.0_Sqrt,2metaldesc,svr,0.17112843098106773,0.030158667353837345,0.17285588560503998,N/A,N/A
1,propionic_BoB_power_3_cutoff_5.0_Sqrt,2metaldesc,krr,0.19103175189661825,0.022276802321683303,0.17602190739287293,N/A,N/A
2,propionic_BoB_power_3_cutoff_5.0_Sqrt,2metaldesc,ridge,0.29418902682499254,0.03924704306284432,0.26782465808198747,N/A,N/A
3,propionic_BoB_power_3_cutoff_5.0_Sqrt,2metaldesc,lasso,0.31140623970842607,0.04586043210161782,0.27169459506234533,N/A,N/A
4,propionic_BoB_power_3_cutoff_5.0_Sqrt,2metaldesc,elastic,0.3351997761692404,0.0588732493259575,0.29768653903570036,N/A,N/A
5,propionic_BoB_power_3_cutoff_5.0_Sqrt,2metaldesc,gp,0.17341353115602945,0.03421806283188556,0.18028101395173712,0.7815201803677884,0.4166886391847102
