,case,subcase,algo,mean of MAEs,std of MAEs,SD of AEs,mean of Stds,std of Stds
0,propionic_CM_power_2_cutoff_3.5_Sqrt,2metaldesc,svr,0.3974934953920017,0.07176104550587013,0.41440910465770175,N/A,N/A
1,propionic_CM_power_2_cutoff_3.5_Sqrt,2metaldesc,krr,0.39647565990587424,0.06214868717939955,0.34137928170248355,N/A,N/A
2,propionic_CM_power_2_cutoff_3.5_Sqrt,2metaldesc,ridge,0.42489898666593495,0.0649265927414679,0.3596602624771443,N/A,N/A
3,propionic_CM_power_2_cutoff_3.5_Sqrt,2metaldesc,lasso,0.42223600760017715,0.07139289078681255,0.35843322865800703,N/A,N/A
4,propionic_CM_power_2_cutoff_3.5_Sqrt,2metaldesc,elastic,0.3924166775220085,0.06993736782433216,0.36043134590645787,N/A,N/A
5,propionic_CM_power_2_cutoff_3.5_Sqrt,2metaldesc,gp,0.3998603942874864,0.06916392271022226,0.38865376105881416,0.6024349856843174,0.7188752929190833
