,case,subcase,algo,mean of MAEs,std of MAEs,SD of AEs,mean of Stds,std of Stds
0,propionic_BoB_power_4_cutoff_5.0_Sqrt,3metaldesc,svr,0.14600652146520324,0.025452805181456446,0.15832451980716064,N/A,N/A
1,propionic_BoB_power_4_cutoff_5.0_Sqrt,3metaldesc,krr,0.1498167209784793,0.025606179060363814,0.141238504029617,N/A,N/A
2,propionic_BoB_power_4_cutoff_5.0_Sqrt,3metaldesc,ridge,0.3144777249082837,0.03493965721210441,0.28231933252613656,N/A,N/A
3,propionic_BoB_power_4_cutoff_5.0_Sqrt,3metaldesc,lasso,0.3097160877204184,0.04021368621823354,0.27892590578655563,N/A,N/A
4,propionic_BoB_power_4_cutoff_5.0_Sqrt,3metaldesc,elastic,0.31838140387891956,0.04483742619331406,0.295131285779315,N/A,N/A
5,propionic_BoB_power_4_cutoff_5.0_Sqrt,3metaldesc,gp,0.13389720813568468,0.02736013471592291,0.1412471947403621,0.6653817326987624,0.3034530016969675
