,case,subcase,algo,mean of MAEs,std of MAEs,SD of AEs,mean of Stds,std of Stds
0,propionic_BoB_power_2_cutoff_4.5_Log,2metaldesc_fullbondcnt,svr,0.17494128913327384,0.027992469850859826,0.16428457472568184,N/A,N/A
1,propionic_BoB_power_2_cutoff_4.5_Log,2metaldesc_fullbondcnt,krr,0.19133711338610276,0.028732345828199127,0.1987631999544788,N/A,N/A
2,propionic_BoB_power_2_cutoff_4.5_Log,2metaldesc_fullbondcnt,ridge,0.3211277427424159,0.04244391249279765,0.28162365414524265,N/A,N/A
3,propionic_BoB_power_2_cutoff_4.5_Log,2metaldesc_fullbondcnt,lasso,0.31101036381424707,0.04233696757106729,0.26760803307034037,N/A,N/A
4,propionic_BoB_power_2_cutoff_4.5_Log,2metaldesc_fullbondcnt,elastic,0.3130692279680277,0.043898894005465386,0.2802615162486625,N/A,N/A
5,propionic_BoB_power_2_cutoff_4.5_Log,2metaldesc_fullbondcnt,gp,0.17318020530712047,0.03395214648988109,0.18254245873020636,0.6438644504176501,0.19857465527046736
