,case,subcase,algo,mean of MAEs,std of MAEs,SD of AEs,mean of Stds,std of Stds
0,propionic_CM_power_3_cutoff_2.5_Sqrt,3metaldesc,svr,0.3937661675460891,0.04483389486821732,0.4226321423073099,N/A,N/A
1,propionic_CM_power_3_cutoff_2.5_Sqrt,3metaldesc,krr,0.33411865687599407,0.07460434074760816,0.330326478919199,N/A,N/A
2,propionic_CM_power_3_cutoff_2.5_Sqrt,3metaldesc,ridge,0.3775141780435578,0.05501721384066444,0.3490946959014445,N/A,N/A
3,propionic_CM_power_3_cutoff_2.5_Sqrt,3metaldesc,lasso,0.3721018016413587,0.055988307179955926,0.326064400405038,N/A,N/A
4,propionic_CM_power_3_cutoff_2.5_Sqrt,3metaldesc,elastic,0.36786239824354894,0.040797949315172555,0.3307526975942725,N/A,N/A
5,propionic_CM_power_3_cutoff_2.5_Sqrt,3metaldesc,gp,0.3538715104729183,0.048513744532201065,0.34867005821029234,0.0359706859697921,0.021097364621300796
