,case,subcase,algo,mean of MAEs,std of MAEs,SD of AEs,mean of Stds,std of Stds
0,propionic_CM_power_1_cutoff_3.5_Log,3metaldesc,svr,0.40846745087846636,0.07343671395410466,0.42915167834190776,N/A,N/A
1,propionic_CM_power_1_cutoff_3.5_Log,3metaldesc,krr,0.36332484023704986,0.05793252788624436,0.3412312723459073,N/A,N/A
2,propionic_CM_power_1_cutoff_3.5_Log,3metaldesc,ridge,0.4537472354702271,0.045645271202630136,0.35290910768591893,N/A,N/A
3,propionic_CM_power_1_cutoff_3.5_Log,3metaldesc,lasso,0.45291409086859546,0.05871987237030699,0.36555193148217247,N/A,N/A
4,propionic_CM_power_1_cutoff_3.5_Log,3metaldesc,elastic,0.4549353895185269,0.07487367516355894,0.35064447298905044,N/A,N/A
5,propionic_CM_power_1_cutoff_3.5_Log,3metaldesc,gp,0.42454417854615706,0.06825829154830543,0.41296399712776266,0.1951897237202095,0.3126771768342395
