,case,subcase,algo,mean of MAEs,std of MAEs,SD of AEs,mean of Stds,std of Stds
0,propionic_BoB_power_2_cutoff_3.0_Log,3metaldesc,svr,0.1488121642045814,0.028523445662339473,0.1681137242237406,N/A,N/A
1,propionic_BoB_power_2_cutoff_3.0_Log,3metaldesc,krr,0.16034171886893053,0.031803081102423594,0.166464290954399,N/A,N/A
2,propionic_BoB_power_2_cutoff_3.0_Log,3metaldesc,ridge,0.32062778088595906,0.040260464578600864,0.2891796533388723,N/A,N/A
3,propionic_BoB_power_2_cutoff_3.0_Log,3metaldesc,lasso,0.31742059123858735,0.03513874742094315,0.2777696743188208,N/A,N/A
4,propionic_BoB_power_2_cutoff_3.0_Log,3metaldesc,elastic,0.32457197758018935,0.04548101897079069,0.2745661872631165,N/A,N/A
5,propionic_BoB_power_2_cutoff_3.0_Log,3metaldesc,gp,0.14782796569289883,0.04186117599730417,0.2781372066274082,0.7623423200876678,0.29021523019732115
