,case,subcase,algo,mean of MAEs,std of MAEs,SD of AEs,mean of Stds,std of Stds
0,propionic_BoB_power_1_cutoff_5.0_Sqrt,3metaldesc,svr,0.24543090132710726,0.03718668053572938,0.3102437983020865,N/A,N/A
1,propionic_BoB_power_1_cutoff_5.0_Sqrt,3metaldesc,krr,0.25365068744411323,0.05377206840022104,0.24787593734902233,N/A,N/A
2,propionic_BoB_power_1_cutoff_5.0_Sqrt,3metaldesc,ridge,0.32100404927736526,0.04998360957307929,0.25995935654302665,N/A,N/A
3,propionic_BoB_power_1_cutoff_5.0_Sqrt,3metaldesc,lasso,0.31433201691815693,0.04021747169408434,0.2543437650440752,N/A,N/A
4,propionic_BoB_power_1_cutoff_5.0_Sqrt,3metaldesc,elastic,0.3051225770972229,0.03243085615048293,0.25610638338687336,N/A,N/A
5,propionic_BoB_power_1_cutoff_5.0_Sqrt,3metaldesc,gp,0.1899872651323048,0.021091849289794386,0.20066617892810815,0.40616935443883817,0.24667674573022194
