,case,subcase,algo,mean of MAEs,std of MAEs,SD of AEs,mean of Stds,std of Stds
0,propionic_BoB_power_3_cutoff_3.5_Log,3metaldesc,svr,0.14402188901655777,0.020689124090742608,0.15983392316021328,N/A,N/A
1,propionic_BoB_power_3_cutoff_3.5_Log,3metaldesc,krr,0.15082723848743892,0.033401849413588015,0.1787298934676273,N/A,N/A
2,propionic_BoB_power_3_cutoff_3.5_Log,3metaldesc,ridge,0.306337104988632,0.035884668703129154,0.2788791223539415,N/A,N/A
3,propionic_BoB_power_3_cutoff_3.5_Log,3metaldesc,lasso,0.30244581648161245,0.046191205503945065,0.26487928249549686,N/A,N/A
4,propionic_BoB_power_3_cutoff_3.5_Log,3metaldesc,elastic,0.319153329236436,0.05044223504252104,0.2802351183938508,N/A,N/A
5,propionic_BoB_power_3_cutoff_3.5_Log,3metaldesc,gp,0.1437534554838038,0.028443722632163278,0.15454563939258334,0.6162822546373876,0.2835476335382734
