,case,subcase,algo,mean of MAEs,std of MAEs,SD of AEs,mean of Stds,std of Stds
0,propionic_BoB_power_4_cutoff_4.0_Log,3metaldesc,svr,0.15133619798684292,0.020199835536319787,0.15742964282235158,N/A,N/A
1,propionic_BoB_power_4_cutoff_4.0_Log,3metaldesc,krr,0.15033119655218136,0.022848588602261393,0.14899402757786936,N/A,N/A
2,propionic_BoB_power_4_cutoff_4.0_Log,3metaldesc,ridge,0.30388529435400763,0.04957066115614252,0.2786149102108058,N/A,N/A
3,propionic_BoB_power_4_cutoff_4.0_Log,3metaldesc,lasso,0.3056449649561824,0.03737607112351087,0.28232256146466334,N/A,N/A
4,propionic_BoB_power_4_cutoff_4.0_Log,3metaldesc,elastic,0.2984655842744796,0.042968060581419235,0.2509431917259858,N/A,N/A
5,propionic_BoB_power_4_cutoff_4.0_Log,3metaldesc,gp,0.13751742051646013,0.03147508010486254,0.15676806211651792,0.45197678083778425,0.30228026121914053
