,case,subcase,algo,mean of MAEs,std of MAEs,SD of AEs,mean of Stds,std of Stds
0,propionic_BoB_power_4_cutoff_5.5_Sqrt,2metaldesc,svr,0.16867540679691448,0.030938934239957416,0.20924800512534888,N/A,N/A
1,propionic_BoB_power_4_cutoff_5.5_Sqrt,2metaldesc,krr,0.16598945349920197,0.034081937139557546,0.18594577617141164,N/A,N/A
2,propionic_BoB_power_4_cutoff_5.5_Sqrt,2metaldesc,ridge,0.3113968666230971,0.03215947555728763,0.2897778347434234,N/A,N/A
3,propionic_BoB_power_4_cutoff_5.5_Sqrt,2metaldesc,lasso,0.3111790107535036,0.036989486942895354,0.2856634335771617,N/A,N/A
4,propionic_BoB_power_4_cutoff_5.5_Sqrt,2metaldesc,elastic,0.30336651185780444,0.05034413213408221,0.27702845754585764,N/A,N/A
5,propionic_BoB_power_4_cutoff_5.5_Sqrt,2metaldesc,gp,0.16570636551919507,0.03169593526047193,0.17895916196955788,0.5111085586403972,0.3125828805208511
