,case,subcase,algo,mean of MAEs,std of MAEs,SD of AEs,mean of Stds,std of Stds
0,propionic_BoB_power_3_cutoff_3.0_Sqrt,3metaldesc,svr,0.14706863313742,0.03404307567557087,0.16738950460200358,N/A,N/A
1,propionic_BoB_power_3_cutoff_3.0_Sqrt,3metaldesc,krr,0.17653056452779198,0.03887988600819846,0.19082263416147227,N/A,N/A
2,propionic_BoB_power_3_cutoff_3.0_Sqrt,3metaldesc,ridge,0.31505073197679656,0.04595331274461041,0.27204911917748176,N/A,N/A
3,propionic_BoB_power_3_cutoff_3.0_Sqrt,3metaldesc,lasso,0.31439068492943173,0.0531383764950454,0.27350697542490443,N/A,N/A
4,propionic_BoB_power_3_cutoff_3.0_Sqrt,3metaldesc,elastic,0.31873215984772063,0.04734623978582226,0.2884538626125616,N/A,N/A
5,propionic_BoB_power_3_cutoff_3.0_Sqrt,3metaldesc,gp,0.14623673611067123,0.031444754439938064,0.20435010257569974,0.6697079985086831,0.3501302586759416
