,case,subcase,algo,mean of MAEs,std of MAEs,SD of AEs,mean of Stds,std of Stds
0,propionic_BoB_power_3_cutoff_5.5_Log,3metaldesc_metalbondcnt,svr,0.1371532674683946,0.02269659729591289,0.13081801227176829,N/A,N/A
1,propionic_BoB_power_3_cutoff_5.5_Log,3metaldesc_metalbondcnt,krr,0.15218926498895083,0.03290247558689043,0.15200011839326003,N/A,N/A
2,propionic_BoB_power_3_cutoff_5.5_Log,3metaldesc_metalbondcnt,ridge,0.3285692703768985,0.04277244566976073,0.293224225997663,N/A,N/A
3,propionic_BoB_power_3_cutoff_5.5_Log,3metaldesc_metalbondcnt,lasso,0.31357792631511794,0.038094505941017036,0.2820665562137893,N/A,N/A
4,propionic_BoB_power_3_cutoff_5.5_Log,3metaldesc_metalbondcnt,elastic,0.31850080708002976,0.04399130843505953,0.2699555951672647,N/A,N/A
5,propionic_BoB_power_3_cutoff_5.5_Log,3metaldesc_metalbondcnt,gp,0.13398368439110703,0.025206891006520286,0.13310429079884312,0.5436663118799218,0.3341723507874753
