,case,subcase,algo,mean of MAEs,std of MAEs,SD of AEs,mean of Stds,std of Stds
0,propionic_BoB_power_5_cutoff_4.5_Sqrt,3metaldesc,svr,0.14869844493037648,0.029109564160139142,0.1649747110361784,N/A,N/A
1,propionic_BoB_power_5_cutoff_4.5_Sqrt,3metaldesc,krr,0.14712721038822113,0.033476659178559985,0.17147559456705092,N/A,N/A
2,propionic_BoB_power_5_cutoff_4.5_Sqrt,3metaldesc,ridge,0.3084207973442401,0.03508372110914685,0.27653466676223376,N/A,N/A
3,propionic_BoB_power_5_cutoff_4.5_Sqrt,3metaldesc,lasso,0.3065219760076584,0.03952442328813961,0.28255925057323455,N/A,N/A
4,propionic_BoB_power_5_cutoff_4.5_Sqrt,3metaldesc,elastic,0.3093114258098211,0.05154876528904365,0.29337301413672073,N/A,N/A
5,propionic_BoB_power_5_cutoff_4.5_Sqrt,3metaldesc,gp,0.14708599708795372,0.03946342179285866,0.18161450068590845,0.5443340401835323,0.2426399916922401
