,case,subcase,algo,mean of MAEs,std of MAEs,SD of AEs,mean of Stds,std of Stds
0,propionic_BoB_power_1_cutoff_5.5_Log,3metaldesc_fullbondcnt,svr,0.16724053092577196,0.026560430407601872,0.16447713241611303,N/A,N/A
1,propionic_BoB_power_1_cutoff_5.5_Log,3metaldesc_fullbondcnt,krr,0.21828671408547462,0.041432646650103926,0.21404006169646414,N/A,N/A
2,propionic_BoB_power_1_cutoff_5.5_Log,3metaldesc_fullbondcnt,ridge,0.30555831714983034,0.03969052113670096,0.2657280241599024,N/A,N/A
3,propionic_BoB_power_1_cutoff_5.5_Log,3metaldesc_fullbondcnt,lasso,0.3141477262182629,0.04553934523633051,0.26251162550484264,N/A,N/A
4,propionic_BoB_power_1_cutoff_5.5_Log,3metaldesc_fullbondcnt,elastic,0.2966666334588481,0.04969070013215641,0.261920871809806,N/A,N/A
5,propionic_BoB_power_1_cutoff_5.5_Log,3metaldesc_fullbondcnt,gp,0.18736642546025134,0.03252289956168497,0.2061817038847,0.6450987766108048,0.6245323519010852
