,case,subcase,algo,mean of MAEs,std of MAEs,SD of AEs,mean of Stds,std of Stds
0,propionic_BoB_power_5_cutoff_4.0_Log,2metaldesc_metalbondcnt,svr,0.16846357252043057,0.05794664945564601,0.2587630708501502,N/A,N/A
1,propionic_BoB_power_5_cutoff_4.0_Log,2metaldesc_metalbondcnt,krr,0.15071984198786767,0.026607224618019072,0.15527873502510764,N/A,N/A
2,propionic_BoB_power_5_cutoff_4.0_Log,2metaldesc_metalbondcnt,ridge,0.29615708638069266,0.03477954098086887,0.26068731721631866,N/A,N/A
3,propionic_BoB_power_5_cutoff_4.0_Log,2metaldesc_metalbondcnt,lasso,0.3045406305442836,0.038032316909532314,0.258730714937211,N/A,N/A
4,propionic_BoB_power_5_cutoff_4.0_Log,2metaldesc_metalbondcnt,elastic,0.29855770534570086,0.04707664582700994,0.25567089890671624,N/A,N/A
5,propionic_BoB_power_5_cutoff_4.0_Log,2metaldesc_metalbondcnt,gp,0.14482626010875804,0.026555473299540024,0.16029321881017947,0.36772479516125683,0.28198973017068685
