,case,subcase,algo,mean of MAEs,std of MAEs,SD of AEs,mean of Stds,std of Stds
0,propionic_BoB_power_3_cutoff_5.5_Log,3metaldesc,svr,0.14438865524863786,0.030423808158897506,0.14418682741865965,N/A,N/A
1,propionic_BoB_power_3_cutoff_5.5_Log,3metaldesc,krr,0.15700710142706575,0.026590528733921953,0.15408531311158596,N/A,N/A
2,propionic_BoB_power_3_cutoff_5.5_Log,3metaldesc,ridge,0.32761432085236875,0.04589157684273155,0.29596841895422815,N/A,N/A
3,propionic_BoB_power_3_cutoff_5.5_Log,3metaldesc,lasso,0.3008687539839696,0.04684851379071106,0.2555054850105971,N/A,N/A
4,propionic_BoB_power_3_cutoff_5.5_Log,3metaldesc,elastic,0.3248900204475957,0.0491450411205497,0.2946471116171628,N/A,N/A
5,propionic_BoB_power_3_cutoff_5.5_Log,3metaldesc,gp,0.13547727667305043,0.023872151464825735,0.1361442245845733,0.6008923741871657,0.2563427732036091
