,case,subcase,algo,mean of MAEs,std of MAEs,SD of AEs,mean of Stds,std of Stds
0,propionic_BoB_power_1_cutoff_4.5_Log,2metaldesc,svr,0.18202214315227289,0.027240737675601537,0.18834366494818347,N/A,N/A
1,propionic_BoB_power_1_cutoff_4.5_Log,2metaldesc,krr,0.2062171595589327,0.03817932560381287,0.20039093294861965,N/A,N/A
2,propionic_BoB_power_1_cutoff_4.5_Log,2metaldesc,ridge,0.29577491742492484,0.03414159230328667,0.26381718863509646,N/A,N/A
3,propionic_BoB_power_1_cutoff_4.5_Log,2metaldesc,lasso,0.30584132882725573,0.044196735713330194,0.26154826120945796,N/A,N/A
4,propionic_BoB_power_1_cutoff_4.5_Log,2metaldesc,elastic,0.31614461386714343,0.037670238509903746,0.276561801779192,N/A,N/A
5,propionic_BoB_power_1_cutoff_4.5_Log,2metaldesc,gp,0.21183632350081497,0.0461508256472372,0.24550370181103545,0.8517120656593012,0.5656452425713122
