,case,subcase,algo,mean of MAEs,std of MAEs,SD of AEs,mean of Stds,std of Stds
0,propionic_CM_power_5_cutoff_3.0_Log,2metaldesc_metalbondcnt,svr,0.3434847089215557,0.058604838683793445,0.34849264215918674,N/A,N/A
1,propionic_CM_power_5_cutoff_3.0_Log,2metaldesc_metalbondcnt,krr,0.2975751011039168,0.041707651703291444,0.27804190768154013,N/A,N/A
2,propionic_CM_power_5_cutoff_3.0_Log,2metaldesc_metalbondcnt,ridge,0.3476131621324343,0.03291614131199189,0.2932635700868786,N/A,N/A
3,propionic_CM_power_5_cutoff_3.0_Log,2metaldesc_metalbondcnt,lasso,0.3506356717848418,0.03826659186193491,0.30881982743796416,N/A,N/A
4,propionic_CM_power_5_cutoff_3.0_Log,2metaldesc_metalbondcnt,elastic,0.3633471769192906,0.05164875511566333,0.2893209540192108,N/A,N/A
5,propionic_CM_power_5_cutoff_3.0_Log,2metaldesc_metalbondcnt,gp,0.2892802117687432,0.049621992793445154,0.29980889178493847,0.01318763153255823,0.004803233191181406
