,case,subcase,algo,mean of MAEs,std of MAEs,SD of AEs,mean of Stds,std of Stds
0,propionic_BoB_power_3_cutoff_5.5_Sqrt,3metaldesc,svr,0.14834763277479301,0.02352599051512397,0.1468810586688702,N/A,N/A
1,propionic_BoB_power_3_cutoff_5.5_Sqrt,3metaldesc,krr,0.1695624625392148,0.02972155309651223,0.15653087565890358,N/A,N/A
2,propionic_BoB_power_3_cutoff_5.5_Sqrt,3metaldesc,ridge,0.3114358219157099,0.054812919181618985,0.2926013164075873,N/A,N/A
3,propionic_BoB_power_3_cutoff_5.5_Sqrt,3metaldesc,lasso,0.3022187730729493,0.041322802244998215,0.2656240285789309,N/A,N/A
4,propionic_BoB_power_3_cutoff_5.5_Sqrt,3metaldesc,elastic,0.3205655851232146,0.044782912599293956,0.27983517273236247,N/A,N/A
5,propionic_BoB_power_3_cutoff_5.5_Sqrt,3metaldesc,gp,0.14510459891252908,0.02510951258966322,0.14301805277371593,0.6776153335335539,0.45195231045691203
