,case,subcase,algo,mean of MAEs,std of MAEs,SD of AEs,mean of Stds,std of Stds
0,propionic_CM_power_5_cutoff_4.0_Log,3metaldesc,svr,0.32731189842501185,0.06794238295409137,0.3414116326583085,N/A,N/A
1,propionic_CM_power_5_cutoff_4.0_Log,3metaldesc,krr,0.31273726174385996,0.05600151294711976,0.3265732744408405,N/A,N/A
2,propionic_CM_power_5_cutoff_4.0_Log,3metaldesc,ridge,0.38155233985781273,0.04532530473225238,0.3083096674315836,N/A,N/A
3,propionic_CM_power_5_cutoff_4.0_Log,3metaldesc,lasso,0.37012428482737625,0.047675624845307234,0.3063309347340491,N/A,N/A
4,propionic_CM_power_5_cutoff_4.0_Log,3metaldesc,elastic,0.39816932491023693,0.04937435225141068,0.32529879106506343,N/A,N/A
5,propionic_CM_power_5_cutoff_4.0_Log,3metaldesc,gp,0.30999232031902396,0.039203760418679734,0.3211985203275373,0.04343331306854452,0.03803764704299683
