,case,subcase,algo,mean of MAEs,std of MAEs,SD of AEs,mean of Stds,std of Stds
0,propionic_CM_power_5_cutoff_4.5_Sqrt,2metaldesc,svr,0.38774280839480446,0.0838917021249626,0.4073353171437277,N/A,N/A
1,propionic_CM_power_5_cutoff_4.5_Sqrt,2metaldesc,krr,0.38259436951924186,0.05406712613688512,0.38796895246393376,N/A,N/A
2,propionic_CM_power_5_cutoff_4.5_Sqrt,2metaldesc,ridge,0.3876818791923155,0.05217320205863991,0.3095028830317807,N/A,N/A
3,propionic_CM_power_5_cutoff_4.5_Sqrt,2metaldesc,lasso,0.3771228831840871,0.04420246609194665,0.3073491413965105,N/A,N/A
4,propionic_CM_power_5_cutoff_4.5_Sqrt,2metaldesc,elastic,0.37762945673092796,0.04985528995645371,0.312831222344247,N/A,N/A
5,propionic_CM_power_5_cutoff_4.5_Sqrt,2metaldesc,gp,0.36551212107704645,0.04597902550177968,0.3357768958808364,0.045892461102404,0.0368626539744751
