,case,subcase,algo,mean of MAEs,std of MAEs,SD of AEs,mean of Stds,std of Stds
0,propionic_CM_power_3_cutoff_2.5_Log,3metaldesc,svr,0.32661534760723937,0.06124845093257155,0.3154907959351602,N/A,N/A
1,propionic_CM_power_3_cutoff_2.5_Log,3metaldesc,krr,0.2910707228652755,0.03809835771481588,0.29201243333004234,N/A,N/A
2,propionic_CM_power_3_cutoff_2.5_Log,3metaldesc,ridge,0.36266064486944366,0.05455477560623815,0.3116155386125998,N/A,N/A
3,propionic_CM_power_3_cutoff_2.5_Log,3metaldesc,lasso,0.38108846815291003,0.043767801853459846,0.33031238461804924,N/A,N/A
4,propionic_CM_power_3_cutoff_2.5_Log,3metaldesc,elastic,0.374607304241487,0.042172803311691175,0.32055094871227824,N/A,N/A
5,propionic_CM_power_3_cutoff_2.5_Log,3metaldesc,gp,0.3193973012077733,0.05576076291676916,0.310255330497896,0.027192726679998662,0.02378673972623275
