,case,subcase,algo,mean of MAEs,std of MAEs,SD of AEs,mean of Stds,std of Stds
0,propionic_CM_power_3_cutoff_4.0_Sqrt,2metaldesc,svr,0.3748501788538981,0.04646019783690317,0.3599391785812462,N/A,N/A
1,propionic_CM_power_3_cutoff_4.0_Sqrt,2metaldesc,krr,0.3847796625401291,0.06581539338691496,0.33197796634113547,N/A,N/A
2,propionic_CM_power_3_cutoff_4.0_Sqrt,2metaldesc,ridge,0.39318148477311676,0.047913531979065345,0.35790773351305527,N/A,N/A
3,propionic_CM_power_3_cutoff_4.0_Sqrt,2metaldesc,lasso,0.38635292421887263,0.057171681286788525,0.3579791438571436,N/A,N/A
4,propionic_CM_power_3_cutoff_4.0_Sqrt,2metaldesc,elastic,0.35610817284555857,0.055881722526861605,0.3383222206537975,N/A,N/A
5,propionic_CM_power_3_cutoff_4.0_Sqrt,2metaldesc,gp,0.38673426684844964,0.06666187984217992,0.35505195163679365,0.20310624917191325,0.6410518153320307
