,case,subcase,algo,mean of MAEs,std of MAEs,SD of AEs,mean of Stds,std of Stds
0,propionic_CM_power_2_cutoff_4.5_Sqrt,3metaldesc,svr,0.4084753505095337,0.0674767976709615,0.3931936303163763,N/A,N/A
1,propionic_CM_power_2_cutoff_4.5_Sqrt,3metaldesc,krr,0.39257470243725856,0.049092137075234195,0.3449569378744396,N/A,N/A
2,propionic_CM_power_2_cutoff_4.5_Sqrt,3metaldesc,ridge,0.4564961062061725,0.06317835974101611,0.42419547696577625,N/A,N/A
3,propionic_CM_power_2_cutoff_4.5_Sqrt,3metaldesc,lasso,0.4615204754225513,0.05381904476007176,0.42271137910592316,N/A,N/A
4,propionic_CM_power_2_cutoff_4.5_Sqrt,3metaldesc,elastic,0.43283954242924616,0.06623957515723906,0.39274932402916257,N/A,N/A
5,propionic_CM_power_2_cutoff_4.5_Sqrt,3metaldesc,gp,0.41845805374372635,0.06449700165647705,0.40359467928111564,0.4134347560992997,0.6360786453724129
