,case,subcase,algo,mean of MAEs,std of MAEs,SD of AEs,mean of Stds,std of Stds
0,propionic_BoB_power_1_cutoff_3.5_Log,2metaldesc,svr,0.1632901959925806,0.031102994404128476,0.18267542852843574,N/A,N/A
1,propionic_BoB_power_1_cutoff_3.5_Log,2metaldesc,krr,0.17769356945212322,0.04060714598146376,0.1854927179885646,N/A,N/A
2,propionic_BoB_power_1_cutoff_3.5_Log,2metaldesc,ridge,0.29490446998729397,0.03559654701930107,0.2557271950898793,N/A,N/A
3,propionic_BoB_power_1_cutoff_3.5_Log,2metaldesc,lasso,0.29725148511326155,0.028349041324257633,0.24166110106803781,N/A,N/A
4,propionic_BoB_power_1_cutoff_3.5_Log,2metaldesc,elastic,0.28529005128524443,0.03724942996023029,0.24782249035346224,N/A,N/A
5,propionic_BoB_power_1_cutoff_3.5_Log,2metaldesc,gp,0.17791459666949122,0.03331987957138182,0.2521836180651219,0.7343913452809833,0.3480667299527993
