,case,subcase,algo,mean of MAEs,std of MAEs,SD of AEs,mean of Stds,std of Stds
0,propionic_BoB_power_2_cutoff_6.0_Sqrt,3metaldesc,svr,0.16840242156688998,0.028447710028595016,0.17962041654989436,N/A,N/A
1,propionic_BoB_power_2_cutoff_6.0_Sqrt,3metaldesc,krr,0.21238238327029563,0.034255348368462286,0.1973477048507711,N/A,N/A
2,propionic_BoB_power_2_cutoff_6.0_Sqrt,3metaldesc,ridge,0.31478889136853694,0.04038963774958921,0.2532426194759832,N/A,N/A
3,propionic_BoB_power_2_cutoff_6.0_Sqrt,3metaldesc,lasso,0.30857819270032283,0.04557300507234397,0.27336687160202017,N/A,N/A
4,propionic_BoB_power_2_cutoff_6.0_Sqrt,3metaldesc,elastic,0.3085388342833791,0.040428962076478545,0.26514564824245573,N/A,N/A
5,propionic_BoB_power_2_cutoff_6.0_Sqrt,3metaldesc,gp,0.18180017174643,0.02554044847543866,0.17469860784157265,0.29546384866755665,0.12422500583548127
