,case,subcase,algo,mean of MAEs,std of MAEs,SD of AEs,mean of Stds,std of Stds
0,propionic_BoB_power_5_cutoff_4.5_Sqrt,2metaldesc_metalbondcnt,svr,0.15984263551037434,0.038040951106367474,0.25021679752107606,N/A,N/A
1,propionic_BoB_power_5_cutoff_4.5_Sqrt,2metaldesc_metalbondcnt,krr,0.1441677489695169,0.026685573016056636,0.15043476403349842,N/A,N/A
2,propionic_BoB_power_5_cutoff_4.5_Sqrt,2metaldesc_metalbondcnt,ridge,0.3125978692427904,0.039642388710211564,0.27978253283364424,N/A,N/A
3,propionic_BoB_power_5_cutoff_4.5_Sqrt,2metaldesc_metalbondcnt,lasso,0.3124345174068117,0.033572156816846804,0.28498333093121253,N/A,N/A
4,propionic_BoB_power_5_cutoff_4.5_Sqrt,2metaldesc_metalbondcnt,elastic,0.2986499815628084,0.041762970724319004,0.2584003462880413,N/A,N/A
5,propionic_BoB_power_5_cutoff_4.5_Sqrt,2metaldesc_metalbondcnt,gp,0.15644737789154758,0.02861346798555438,0.19253799431542587,0.32581899468300873,0.2813371714042513
