,case,subcase,algo,mean of MAEs,std of MAEs,SD of AEs,mean of Stds,std of Stds
0,propionic_BoB_power_4_cutoff_3.0_Sqrt,3metaldesc,svr,0.15012624071017558,0.03723109974747492,0.16799299086805394,N/A,N/A
1,propionic_BoB_power_4_cutoff_3.0_Sqrt,3metaldesc,krr,0.15807647650358622,0.039856190254839136,0.18921958606940106,N/A,N/A
2,propionic_BoB_power_4_cutoff_3.0_Sqrt,3metaldesc,ridge,0.3026390547503307,0.039235178752199486,0.2642506502543831,N/A,N/A
3,propionic_BoB_power_4_cutoff_3.0_Sqrt,3metaldesc,lasso,0.309374675470235,0.03926790117127378,0.26698923423998366,N/A,N/A
4,propionic_BoB_power_4_cutoff_3.0_Sqrt,3metaldesc,elastic,0.29885604245247455,0.043435624612070546,0.2694307376084945,N/A,N/A
5,propionic_BoB_power_4_cutoff_3.0_Sqrt,3metaldesc,gp,0.14106519501606155,0.036063330056088874,0.17297321170041324,0.48307635027430346,0.28066237882490913
