,case,subcase,algo,mean of MAEs,std of MAEs,SD of AEs,mean of Stds,std of Stds
0,propionic_CM_power_3_cutoff_2.5_Log,2metaldesc_metalbondcnt,svr,0.3306672351261414,0.05928868350962844,0.33898907099549536,N/A,N/A
1,propionic_CM_power_3_cutoff_2.5_Log,2metaldesc_metalbondcnt,krr,0.287064141339846,0.048942757016484095,0.27868231550587313,N/A,N/A
2,propionic_CM_power_3_cutoff_2.5_Log,2metaldesc_metalbondcnt,ridge,0.3766847690033053,0.05286507944165467,0.31783250579904637,N/A,N/A
3,propionic_CM_power_3_cutoff_2.5_Log,2metaldesc_metalbondcnt,lasso,0.3611580435968776,0.035460529004349116,0.3028706672556496,N/A,N/A
4,propionic_CM_power_3_cutoff_2.5_Log,2metaldesc_metalbondcnt,elastic,0.38034413697896796,0.04321311509573049,0.30790527726758704,N/A,N/A
5,propionic_CM_power_3_cutoff_2.5_Log,2metaldesc_metalbondcnt,gp,0.2807289206463922,0.03974945743207388,0.2651269183005905,0.026818934089277987,0.0124199501038599
