,case,subcase,algo,mean of MAEs,std of MAEs,SD of AEs,mean of Stds,std of Stds
0,propionic_BoB_power_2_cutoff_4.5_Sqrt,2metaldesc,svr,0.20406075984757574,0.039921002028860446,0.2377898673987547,N/A,N/A
1,propionic_BoB_power_2_cutoff_4.5_Sqrt,2metaldesc,krr,0.20696671360331473,0.030265140940074965,0.19210434731838608,N/A,N/A
2,propionic_BoB_power_2_cutoff_4.5_Sqrt,2metaldesc,ridge,0.3127915879572369,0.04948069580733453,0.28022729571500266,N/A,N/A
3,propionic_BoB_power_2_cutoff_4.5_Sqrt,2metaldesc,lasso,0.3053923428468472,0.04060654425079227,0.2659978326382957,N/A,N/A
4,propionic_BoB_power_2_cutoff_4.5_Sqrt,2metaldesc,elastic,0.32078195884395505,0.04762458283227608,0.2971073429956005,N/A,N/A
5,propionic_BoB_power_2_cutoff_4.5_Sqrt,2metaldesc,gp,0.21743249974542633,0.03723886764458327,0.28638443607472686,0.7005753926987195,0.7547207376696127
