,case,subcase,algo,mean of MAEs,std of MAEs,SD of AEs,mean of Stds,std of Stds
0,propionic_BoB_power_5_cutoff_3.5_Log,2metaldesc,svr,0.16523358782559464,0.03684564348707217,0.20598091873344432,N/A,N/A
1,propionic_BoB_power_5_cutoff_3.5_Log,2metaldesc,krr,0.15074325610702088,0.027466559085724106,0.13308072167520307,N/A,N/A
2,propionic_BoB_power_5_cutoff_3.5_Log,2metaldesc,ridge,0.31815478962393157,0.038822378044717165,0.2718793513012141,N/A,N/A
3,propionic_BoB_power_5_cutoff_3.5_Log,2metaldesc,lasso,0.3077834753448218,0.04051580833433018,0.2803545059578596,N/A,N/A
4,propionic_BoB_power_5_cutoff_3.5_Log,2metaldesc,elastic,0.30407384278608307,0.05595979918713166,0.28011964819856766,N/A,N/A
5,propionic_BoB_power_5_cutoff_3.5_Log,2metaldesc,gp,0.14869372203704243,0.024727048443124847,0.1523359281611821,0.312465131625041,0.28412119115419465
