,case,subcase,algo,mean of MAEs,std of MAEs,SD of AEs,mean of Stds,std of Stds
0,propionic_CM_power_2_cutoff_6.0_Log,3metaldesc,svr,0.3643815448491434,0.060482289266806065,0.3446766798500248,N/A,N/A
1,propionic_CM_power_2_cutoff_6.0_Log,3metaldesc,krr,0.30581554959706325,0.052658827691447155,0.3077505948581717,N/A,N/A
2,propionic_CM_power_2_cutoff_6.0_Log,3metaldesc,ridge,0.39519093378649567,0.05546935853130795,0.36227888872898834,N/A,N/A
3,propionic_CM_power_2_cutoff_6.0_Log,3metaldesc,lasso,0.39058671557359587,0.04644298071673549,0.3632810231178702,N/A,N/A
4,propionic_CM_power_2_cutoff_6.0_Log,3metaldesc,elastic,0.38594987910719963,0.06590592903367683,0.35700184553741826,N/A,N/A
5,propionic_CM_power_2_cutoff_6.0_Log,3metaldesc,gp,0.33836339655374864,0.05391056369638498,0.3217077346451414,0.22240999550127344,0.1908768351969922
