,case,subcase,algo,mean of MAEs,std of MAEs,SD of AEs,mean of Stds,std of Stds
0,propionic_BoB_power_5_cutoff_3.0_Log,2metaldesc,svr,0.16721777222392242,0.03462135780462432,0.19456640101872094,N/A,N/A
1,propionic_BoB_power_5_cutoff_3.0_Log,2metaldesc,krr,0.1526963981400461,0.036217698845873274,0.1753867896828849,N/A,N/A
2,propionic_BoB_power_5_cutoff_3.0_Log,2metaldesc,ridge,0.31314341787191,0.0386382002341005,0.2807318931189913,N/A,N/A
3,propionic_BoB_power_5_cutoff_3.0_Log,2metaldesc,lasso,0.31724103203904536,0.043724173953374156,0.2835761679454575,N/A,N/A
4,propionic_BoB_power_5_cutoff_3.0_Log,2metaldesc,elastic,0.30371263944675964,0.04495571019468363,0.26421456513087077,N/A,N/A
5,propionic_BoB_power_5_cutoff_3.0_Log,2metaldesc,gp,0.16689929824084115,0.037141747582537396,0.19785742093289746,0.35912841231690273,0.24518203976210867
