,case,subcase,algo,mean of MAEs,std of MAEs,SD of AEs,mean of Stds,std of Stds
0,propionic_BoB_power_3_cutoff_3.0_Log,2metaldesc,svr,0.15923980221760756,0.025843394904561782,0.16967782744922247,N/A,N/A
1,propionic_BoB_power_3_cutoff_3.0_Log,2metaldesc,krr,0.1832634002098614,0.034006659199184205,0.18513809274555493,N/A,N/A
2,propionic_BoB_power_3_cutoff_3.0_Log,2metaldesc,ridge,0.3095939341595365,0.052380037975202395,0.27366663753489534,N/A,N/A
3,propionic_BoB_power_3_cutoff_3.0_Log,2metaldesc,lasso,0.31214122987409987,0.03228577202399358,0.2669906574477365,N/A,N/A
4,propionic_BoB_power_3_cutoff_3.0_Log,2metaldesc,elastic,0.30404172668334106,0.03510132411153645,0.2586714440408687,N/A,N/A
5,propionic_BoB_power_3_cutoff_3.0_Log,2metaldesc,gp,0.16958225786695633,0.037924359289773085,0.18347796113180756,0.3532695023896569,0.24936711445203344
