,case,subcase,algo,mean of MAEs,std of MAEs,SD of AEs,mean of Stds,std of Stds
0,propionic_BoB_power_1_cutoff_5.5_Log,3metaldesc,svr,0.16315098056639876,0.025895880759934205,0.15485226212725106,N/A,N/A
1,propionic_BoB_power_1_cutoff_5.5_Log,3metaldesc,krr,0.22764323611885953,0.03855466921570844,0.23527636345650796,N/A,N/A
2,propionic_BoB_power_1_cutoff_5.5_Log,3metaldesc,ridge,0.3011978970317438,0.036025705481255554,0.2580152873401555,N/A,N/A
3,propionic_BoB_power_1_cutoff_5.5_Log,3metaldesc,lasso,0.29306162792451723,0.03803369535323255,0.2561883751203386,N/A,N/A
4,propionic_BoB_power_1_cutoff_5.5_Log,3metaldesc,elastic,0.3236621694698087,0.03881903796801195,0.2771276217987823,N/A,N/A
5,propionic_BoB_power_1_cutoff_5.5_Log,3metaldesc,gp,0.18863397380353192,0.03765740288281792,0.21963246145389675,0.5338399961693319,0.4596376864825963
