,case,subcase,algo,mean of MAEs,std of MAEs,SD of AEs,mean of Stds,std of Stds
0,propionic_BoB_power_2_cutoff_4.5_Log,2metaldesc,svr,0.1742444161868189,0.02355670011296998,0.16799186216545767,N/A,N/A
1,propionic_BoB_power_2_cutoff_4.5_Log,2metaldesc,krr,0.19555795564795023,0.028240005677316462,0.19351590394767626,N/A,N/A
2,propionic_BoB_power_2_cutoff_4.5_Log,2metaldesc,ridge,0.30333439711433485,0.04603920450317279,0.26705204678279093,N/A,N/A
3,propionic_BoB_power_2_cutoff_4.5_Log,2metaldesc,lasso,0.3172012780492134,0.04849561379411166,0.28772713165671904,N/A,N/A
4,propionic_BoB_power_2_cutoff_4.5_Log,2metaldesc,elastic,0.30334614234841584,0.04898417957052781,0.27583922425384605,N/A,N/A
5,propionic_BoB_power_2_cutoff_4.5_Log,2metaldesc,gp,0.18022767767729614,0.03954482526348487,0.21425789036085535,0.7713832519933925,0.23168083755649366
