,case,subcase,algo,mean of MAEs,std of MAEs,SD of AEs,mean of Stds,std of Stds
0,propionic_CM_power_1_cutoff_3.0_Sqrt,3metaldesc_metalbondcnt,svr,0.3470968438649461,0.03964639976164339,0.3095044378901508,N/A,N/A
1,propionic_CM_power_1_cutoff_3.0_Sqrt,3metaldesc_metalbondcnt,krr,0.35990666862036574,0.05204498576704016,0.28657416577214456,N/A,N/A
2,propionic_CM_power_1_cutoff_3.0_Sqrt,3metaldesc_metalbondcnt,ridge,0.4420499989132988,0.06720754829053809,0.36957759299898124,N/A,N/A
3,propionic_CM_power_1_cutoff_3.0_Sqrt,3metaldesc_metalbondcnt,lasso,0.4530487633794864,0.06802147278439208,0.3791004470200701,N/A,N/A
4,propionic_CM_power_1_cutoff_3.0_Sqrt,3metaldesc_metalbondcnt,elastic,0.4030089497963887,0.0423936268242227,0.3449476860062469,N/A,N/A
5,propionic_CM_power_1_cutoff_3.0_Sqrt,3metaldesc_metalbondcnt,gp,0.3798762356619521,0.09705225191419276,0.436356221444661,1.141647850327285,1.0454095354131638
