,case,subcase,algo,mean of MAEs,std of MAEs,SD of AEs,mean of Stds,std of Stds
0,propionic_BoB_power_3_cutoff_3.0_Log,3metaldesc_fullbondcnt,svr,0.14545331087535548,0.024350315652938596,0.15209979440035487,N/A,N/A
1,propionic_BoB_power_3_cutoff_3.0_Log,3metaldesc_fullbondcnt,krr,0.15233446510504348,0.02868102177411345,0.1795003728003224,N/A,N/A
2,propionic_BoB_power_3_cutoff_3.0_Log,3metaldesc_fullbondcnt,ridge,0.31394431927835303,0.047039689072829266,0.26752870059866996,N/A,N/A
3,propionic_BoB_power_3_cutoff_3.0_Log,3metaldesc_fullbondcnt,lasso,0.2964177417894287,0.03501765522633752,0.25440350125436817,N/A,N/A
4,propionic_BoB_power_3_cutoff_3.0_Log,3metaldesc_fullbondcnt,elastic,0.3118203800721699,0.0404016894691197,0.2579877239986838,N/A,N/A
5,propionic_BoB_power_3_cutoff_3.0_Log,3metaldesc_fullbondcnt,gp,0.14202289316893127,0.0291142900282844,0.1616060036417573,0.5640832484175281,0.28659073673691304
