,case,subcase,algo,mean of MAEs,std of MAEs,SD of AEs,mean of Stds,std of Stds
0,propionic_CM_power_2_cutoff_4.0_Sqrt,2metaldesc_metalbondcnt,svr,0.419920077283948,0.06419809228978575,0.4075231001829966,N/A,N/A
1,propionic_CM_power_2_cutoff_4.0_Sqrt,2metaldesc_metalbondcnt,krr,0.3760903637240516,0.05958579044941726,0.3266534651649341,N/A,N/A
2,propionic_CM_power_2_cutoff_4.0_Sqrt,2metaldesc_metalbondcnt,ridge,0.39907784202232016,0.05234499661638064,0.34723249205739876,N/A,N/A
3,propionic_CM_power_2_cutoff_4.0_Sqrt,2metaldesc_metalbondcnt,lasso,0.3978604002478027,0.05747301402131076,0.35159526008825975,N/A,N/A
4,propionic_CM_power_2_cutoff_4.0_Sqrt,2metaldesc_metalbondcnt,elastic,0.3651171666644884,0.05058792817480616,0.3233010734730233,N/A,N/A
5,propionic_CM_power_2_cutoff_4.0_Sqrt,2metaldesc_metalbondcnt,gp,0.4513970750252902,0.0688016823237042,0.42219141545318734,0.5002746720525895,0.5687597992911314
