,case,subcase,algo,mean of MAEs,std of MAEs,SD of AEs,mean of Stds,std of Stds
0,propionic_BoB_power_3_cutoff_3.5_Sqrt,3metaldesc_metalbondcnt,svr,0.1502991157812946,0.0280891299916998,0.1823962736342807,N/A,N/A
1,propionic_BoB_power_3_cutoff_3.5_Sqrt,3metaldesc_metalbondcnt,krr,0.14766490331299953,0.028498243960277333,0.14485746547721653,N/A,N/A
2,propionic_BoB_power_3_cutoff_3.5_Sqrt,3metaldesc_metalbondcnt,ridge,0.3117741403210531,0.029861319380720133,0.27745028001861044,N/A,N/A
3,propionic_BoB_power_3_cutoff_3.5_Sqrt,3metaldesc_metalbondcnt,lasso,0.2953193739722104,0.034127534947707525,0.26831661712273913,N/A,N/A
4,propionic_BoB_power_3_cutoff_3.5_Sqrt,3metaldesc_metalbondcnt,elastic,0.3082660652348143,0.04706625933663721,0.27336030848089016,N/A,N/A
5,propionic_BoB_power_3_cutoff_3.5_Sqrt,3metaldesc_metalbondcnt,gp,0.13254081979439747,0.030621046267503962,0.15682966568295048,0.8048890899559252,0.5303734916294149
