,case,subcase,algo,mean of MAEs,std of MAEs,SD of AEs,mean of Stds,std of Stds
0,propionic_BoB_power_4_cutoff_2.5_Sqrt,3metaldesc,svr,0.1537071214794036,0.021509546406318896,0.15817145139123306,N/A,N/A
1,propionic_BoB_power_4_cutoff_2.5_Sqrt,3metaldesc,krr,0.16116844525791826,0.033790725262241535,0.17593490453425578,N/A,N/A
2,propionic_BoB_power_4_cutoff_2.5_Sqrt,3metaldesc,ridge,0.3159897052608919,0.03659403494911163,0.25654256371724676,N/A,N/A
3,propionic_BoB_power_4_cutoff_2.5_Sqrt,3metaldesc,lasso,0.3140356716521879,0.029999466674696405,0.2728419574637995,N/A,N/A
4,propionic_BoB_power_4_cutoff_2.5_Sqrt,3metaldesc,elastic,0.3140968210378874,0.03924123038071318,0.26791383058899065,N/A,N/A
5,propionic_BoB_power_4_cutoff_2.5_Sqrt,3metaldesc,gp,0.14960420556767118,0.03621878186384119,0.18370996557377303,0.403907050279596,0.32410206341997644
