,case,subcase,algo,mean of MAEs,std of MAEs,SD of AEs,mean of Stds,std of Stds
0,propionic_BoB_power_4_cutoff_3.5_Sqrt,3metaldesc,svr,0.1470279601267744,0.028386384309507833,0.1705536281556823,N/A,N/A
1,propionic_BoB_power_4_cutoff_3.5_Sqrt,3metaldesc,krr,0.14192765572360025,0.022274802817640497,0.13470862216711926,N/A,N/A
2,propionic_BoB_power_4_cutoff_3.5_Sqrt,3metaldesc,ridge,0.30773790553137664,0.04163501425803538,0.2841383607058775,N/A,N/A
3,propionic_BoB_power_4_cutoff_3.5_Sqrt,3metaldesc,lasso,0.3174025379145464,0.05283124724943691,0.3026967382058542,N/A,N/A
4,propionic_BoB_power_4_cutoff_3.5_Sqrt,3metaldesc,elastic,0.3229393117382024,0.051804583511663574,0.29540104817306656,N/A,N/A
5,propionic_BoB_power_4_cutoff_3.5_Sqrt,3metaldesc,gp,0.13992825177917165,0.03309252448887618,0.16004070226124215,0.7042684017487446,0.2543121824976238
