,case,subcase,algo,mean of MAEs,std of MAEs,SD of AEs,mean of Stds,std of Stds
0,propionic_CM_power_3_cutoff_3.5_Log,2metaldesc,svr,0.33119858373281447,0.049819968170258015,0.32836643818441175,N/A,N/A
1,propionic_CM_power_3_cutoff_3.5_Log,2metaldesc,krr,0.30873506354305674,0.04926910512575931,0.29756576136141333,N/A,N/A
2,propionic_CM_power_3_cutoff_3.5_Log,2metaldesc,ridge,0.3726158003953197,0.06593630611918547,0.30341135095986393,N/A,N/A
3,propionic_CM_power_3_cutoff_3.5_Log,2metaldesc,lasso,0.37780410689739236,0.06469114022736949,0.3314481490890954,N/A,N/A
4,propionic_CM_power_3_cutoff_3.5_Log,2metaldesc,elastic,0.35922134273880046,0.046998791739122255,0.3047841855150673,N/A,N/A
5,propionic_CM_power_3_cutoff_3.5_Log,2metaldesc,gp,0.314203852379089,0.0541494307636667,0.30270845620802855,0.05894877375866807,0.08239755564720176
