,case,subcase,algo,mean of MAEs,std of MAEs,SD of AEs,mean of Stds,std of Stds
0,propionic_CM_power_2_cutoff_3.5_Log,3metaldesc_metalbondcnt,svr,0.36839327457653986,0.06455892730622916,0.393825877036366,N/A,N/A
1,propionic_CM_power_2_cutoff_3.5_Log,3metaldesc_metalbondcnt,krr,0.2858913852080958,0.04039604715611838,0.27986517209170164,N/A,N/A
2,propionic_CM_power_2_cutoff_3.5_Log,3metaldesc_metalbondcnt,ridge,0.40876519976465453,0.04837122591654366,0.33242064912759617,N/A,N/A
3,propionic_CM_power_2_cutoff_3.5_Log,3metaldesc_metalbondcnt,lasso,0.3750666729792384,0.03658243489662503,0.30834016416585314,N/A,N/A
4,propionic_CM_power_2_cutoff_3.5_Log,3metaldesc_metalbondcnt,elastic,0.37093591172545665,0.0522578939736923,0.30553890383999527,N/A,N/A
5,propionic_CM_power_2_cutoff_3.5_Log,3metaldesc_metalbondcnt,gp,0.348716667571375,0.0485745099782958,0.3294586329158185,0.07268317991333015,0.04613359245866868
