,case,subcase,algo,mean of MAEs,std of MAEs,SD of AEs,mean of Stds,std of Stds
0,propionic_CM_power_4_cutoff_5.0_Sqrt,3metaldesc_fullbondcnt,svr,0.3156301661391526,0.05881320109756027,0.3565888395989536,N/A,N/A
1,propionic_CM_power_4_cutoff_5.0_Sqrt,3metaldesc_fullbondcnt,krr,0.3180820697992087,0.055598535427994325,0.2850022075741602,N/A,N/A
2,propionic_CM_power_4_cutoff_5.0_Sqrt,3metaldesc_fullbondcnt,ridge,0.32013791088178195,0.05206876844641317,0.29810978057641363,N/A,N/A
3,propionic_CM_power_4_cutoff_5.0_Sqrt,3metaldesc_fullbondcnt,lasso,0.33900220961283106,0.04421273448673014,0.2965260492887336,N/A,N/A
4,propionic_CM_power_4_cutoff_5.0_Sqrt,3metaldesc_fullbondcnt,elastic,0.30067396857718853,0.041427213879876315,0.27454998235422345,N/A,N/A
5,propionic_CM_power_4_cutoff_5.0_Sqrt,3metaldesc_fullbondcnt,gp,0.3421492490778783,0.04838677893626225,0.31527472254048655,0.34016369433340315,0.2845107667409903
