,case,subcase,algo,mean of MAEs,std of MAEs,SD of AEs,mean of Stds,std of Stds
0,propionic_CM_power_1_cutoff_4.0_Sqrt,3metaldesc,svr,0.4504314098969588,0.07780168594128963,0.4308842541421469,N/A,N/A
1,propionic_CM_power_1_cutoff_4.0_Sqrt,3metaldesc,krr,0.46340262689598755,0.07227623073142425,0.38390916797327296,N/A,N/A
2,propionic_CM_power_1_cutoff_4.0_Sqrt,3metaldesc,ridge,0.49080844649933586,0.06570012327464143,0.4133492634820597,N/A,N/A
3,propionic_CM_power_1_cutoff_4.0_Sqrt,3metaldesc,lasso,0.4784702346347829,0.061421031414748854,0.3928671143056336,N/A,N/A
4,propionic_CM_power_1_cutoff_4.0_Sqrt,3metaldesc,elastic,0.4783432782723358,0.06123989990478779,0.3893052361274191,N/A,N/A
5,propionic_CM_power_1_cutoff_4.0_Sqrt,3metaldesc,gp,0.4397891723602565,0.04808240381419398,0.39616318324360744,0.5624622682077219,0.43076617074060247
