,case,subcase,algo,mean of MAEs,std of MAEs,SD of AEs,mean of Stds,std of Stds
0,propionic_BoB_power_3_cutoff_2.5_Sqrt,3metaldesc,svr,0.14968981322282707,0.03645010443603155,0.15206596369200814,N/A,N/A
1,propionic_BoB_power_3_cutoff_2.5_Sqrt,3metaldesc,krr,0.17352154377744788,0.030034094861756802,0.1913201794026207,N/A,N/A
2,propionic_BoB_power_3_cutoff_2.5_Sqrt,3metaldesc,ridge,0.31310082275881457,0.02816547934053806,0.25755710011877236,N/A,N/A
3,propionic_BoB_power_3_cutoff_2.5_Sqrt,3metaldesc,lasso,0.30275391673752583,0.03375265565834872,0.24532031396827483,N/A,N/A
4,propionic_BoB_power_3_cutoff_2.5_Sqrt,3metaldesc,elastic,0.3220052005793892,0.04939190057610407,0.259546528754663,N/A,N/A
5,propionic_BoB_power_3_cutoff_2.5_Sqrt,3metaldesc,gp,0.14740997426589486,0.027862957724006442,0.14951090248510954,0.5195297535723385,0.3023006993366537
