,case,subcase,algo,mean of MAEs,std of MAEs,SD of AEs,mean of Stds,std of Stds
0,propionic_BoB_power_2_cutoff_5.5_Log,2metaldesc_metalbondcnt,svr,0.18471261655178753,0.029904255308774375,0.21395783678222713,N/A,N/A
1,propionic_BoB_power_2_cutoff_5.5_Log,2metaldesc_metalbondcnt,krr,0.20487762486862976,0.03239274098624033,0.2056350500529309,N/A,N/A
2,propionic_BoB_power_2_cutoff_5.5_Log,2metaldesc_metalbondcnt,ridge,0.30442457847151144,0.0410416292927457,0.2625736327021083,N/A,N/A
3,propionic_BoB_power_2_cutoff_5.5_Log,2metaldesc_metalbondcnt,lasso,0.3153051500706096,0.0514102358879838,0.2831587856335706,N/A,N/A
4,propionic_BoB_power_2_cutoff_5.5_Log,2metaldesc_metalbondcnt,elastic,0.30131203198436846,0.040942439508487936,0.26294545569870625,N/A,N/A
5,propionic_BoB_power_2_cutoff_5.5_Log,2metaldesc_metalbondcnt,gp,0.17476040919049016,0.03857940585481504,0.18548697266550943,0.6738088644239545,0.27401033662267343
