,case,subcase,algo,mean of MAEs,std of MAEs,SD of AEs,mean of Stds,std of Stds
0,propionic_CM_power_3_cutoff_3.0_Sqrt,3metaldesc_fullbondcnt,svr,0.2921862999499115,0.05618052146542438,0.2950607109297596,N/A,N/A
1,propionic_CM_power_3_cutoff_3.0_Sqrt,3metaldesc_fullbondcnt,krr,0.30657696869441026,0.052981424451094696,0.2876830537847154,N/A,N/A
2,propionic_CM_power_3_cutoff_3.0_Sqrt,3metaldesc_fullbondcnt,ridge,0.31321489296722665,0.0408988866922832,0.2762455733034363,N/A,N/A
3,propionic_CM_power_3_cutoff_3.0_Sqrt,3metaldesc_fullbondcnt,lasso,0.324125352884941,0.04586852706238079,0.2828212367092057,N/A,N/A
4,propionic_CM_power_3_cutoff_3.0_Sqrt,3metaldesc_fullbondcnt,elastic,0.3235105898604139,0.04800605558220741,0.2943481308603939,N/A,N/A
5,propionic_CM_power_3_cutoff_3.0_Sqrt,3metaldesc_fullbondcnt,gp,0.3519583429119364,0.05085509346464466,0.3436511878393477,0.1896921900662545,0.16650917966948403
