,case,subcase,algo,mean of MAEs,std of MAEs,SD of AEs,mean of Stds,std of Stds
0,propionic_CM_power_2_cutoff_5.5_Sqrt,3metaldesc,svr,0.41759601081440784,0.06509916165591546,0.3661638752477949,N/A,N/A
1,propionic_CM_power_2_cutoff_5.5_Sqrt,3metaldesc,krr,0.408925327888848,0.06616571980795702,0.3559266491473484,N/A,N/A
2,propionic_CM_power_2_cutoff_5.5_Sqrt,3metaldesc,ridge,0.44217912303638435,0.06244081088654212,0.3860689431355333,N/A,N/A
3,propionic_CM_power_2_cutoff_5.5_Sqrt,3metaldesc,lasso,0.44236229749315015,0.07154481659152176,0.3894000191533677,N/A,N/A
4,propionic_CM_power_2_cutoff_5.5_Sqrt,3metaldesc,elastic,0.41504156266956577,0.04839589695772146,0.3882855193782853,N/A,N/A
5,propionic_CM_power_2_cutoff_5.5_Sqrt,3metaldesc,gp,0.4318904539171456,0.08112949970387662,0.39361542552805157,0.25647762458742723,0.6059153197861208
