,case,subcase,algo,mean of MAEs,std of MAEs,SD of AEs,mean of Stds,std of Stds
0,propionic_CM_power_4_cutoff_5.5_Sqrt,2metaldesc,svr,0.3657101720579051,0.07103476666256474,0.3768710634148716,N/A,N/A
1,propionic_CM_power_4_cutoff_5.5_Sqrt,2metaldesc,krr,0.3536839261857223,0.0742442070178271,0.3397958756280692,N/A,N/A
2,propionic_CM_power_4_cutoff_5.5_Sqrt,2metaldesc,ridge,0.37996252777362605,0.053600796662586624,0.34131484210901575,N/A,N/A
3,propionic_CM_power_4_cutoff_5.5_Sqrt,2metaldesc,lasso,0.4004407050718296,0.045732631335534145,0.350467945055314,N/A,N/A
4,propionic_CM_power_4_cutoff_5.5_Sqrt,2metaldesc,elastic,0.38956589615253556,0.06081963559715668,0.3299398718432771,N/A,N/A
5,propionic_CM_power_4_cutoff_5.5_Sqrt,2metaldesc,gp,0.383529361340389,0.05463508387352729,0.33830955717261096,0.14352589871237248,0.48109616677861533
