,case,subcase,algo,mean of MAEs,std of MAEs,SD of AEs,mean of Stds,std of Stds
0,propionic_BoB_power_5_cutoff_4.0_Log,2metaldesc,svr,0.17226983984217825,0.04462302792409269,0.21547694043150195,N/A,N/A
1,propionic_BoB_power_5_cutoff_4.0_Log,2metaldesc,krr,0.16212954502702598,0.03855463677192321,0.18332982672359693,N/A,N/A
2,propionic_BoB_power_5_cutoff_4.0_Log,2metaldesc,ridge,0.3137607119742731,0.05241533623435673,0.27836773729943404,N/A,N/A
3,propionic_BoB_power_5_cutoff_4.0_Log,2metaldesc,lasso,0.3149543356360252,0.053486814616285315,0.2792799842874696,N/A,N/A
4,propionic_BoB_power_5_cutoff_4.0_Log,2metaldesc,elastic,0.30907235949256506,0.0424153515249085,0.26252889966335924,N/A,N/A
5,propionic_BoB_power_5_cutoff_4.0_Log,2metaldesc,gp,0.16059157910610658,0.03144251621965553,0.18486752727688124,0.34562967747111606,0.2604644275192398
