,case,subcase,algo,mean of MAEs,std of MAEs,SD of AEs,mean of Stds,std of Stds
0,propionic_CM_power_5_cutoff_5.5_Sqrt,3metaldesc,svr,0.3900120398172701,0.06373613107104069,0.3903068870101485,N/A,N/A
1,propionic_CM_power_5_cutoff_5.5_Sqrt,3metaldesc,krr,0.355906556725138,0.048317470515801215,0.3834806619029958,N/A,N/A
2,propionic_CM_power_5_cutoff_5.5_Sqrt,3metaldesc,ridge,0.3758260939303712,0.04401285861629466,0.30296261539084873,N/A,N/A
3,propionic_CM_power_5_cutoff_5.5_Sqrt,3metaldesc,lasso,0.3861856834057289,0.04075605582265904,0.31451158424910275,N/A,N/A
4,propionic_CM_power_5_cutoff_5.5_Sqrt,3metaldesc,elastic,0.3870315450135714,0.060140946340262326,0.32320916571706937,N/A,N/A
5,propionic_CM_power_5_cutoff_5.5_Sqrt,3metaldesc,gp,0.3715843650480815,0.07755355381084358,0.3608794073544348,0.21541482131735318,0.613621573645125
