,case,subcase,algo,mean of MAEs,std of MAEs,SD of AEs,mean of Stds,std of Stds
0,propionic_CM_power_4_cutoff_4.0_Log,3metaldesc,svr,0.3094984990008657,0.05267530200176041,0.3585549136021317,N/A,N/A
1,propionic_CM_power_4_cutoff_4.0_Log,3metaldesc,krr,0.3177268965516317,0.05588880361614487,0.30411202442249957,N/A,N/A
2,propionic_CM_power_4_cutoff_4.0_Log,3metaldesc,ridge,0.38925686733920933,0.06812006695612402,0.3532378009308001,N/A,N/A
3,propionic_CM_power_4_cutoff_4.0_Log,3metaldesc,lasso,0.3872533979770857,0.05522533289166401,0.3193841893153279,N/A,N/A
4,propionic_CM_power_4_cutoff_4.0_Log,3metaldesc,elastic,0.38329407061246756,0.033221995955074746,0.32471032949039286,N/A,N/A
5,propionic_CM_power_4_cutoff_4.0_Log,3metaldesc,gp,0.3206290753018755,0.04377819196469542,0.3516056604769861,0.1095439354564777,0.349345226495914
