,case,subcase,algo,mean of MAEs,std of MAEs,SD of AEs,mean of Stds,std of Stds
0,propionic_BoB_power_2_cutoff_2.5_Sqrt,2metaldesc,svr,0.1944216414068005,0.03582432377130512,0.251879861842762,N/A,N/A
1,propionic_BoB_power_2_cutoff_2.5_Sqrt,2metaldesc,krr,0.18646070794093372,0.022804609751610215,0.1788097549318815,N/A,N/A
2,propionic_BoB_power_2_cutoff_2.5_Sqrt,2metaldesc,ridge,0.32139873040126893,0.05339816489078972,0.2745532605726017,N/A,N/A
3,propionic_BoB_power_2_cutoff_2.5_Sqrt,2metaldesc,lasso,0.3073524611222216,0.025868942986723653,0.26419082939267996,N/A,N/A
4,propionic_BoB_power_2_cutoff_2.5_Sqrt,2metaldesc,elastic,0.3262720361809677,0.04678033795709311,0.2899152540001945,N/A,N/A
5,propionic_BoB_power_2_cutoff_2.5_Sqrt,2metaldesc,gp,0.16927801065784684,0.027064633059868205,0.1654001959763234,0.39237323725700873,0.3814772256851093
