,case,subcase,algo,mean of MAEs,std of MAEs,SD of AEs,mean of Stds,std of Stds
0,propionic_BoB_power_2_cutoff_5.5_Log,3metaldesc,svr,0.143321419147976,0.035892028740963075,0.1564630758917786,N/A,N/A
1,propionic_BoB_power_2_cutoff_5.5_Log,3metaldesc,krr,0.17601151826181252,0.036277319074026246,0.16687989309814574,N/A,N/A
2,propionic_BoB_power_2_cutoff_5.5_Log,3metaldesc,ridge,0.2952630808271612,0.04394964073992145,0.26934370187614626,N/A,N/A
3,propionic_BoB_power_2_cutoff_5.5_Log,3metaldesc,lasso,0.31916932838391804,0.048224942190939396,0.2856247734114394,N/A,N/A
4,propionic_BoB_power_2_cutoff_5.5_Log,3metaldesc,elastic,0.3122059015619879,0.04230320386548614,0.27465243793718336,N/A,N/A
5,propionic_BoB_power_2_cutoff_5.5_Log,3metaldesc,gp,0.15364945239493655,0.034680454184844424,0.18403450933729193,0.6816406286125606,0.3798433202605345
