,case,subcase,algo,mean of MAEs,std of MAEs,SD of AEs,mean of Stds,std of Stds
0,propionic_BoB_power_5_cutoff_2.5_Sqrt,3metaldesc,svr,0.15712419463770785,0.037063721873043486,0.16790237413695513,N/A,N/A
1,propionic_BoB_power_5_cutoff_2.5_Sqrt,3metaldesc,krr,0.1436819214915233,0.022329939285258598,0.1287808043622025,N/A,N/A
2,propionic_BoB_power_5_cutoff_2.5_Sqrt,3metaldesc,ridge,0.3212461609203791,0.035207304157605396,0.29014618193462627,N/A,N/A
3,propionic_BoB_power_5_cutoff_2.5_Sqrt,3metaldesc,lasso,0.3089880039250868,0.0467108705470828,0.26708338313284136,N/A,N/A
4,propionic_BoB_power_5_cutoff_2.5_Sqrt,3metaldesc,elastic,0.32907322106924647,0.04193254505806235,0.28342240737714836,N/A,N/A
5,propionic_BoB_power_5_cutoff_2.5_Sqrt,3metaldesc,gp,0.1423656602629924,0.02597038042224762,0.1446190899541672,0.4110335471793453,0.25807828887403345
