,case,subcase,algo,mean of MAEs,std of MAEs,SD of AEs,mean of Stds,std of Stds
0,propionic_BoB_power_4_cutoff_4.0_Log,2metaldesc,svr,0.16533654387145286,0.03110711937071236,0.19892477337075135,N/A,N/A
1,propionic_BoB_power_4_cutoff_4.0_Log,2metaldesc,krr,0.16234907382102898,0.03371764296228045,0.1813251978579446,N/A,N/A
2,propionic_BoB_power_4_cutoff_4.0_Log,2metaldesc,ridge,0.3110728762641161,0.04281028524157906,0.3015050599523885,N/A,N/A
3,propionic_BoB_power_4_cutoff_4.0_Log,2metaldesc,lasso,0.3176909530159403,0.043824041528298045,0.29548514915644586,N/A,N/A
4,propionic_BoB_power_4_cutoff_4.0_Log,2metaldesc,elastic,0.30930406300909163,0.0339582609258039,0.26340349476835984,N/A,N/A
5,propionic_BoB_power_4_cutoff_4.0_Log,2metaldesc,gp,0.16189990492872675,0.03209951463712132,0.17927069313597238,0.2744428916356162,0.2701940017869439
