,case,subcase,algo,mean of MAEs,std of MAEs,SD of AEs,mean of Stds,std of Stds
0,propionic_BoB_power_5_cutoff_3.0_Sqrt,3metaldesc,svr,0.1509264530621862,0.021550120832673086,0.1726294226086014,N/A,N/A
1,propionic_BoB_power_5_cutoff_3.0_Sqrt,3metaldesc,krr,0.16155403186985648,0.03566065240727718,0.190223745234498,N/A,N/A
2,propionic_BoB_power_5_cutoff_3.0_Sqrt,3metaldesc,ridge,0.3151620881374916,0.03830908116314657,0.2737493991116277,N/A,N/A
3,propionic_BoB_power_5_cutoff_3.0_Sqrt,3metaldesc,lasso,0.29882430332633686,0.0449461615956666,0.2557075772067312,N/A,N/A
4,propionic_BoB_power_5_cutoff_3.0_Sqrt,3metaldesc,elastic,0.3129457919505876,0.040076759296143724,0.26385813398727037,N/A,N/A
5,propionic_BoB_power_5_cutoff_3.0_Sqrt,3metaldesc,gp,0.14296792065827202,0.025749852691317573,0.14578512330064114,0.3637781824428506,0.28052666000050025
