,case,subcase,algo,mean of MAEs,std of MAEs,SD of AEs,mean of Stds,std of Stds
0,propionic_CM_power_5_cutoff_5.5_Log,3metaldesc,svr,0.3304652575308239,0.06439593575449713,0.34729521766853605,N/A,N/A
1,propionic_CM_power_5_cutoff_5.5_Log,3metaldesc,krr,0.297291837419547,0.05265212275238439,0.3114070744638018,N/A,N/A
2,propionic_CM_power_5_cutoff_5.5_Log,3metaldesc,ridge,0.3939914814499285,0.05097861240533232,0.3200455300909532,N/A,N/A
3,propionic_CM_power_5_cutoff_5.5_Log,3metaldesc,lasso,0.38666351111666175,0.051125729306322844,0.3344936785445853,N/A,N/A
4,propionic_CM_power_5_cutoff_5.5_Log,3metaldesc,elastic,0.3988206156411009,0.06120203930128882,0.3464926502756285,N/A,N/A
5,propionic_CM_power_5_cutoff_5.5_Log,3metaldesc,gp,0.3361598537067087,0.05275980330805545,0.3748956172737771,0.07329009879845114,0.14414622456839038
