,case,subcase,algo,mean of MAEs,std of MAEs,SD of AEs,mean of Stds,std of Stds
0,propionic_BoB_power_5_cutoff_6.0_Log,2metaldesc,svr,0.16008397251565118,0.032069603254555205,0.19930693816487818,N/A,N/A
1,propionic_BoB_power_5_cutoff_6.0_Log,2metaldesc,krr,0.16484040249126392,0.039915971108658715,0.19098164177673058,N/A,N/A
2,propionic_BoB_power_5_cutoff_6.0_Log,2metaldesc,ridge,0.3082049771557935,0.03449171222106689,0.25423466306880216,N/A,N/A
3,propionic_BoB_power_5_cutoff_6.0_Log,2metaldesc,lasso,0.28930870663038233,0.04249616524328335,0.24689743316999188,N/A,N/A
4,propionic_BoB_power_5_cutoff_6.0_Log,2metaldesc,elastic,0.3209181434429322,0.041087930515765404,0.2981083183533811,N/A,N/A
5,propionic_BoB_power_5_cutoff_6.0_Log,2metaldesc,gp,0.15420903690680268,0.03689508444000343,0.18998753922583497,0.37069427085250495,0.21298819803738342
