,case,subcase,algo,mean of MAEs,std of MAEs,SD of AEs,mean of Stds,std of Stds
0,propionic_CM_power_5_cutoff_3.5_Log,2metaldesc,svr,0.33822788636495227,0.06784869712526127,0.3513939063105666,N/A,N/A
1,propionic_CM_power_5_cutoff_3.5_Log,2metaldesc,krr,0.28220587457054747,0.03790234353165783,0.2653274979283366,N/A,N/A
2,propionic_CM_power_5_cutoff_3.5_Log,2metaldesc,ridge,0.3798749203850405,0.051229269441194825,0.31269585251663184,N/A,N/A
3,propionic_CM_power_5_cutoff_3.5_Log,2metaldesc,lasso,0.38181943433468035,0.03986189421509426,0.3216830996882054,N/A,N/A
4,propionic_CM_power_5_cutoff_3.5_Log,2metaldesc,elastic,0.394391000285601,0.045132811048581925,0.30961315561053726,N/A,N/A
5,propionic_CM_power_5_cutoff_3.5_Log,2metaldesc,gp,0.30841098325210825,0.042443515129797486,0.3218781838853827,0.03987826063826855,0.03355289798720595
