,case,subcase,algo,mean of MAEs,std of MAEs,SD of AEs,mean of Stds,std of Stds
0,propionic_BoB_power_5_cutoff_4.5_Sqrt,3metaldesc_fullbondcnt,svr,0.14951361150176684,0.027274767206331398,0.17498951021802,N/A,N/A
1,propionic_BoB_power_5_cutoff_4.5_Sqrt,3metaldesc_fullbondcnt,krr,0.13663705835996556,0.035239838843079324,0.14834997493416044,N/A,N/A
2,propionic_BoB_power_5_cutoff_4.5_Sqrt,3metaldesc_fullbondcnt,ridge,0.30936644438164973,0.042095851311885514,0.2832886451330003,N/A,N/A
3,propionic_BoB_power_5_cutoff_4.5_Sqrt,3metaldesc_fullbondcnt,lasso,0.3076866343935549,0.04260455316119885,0.2796386985091085,N/A,N/A
4,propionic_BoB_power_5_cutoff_4.5_Sqrt,3metaldesc_fullbondcnt,elastic,0.2986486831043478,0.04643132080477931,0.2650629182457135,N/A,N/A
5,propionic_BoB_power_5_cutoff_4.5_Sqrt,3metaldesc_fullbondcnt,gp,0.13906855303417323,0.02693855772068674,0.14347232753730607,0.4335087519439227,0.31326414010350373
