,case,subcase,algo,mean of MAEs,std of MAEs,SD of AEs,mean of Stds,std of Stds
0,propionic_CM_power_4_cutoff_4.5_Log,3metaldesc,svr,0.324323102758645,0.043322287255296674,0.32147399907213586,N/A,N/A
1,propionic_CM_power_4_cutoff_4.5_Log,3metaldesc,krr,0.35018827492296317,0.058185845207806876,0.33985926940262323,N/A,N/A
2,propionic_CM_power_4_cutoff_4.5_Log,3metaldesc,ridge,0.38972576162319866,0.04880734377244421,0.3275775912986759,N/A,N/A
3,propionic_CM_power_4_cutoff_4.5_Log,3metaldesc,lasso,0.3791579686257617,0.04649853534993835,0.3125513332294733,N/A,N/A
4,propionic_CM_power_4_cutoff_4.5_Log,3metaldesc,elastic,0.3905791908386831,0.048702835875568826,0.3361671771960744,N/A,N/A
5,propionic_CM_power_4_cutoff_4.5_Log,3metaldesc,gp,0.32528589820693854,0.06422087032498637,0.33563637587690553,0.05897516370735459,0.08244100632942478
