,case,subcase,algo,mean of MAEs,std of MAEs,SD of AEs,mean of Stds,std of Stds
0,propionic_CM_power_2_cutoff_3.5_Sqrt,3metaldesc_fullbondcnt,svr,0.3263445733935786,0.03858780829179029,0.3070302289909263,N/A,N/A
1,propionic_CM_power_2_cutoff_3.5_Sqrt,3metaldesc_fullbondcnt,krr,0.33387758143674184,0.04559322475140057,0.3016236752766544,N/A,N/A
2,propionic_CM_power_2_cutoff_3.5_Sqrt,3metaldesc_fullbondcnt,ridge,0.3363020211251129,0.046737492506447674,0.3044093652964605,N/A,N/A
3,propionic_CM_power_2_cutoff_3.5_Sqrt,3metaldesc_fullbondcnt,lasso,0.3242025528076296,0.049338663678628235,0.29434296408310096,N/A,N/A
4,propionic_CM_power_2_cutoff_3.5_Sqrt,3metaldesc_fullbondcnt,elastic,0.29139746310923487,0.046667419042551464,0.2714491643168054,N/A,N/A
5,propionic_CM_power_2_cutoff_3.5_Sqrt,3metaldesc_fullbondcnt,gp,0.3649725191410771,0.0544389008685619,0.3224568000479286,0.3091482868593736,0.5426843697316724
