,case,subcase,algo,mean of MAEs,std of MAEs,SD of AEs,mean of Stds,std of Stds
0,propionic_BoB_power_4_cutoff_5.0_Log,3metaldesc,svr,0.14848904109213537,0.026499119994753607,0.15287253431584605,N/A,N/A
1,propionic_BoB_power_4_cutoff_5.0_Log,3metaldesc,krr,0.15650337484152513,0.030564607483804122,0.1684293979644048,N/A,N/A
2,propionic_BoB_power_4_cutoff_5.0_Log,3metaldesc,ridge,0.2991215256315737,0.04367995931985469,0.2708691101668889,N/A,N/A
3,propionic_BoB_power_4_cutoff_5.0_Log,3metaldesc,lasso,0.3079481952792855,0.045925912048660214,0.272612146355564,N/A,N/A
4,propionic_BoB_power_4_cutoff_5.0_Log,3metaldesc,elastic,0.31825190321744357,0.05427297242869399,0.28890336123376437,N/A,N/A
5,propionic_BoB_power_4_cutoff_5.0_Log,3metaldesc,gp,0.1460684732633091,0.03115915291942692,0.1601473658299118,0.5320181416835309,0.31227705664919825
