,case,subcase,algo,mean of MAEs,std of MAEs,SD of AEs,mean of Stds,std of Stds
0,propionic_CM_power_1_cutoff_4.5_Sqrt,3metaldesc,svr,0.49738847377389844,0.06487112257213032,0.43060562372976424,N/A,N/A
1,propionic_CM_power_1_cutoff_4.5_Sqrt,3metaldesc,krr,0.4582286552012209,0.054936965628896064,0.3849653449104944,N/A,N/A
2,propionic_CM_power_1_cutoff_4.5_Sqrt,3metaldesc,ridge,0.45977747962694226,0.060897035681662,0.4070971345468622,N/A,N/A
3,propionic_CM_power_1_cutoff_4.5_Sqrt,3metaldesc,lasso,0.4755336581285315,0.06929169741415986,0.43203621887642674,N/A,N/A
4,propionic_CM_power_1_cutoff_4.5_Sqrt,3metaldesc,elastic,0.473254569159333,0.06648811589163191,0.40375811185856875,N/A,N/A
5,propionic_CM_power_1_cutoff_4.5_Sqrt,3metaldesc,gp,0.48577980302451496,0.058395565752259924,0.4267552393502673,0.6378963579903253,0.5924679821031834
