,case,subcase,algo,mean of MAEs,std of MAEs,SD of AEs,mean of Stds,std of Stds
0,propionic_CM_power_5_cutoff_6.0_Log,3metaldesc,svr,0.32236516114110353,0.056833368114936285,0.33928697265384805,N/A,N/A
1,propionic_CM_power_5_cutoff_6.0_Log,3metaldesc,krr,0.31055136139946776,0.03823878233401905,0.31365365987259336,N/A,N/A
2,propionic_CM_power_5_cutoff_6.0_Log,3metaldesc,ridge,0.3912696790748082,0.03669885222824209,0.3124903479096646,N/A,N/A
3,propionic_CM_power_5_cutoff_6.0_Log,3metaldesc,lasso,0.39187861063815943,0.05239165562159888,0.3288112216413156,N/A,N/A
4,propionic_CM_power_5_cutoff_6.0_Log,3metaldesc,elastic,0.38723889976759807,0.04639168354766864,0.3233392668187402,N/A,N/A
5,propionic_CM_power_5_cutoff_6.0_Log,3metaldesc,gp,0.3070439544051468,0.05247414623849153,0.30598533585188264,0.04204180392414507,0.03580419376264089
