,case,subcase,algo,mean of MAEs,std of MAEs,SD of AEs,mean of Stds,std of Stds
0,propionic_BoB_power_1_cutoff_4.0_Sqrt,3metaldesc,svr,0.20239409830070942,0.04221533532911623,0.24988499481465842,N/A,N/A
1,propionic_BoB_power_1_cutoff_4.0_Sqrt,3metaldesc,krr,0.2078845129195634,0.037714940993770284,0.19257575433728902,N/A,N/A
2,propionic_BoB_power_1_cutoff_4.0_Sqrt,3metaldesc,ridge,0.29272853103735996,0.040832044632330596,0.24633114017159716,N/A,N/A
3,propionic_BoB_power_1_cutoff_4.0_Sqrt,3metaldesc,lasso,0.3032200231614483,0.03426973613075212,0.26390790257957303,N/A,N/A
4,propionic_BoB_power_1_cutoff_4.0_Sqrt,3metaldesc,elastic,0.3047229492273779,0.05526389730855784,0.27193273622527353,N/A,N/A
5,propionic_BoB_power_1_cutoff_4.0_Sqrt,3metaldesc,gp,0.18061513355044806,0.03497997570448116,0.19781537828057266,0.4188908182983785,0.18667852794620354
