,case,subcase,algo,mean of MAEs,std of MAEs,SD of AEs,mean of Stds,std of Stds
0,propionic_BoB_power_1_cutoff_4.5_Sqrt,2metaldesc,svr,0.24013667292121113,0.0459227494750026,0.2745176160790487,N/A,N/A
1,propionic_BoB_power_1_cutoff_4.5_Sqrt,2metaldesc,krr,0.24827630682992133,0.04187427117557762,0.2193429841900772,N/A,N/A
2,propionic_BoB_power_1_cutoff_4.5_Sqrt,2metaldesc,ridge,0.29479110136645703,0.029120568413632517,0.26367467128209576,N/A,N/A
3,propionic_BoB_power_1_cutoff_4.5_Sqrt,2metaldesc,lasso,0.31147185328627386,0.04541531033645362,0.2618894198130115,N/A,N/A
4,propionic_BoB_power_1_cutoff_4.5_Sqrt,2metaldesc,elastic,0.30428777685304736,0.04595173681364821,0.26861315697986615,N/A,N/A
5,propionic_BoB_power_1_cutoff_4.5_Sqrt,2metaldesc,gp,0.21794977929438175,0.03232899233389928,0.20372018035723424,0.3569934108738384,0.22557606285033882
