,case,subcase,algo,mean of MAEs,std of MAEs,SD of AEs,mean of Stds,std of Stds
0,propionic_BoB_power_4_cutoff_5.5_Log,2metaldesc,svr,0.1625069631272592,0.025149743236173316,0.1767738341734362,N/A,N/A
1,propionic_BoB_power_4_cutoff_5.5_Log,2metaldesc,krr,0.1656332296383454,0.03293893443322288,0.17480351495842392,N/A,N/A
2,propionic_BoB_power_4_cutoff_5.5_Log,2metaldesc,ridge,0.3019535556988197,0.04513881678557808,0.2740512107991901,N/A,N/A
3,propionic_BoB_power_4_cutoff_5.5_Log,2metaldesc,lasso,0.3002956564199924,0.056206949489789805,0.2847652762191647,N/A,N/A
4,propionic_BoB_power_4_cutoff_5.5_Log,2metaldesc,elastic,0.30292570138210406,0.041950371001565685,0.26498255646701385,N/A,N/A
5,propionic_BoB_power_4_cutoff_5.5_Log,2metaldesc,gp,0.16145703019085697,0.032060087820103014,0.17714244108851354,0.38745777786465785,0.2930444223652956
