,case,subcase,algo,mean of MAEs,std of MAEs,SD of AEs,mean of Stds,std of Stds
0,propionic_CM_power_4_cutoff_4.0_Log,2metaldesc,svr,0.35012308001625814,0.07274688243547578,0.36544221283427897,N/A,N/A
1,propionic_CM_power_4_cutoff_4.0_Log,2metaldesc,krr,0.30538844728307885,0.05013174849040007,0.29904697839567385,N/A,N/A
2,propionic_CM_power_4_cutoff_4.0_Log,2metaldesc,ridge,0.39453559110724545,0.05537922923828446,0.3479038176865059,N/A,N/A
3,propionic_CM_power_4_cutoff_4.0_Log,2metaldesc,lasso,0.36798501240316417,0.05033873086025064,0.31929497157131476,N/A,N/A
4,propionic_CM_power_4_cutoff_4.0_Log,2metaldesc,elastic,0.3754632281695202,0.04015269512731046,0.32549765594586944,N/A,N/A
5,propionic_CM_power_4_cutoff_4.0_Log,2metaldesc,gp,0.31416833874263406,0.05241669538028021,0.31756114835103677,0.03584395769932575,0.03873199630839361
