,case,subcase,algo,mean of MAEs,std of MAEs,SD of AEs,mean of Stds,std of Stds
0,propionic_CM_power_2_cutoff_6.0_Log,3metaldesc_fullbondcnt,svr,0.2852701814239035,0.040538711090485124,0.2866229916081928,N/A,N/A
1,propionic_CM_power_2_cutoff_6.0_Log,3metaldesc_fullbondcnt,krr,0.2683792219521267,0.050057467513679316,0.2636845968919882,N/A,N/A
2,propionic_CM_power_2_cutoff_6.0_Log,3metaldesc_fullbondcnt,ridge,0.3294484695824036,0.05123278771304663,0.2920990028832288,N/A,N/A
3,propionic_CM_power_2_cutoff_6.0_Log,3metaldesc_fullbondcnt,lasso,0.3465093495320621,0.04752023012444155,0.2928817936155057,N/A,N/A
4,propionic_CM_power_2_cutoff_6.0_Log,3metaldesc_fullbondcnt,elastic,0.3348525630780045,0.04591379379538265,0.2963159909174375,N/A,N/A
5,propionic_CM_power_2_cutoff_6.0_Log,3metaldesc_fullbondcnt,gp,0.2875381619727289,0.046285514799347456,0.2648212687386781,0.3136198520142575,0.44568229052024927
