,case,subcase,algo,mean of MAEs,std of MAEs,SD of AEs,mean of Stds,std of Stds
0,propionic_CM_power_1_cutoff_6.0_Log,2metaldesc,svr,0.4153126707555753,0.0732516155950217,0.37362999650596174,N/A,N/A
1,propionic_CM_power_1_cutoff_6.0_Log,2metaldesc,krr,0.35567396124061434,0.07019372494480196,0.3337250429549106,N/A,N/A
2,propionic_CM_power_1_cutoff_6.0_Log,2metaldesc,ridge,0.37563573547940143,0.06615610656246096,0.31583484014058577,N/A,N/A
3,propionic_CM_power_1_cutoff_6.0_Log,2metaldesc,lasso,0.3584288666237832,0.042466260385281895,0.31308850304962066,N/A,N/A
4,propionic_CM_power_1_cutoff_6.0_Log,2metaldesc,elastic,0.3962754768247371,0.07470651247293379,0.3489962774970735,N/A,N/A
5,propionic_CM_power_1_cutoff_6.0_Log,2metaldesc,gp,0.380605847584391,0.057408250088009614,0.3520414506284692,0.13769022152592025,0.22010985239440808
