,case,subcase,algo,mean of MAEs,std of MAEs,SD of AEs,mean of Stds,std of Stds
0,propionic_CM_power_1_cutoff_5.5_Log,2metaldesc_fullbondcnt,svr,0.34636187480653463,0.04321365158131253,0.29351592231694795,N/A,N/A
1,propionic_CM_power_1_cutoff_5.5_Log,2metaldesc_fullbondcnt,krr,0.3148260875465886,0.04374588824450326,0.3255355163072517,N/A,N/A
2,propionic_CM_power_1_cutoff_5.5_Log,2metaldesc_fullbondcnt,ridge,0.327865013536202,0.03786232339551516,0.29516140025447785,N/A,N/A
3,propionic_CM_power_1_cutoff_5.5_Log,2metaldesc_fullbondcnt,lasso,0.32473377839770523,0.04813269680605691,0.2920426443941253,N/A,N/A
4,propionic_CM_power_1_cutoff_5.5_Log,2metaldesc_fullbondcnt,elastic,0.32554471155018605,0.046678238523415044,0.28904470232243373,N/A,N/A
5,propionic_CM_power_1_cutoff_5.5_Log,2metaldesc_fullbondcnt,gp,0.3534778148932305,0.044317733147847045,0.31773914929240243,0.2204346514447736,0.2103059609089941
