,case,subcase,algo,mean of MAEs,std of MAEs,SD of AEs,mean of Stds,std of Stds
0,propionic_BoB_power_1_cutoff_5.0_Log,3metaldesc,svr,0.14902750388290809,0.018710245719604158,0.13474522133890965,N/A,N/A
1,propionic_BoB_power_1_cutoff_5.0_Log,3metaldesc,krr,0.19428846979677453,0.02743605534709691,0.1843692328503063,N/A,N/A
2,propionic_BoB_power_1_cutoff_5.0_Log,3metaldesc,ridge,0.305184676142877,0.04369457361607584,0.2539204390703302,N/A,N/A
3,propionic_BoB_power_1_cutoff_5.0_Log,3metaldesc,lasso,0.3216445932939169,0.04603751329015348,0.2798760699532284,N/A,N/A
4,propionic_BoB_power_1_cutoff_5.0_Log,3metaldesc,elastic,0.3123084835405013,0.04162438119285692,0.2822265681476472,N/A,N/A
5,propionic_BoB_power_1_cutoff_5.0_Log,3metaldesc,gp,0.17386069037267518,0.04443390588892558,0.19956060259159958,0.7097021969396383,0.642956878116915
