,case,subcase,algo,mean of MAEs,std of MAEs,SD of AEs,mean of Stds,std of Stds
0,propionic_BoB_power_2_cutoff_5.5_Sqrt,3metaldesc,svr,0.1592956793388373,0.028465697061090627,0.19009758150935613,N/A,N/A
1,propionic_BoB_power_2_cutoff_5.5_Sqrt,3metaldesc,krr,0.20747903118777844,0.03534924301420689,0.19399154709131589,N/A,N/A
2,propionic_BoB_power_2_cutoff_5.5_Sqrt,3metaldesc,ridge,0.29354170345495,0.04503295507120355,0.2598789928661417,N/A,N/A
3,propionic_BoB_power_2_cutoff_5.5_Sqrt,3metaldesc,lasso,0.3029933401616026,0.031615250537610814,0.26206084945175456,N/A,N/A
4,propionic_BoB_power_2_cutoff_5.5_Sqrt,3metaldesc,elastic,0.3125198643576042,0.03715660975443028,0.27661244729657847,N/A,N/A
5,propionic_BoB_power_2_cutoff_5.5_Sqrt,3metaldesc,gp,0.17359705789797647,0.023442859766591245,0.1739014174144064,0.2598040841221259,0.14447001196890694
