,case,subcase,algo,mean of MAEs,std of MAEs,SD of AEs,mean of Stds,std of Stds
0,propionic_BoB_power_2_cutoff_4.5_Sqrt,2metaldesc_metalbondcnt,svr,0.1860546521830121,0.027120781053710977,0.21251302637836122,N/A,N/A
1,propionic_BoB_power_2_cutoff_4.5_Sqrt,2metaldesc_metalbondcnt,krr,0.21383286918078537,0.0328725283738464,0.20251696970299873,N/A,N/A
2,propionic_BoB_power_2_cutoff_4.5_Sqrt,2metaldesc_metalbondcnt,ridge,0.3182342832131756,0.05399483662942346,0.28801973913994083,N/A,N/A
3,propionic_BoB_power_2_cutoff_4.5_Sqrt,2metaldesc_metalbondcnt,lasso,0.31860227501698024,0.04357463825210613,0.2883052922293041,N/A,N/A
4,propionic_BoB_power_2_cutoff_4.5_Sqrt,2metaldesc_metalbondcnt,elastic,0.30410510339309554,0.039494879031527055,0.25668973619967483,N/A,N/A
5,propionic_BoB_power_2_cutoff_4.5_Sqrt,2metaldesc_metalbondcnt,gp,0.2274752303966865,0.04112200863722992,0.2846625509492661,0.36501609785812833,0.34449122606864285
