,case,subcase,algo,mean of MAEs,std of MAEs,SD of AEs,mean of Stds,std of Stds
0,propionic_CM_power_2_cutoff_4.5_Log,3metaldesc,svr,0.39579514178915054,0.07582045609048955,0.39699200887813574,N/A,N/A
1,propionic_CM_power_2_cutoff_4.5_Log,3metaldesc,krr,0.30617237187621443,0.04222238141301282,0.2922237771606672,N/A,N/A
2,propionic_CM_power_2_cutoff_4.5_Log,3metaldesc,ridge,0.37316059657290424,0.05144446674308528,0.3442952560139973,N/A,N/A
3,propionic_CM_power_2_cutoff_4.5_Log,3metaldesc,lasso,0.3706994629955594,0.04546932823723136,0.35275128033936753,N/A,N/A
4,propionic_CM_power_2_cutoff_4.5_Log,3metaldesc,elastic,0.3486519311427839,0.06346044778251705,0.3167429435765669,N/A,N/A
5,propionic_CM_power_2_cutoff_4.5_Log,3metaldesc,gp,0.34510454324318346,0.041336969701079675,0.3254691422207777,0.05763919899589653,0.04858543172841566
