,case,subcase,algo,mean of MAEs,std of MAEs,SD of AEs,mean of Stds,std of Stds
0,propionic_BoB_power_1_cutoff_2.5_Sqrt,2metaldesc,svr,0.17799504354735768,0.030752385137869244,0.19587934830927142,N/A,N/A
1,propionic_BoB_power_1_cutoff_2.5_Sqrt,2metaldesc,krr,0.19095282526339674,0.03210673347744403,0.17954345007820888,N/A,N/A
2,propionic_BoB_power_1_cutoff_2.5_Sqrt,2metaldesc,ridge,0.3089161635843028,0.042724321511316075,0.2681672322685216,N/A,N/A
3,propionic_BoB_power_1_cutoff_2.5_Sqrt,2metaldesc,lasso,0.30733245392720643,0.03609404915026409,0.2511450187308571,N/A,N/A
4,propionic_BoB_power_1_cutoff_2.5_Sqrt,2metaldesc,elastic,0.3074440109730775,0.03693111737526001,0.2570182100687009,N/A,N/A
5,propionic_BoB_power_1_cutoff_2.5_Sqrt,2metaldesc,gp,0.17834387016460337,0.029480511490925135,0.18255511153517395,0.5688736461061841,0.3348261025761316
