,case,subcase,algo,mean of MAEs,std of MAEs,SD of AEs,mean of Stds,std of Stds
0,propionic_CM_power_5_cutoff_2.5_Sqrt,2metaldesc_fullbondcnt,svr,0.293087608760614,0.048599565567822016,0.31153597624857543,N/A,N/A
1,propionic_CM_power_5_cutoff_2.5_Sqrt,2metaldesc_fullbondcnt,krr,0.2979970608056222,0.04327526111158461,0.28119564710470196,N/A,N/A
2,propionic_CM_power_5_cutoff_2.5_Sqrt,2metaldesc_fullbondcnt,ridge,0.30049627037885346,0.03793798043838423,0.27988363297664254,N/A,N/A
3,propionic_CM_power_5_cutoff_2.5_Sqrt,2metaldesc_fullbondcnt,lasso,0.3110464931910701,0.0429726821462344,0.2890873618719073,N/A,N/A
4,propionic_CM_power_5_cutoff_2.5_Sqrt,2metaldesc_fullbondcnt,elastic,0.30121881621804614,0.040349586218051924,0.2828140907679381,N/A,N/A
5,propionic_CM_power_5_cutoff_2.5_Sqrt,2metaldesc_fullbondcnt,gp,0.32221003328094744,0.046379322124153854,0.3010189477788753,0.3495704953420253,0.32825237307538285
