,case,subcase,algo,mean of MAEs,std of MAEs,SD of AEs,mean of Stds,std of Stds
0,propionic_CM_power_3_cutoff_3.0_Sqrt,3metaldesc,svr,0.34749393301582643,0.05777907379923216,0.34629905333265565,N/A,N/A
1,propionic_CM_power_3_cutoff_3.0_Sqrt,3metaldesc,krr,0.3672187963307622,0.04887996775350418,0.34652473231143555,N/A,N/A
2,propionic_CM_power_3_cutoff_3.0_Sqrt,3metaldesc,ridge,0.3662267541088707,0.039185698791972,0.3369416394400969,N/A,N/A
3,propionic_CM_power_3_cutoff_3.0_Sqrt,3metaldesc,lasso,0.39342720577757717,0.054227111285873146,0.3452543052561037,N/A,N/A
4,propionic_CM_power_3_cutoff_3.0_Sqrt,3metaldesc,elastic,0.3770473283541992,0.05866796108838853,0.34051087280286685,N/A,N/A
5,propionic_CM_power_3_cutoff_3.0_Sqrt,3metaldesc,gp,0.3735543876051291,0.05307048419535226,0.34300263948962023,0.15812882183001453,0.38803629199825035
