,case,subcase,algo,mean of MAEs,std of MAEs,SD of AEs,mean of Stds,std of Stds
0,propionic_CM_power_5_cutoff_3.0_Sqrt,3metaldesc_fullbondcnt,svr,0.2836673796853331,0.04494764687333639,0.2835652034000021,N/A,N/A
1,propionic_CM_power_5_cutoff_3.0_Sqrt,3metaldesc_fullbondcnt,krr,0.2874816874088516,0.0460063968873199,0.2769932287237062,N/A,N/A
2,propionic_CM_power_5_cutoff_3.0_Sqrt,3metaldesc_fullbondcnt,ridge,0.3299634470773591,0.0566801244984837,0.31039042233738906,N/A,N/A
3,propionic_CM_power_5_cutoff_3.0_Sqrt,3metaldesc_fullbondcnt,lasso,0.3251515533169118,0.03081020594370929,0.28693995526904903,N/A,N/A
4,propionic_CM_power_5_cutoff_3.0_Sqrt,3metaldesc_fullbondcnt,elastic,0.3206699371120042,0.04780958866049677,0.2892064007474859,N/A,N/A
5,propionic_CM_power_5_cutoff_3.0_Sqrt,3metaldesc_fullbondcnt,gp,0.34315367174822337,0.05979721515396292,0.3347331475244604,0.21633710106610773,0.2282627549765702
