,case,subcase,algo,mean of MAEs,std of MAEs,SD of AEs,mean of Stds,std of Stds
0,propionic_CM_power_2_cutoff_6.0_Sqrt,3metaldesc,svr,0.4060676922799846,0.060899208510034435,0.36269680525077047,N/A,N/A
1,propionic_CM_power_2_cutoff_6.0_Sqrt,3metaldesc,krr,0.40871004336289696,0.06562635320811058,0.3597285192475173,N/A,N/A
2,propionic_CM_power_2_cutoff_6.0_Sqrt,3metaldesc,ridge,0.4544897547992906,0.05867983644318494,0.4104542912479654,N/A,N/A
3,propionic_CM_power_2_cutoff_6.0_Sqrt,3metaldesc,lasso,0.45305164979230567,0.05321265910673791,0.4132299936479859,N/A,N/A
4,propionic_CM_power_2_cutoff_6.0_Sqrt,3metaldesc,elastic,0.4365265568615082,0.048980778590646645,0.3924089054437368,N/A,N/A
5,propionic_CM_power_2_cutoff_6.0_Sqrt,3metaldesc,gp,0.44155752016795213,0.05781733249389724,0.40326265206585776,0.6990915789036067,1.2020302178198028
