,case,subcase,algo,mean of MAEs,std of MAEs,SD of AEs,mean of Stds,std of Stds
0,propionic_CM_power_2_cutoff_5.0_Sqrt,2metaldesc,svr,0.4551793156543617,0.08286690171812593,0.4268585954998117,N/A,N/A
1,propionic_CM_power_2_cutoff_5.0_Sqrt,2metaldesc,krr,0.4253631579536578,0.05811906245897651,0.36225932484972584,N/A,N/A
2,propionic_CM_power_2_cutoff_5.0_Sqrt,2metaldesc,ridge,0.45622460462401176,0.06909840519929959,0.4061956813596182,N/A,N/A
3,propionic_CM_power_2_cutoff_5.0_Sqrt,2metaldesc,lasso,0.45816283833762816,0.07881012898561784,0.418038005151377,N/A,N/A
4,propionic_CM_power_2_cutoff_5.0_Sqrt,2metaldesc,elastic,0.4373883062901207,0.06707202055556571,0.391815246203941,N/A,N/A
5,propionic_CM_power_2_cutoff_5.0_Sqrt,2metaldesc,gp,0.40566720117934957,0.05401550551010325,0.3885270309180126,0.09122217936021781,0.1682169515861832
