,case,subcase,algo,mean of MAEs,std of MAEs,SD of AEs,mean of Stds,std of Stds
0,propionic_CM_power_3_cutoff_4.5_Log,3metaldesc_fullbondcnt,svr,0.25089377433647053,0.03021944256407264,0.2546752685300808,N/A,N/A
1,propionic_CM_power_3_cutoff_4.5_Log,3metaldesc_fullbondcnt,krr,0.2667049606662087,0.03913054362145003,0.2368264535106198,N/A,N/A
2,propionic_CM_power_3_cutoff_4.5_Log,3metaldesc_fullbondcnt,ridge,0.3076427320981869,0.043134254131553036,0.26945497115305367,N/A,N/A
3,propionic_CM_power_3_cutoff_4.5_Log,3metaldesc_fullbondcnt,lasso,0.3283033111157303,0.053177184438950156,0.30499569548373523,N/A,N/A
4,propionic_CM_power_3_cutoff_4.5_Log,3metaldesc_fullbondcnt,elastic,0.30653063626506116,0.040940622096310046,0.2810488435801839,N/A,N/A
5,propionic_CM_power_3_cutoff_4.5_Log,3metaldesc_fullbondcnt,gp,0.2538541225122743,0.06394833667690634,0.34308944215873227,0.2471577228595175,0.48700521667697033
