,case,subcase,algo,mean of MAEs,std of MAEs,SD of AEs,mean of Stds,std of Stds
0,propionic_BoB_power_4_cutoff_6.0_Sqrt,3metaldesc_fullbondcnt,svr,0.138489663267738,0.021390402862778688,0.14789071247341826,N/A,N/A
1,propionic_BoB_power_4_cutoff_6.0_Sqrt,3metaldesc_fullbondcnt,krr,0.14611300008551373,0.027217536080833188,0.1553127777883042,N/A,N/A
2,propionic_BoB_power_4_cutoff_6.0_Sqrt,3metaldesc_fullbondcnt,ridge,0.32103573099443977,0.052436520998077635,0.29529614700072704,N/A,N/A
3,propionic_BoB_power_4_cutoff_6.0_Sqrt,3metaldesc_fullbondcnt,lasso,0.28492187929095225,0.05225649849089718,0.2584228085799702,N/A,N/A
4,propionic_BoB_power_4_cutoff_6.0_Sqrt,3metaldesc_fullbondcnt,elastic,0.3009858284472174,0.04502909498624797,0.27664418804884183,N/A,N/A
5,propionic_BoB_power_4_cutoff_6.0_Sqrt,3metaldesc_fullbondcnt,gp,0.13173179002536098,0.02447403333022344,0.14769095087213197,0.6149624126802989,0.3399226081900202
