,case,subcase,algo,mean of MAEs,std of MAEs,SD of AEs,mean of Stds,std of Stds
0,propionic_CM_power_3_cutoff_3.5_Sqrt,3metaldesc_fullbondcnt,svr,0.29712948877732637,0.04721308610817535,0.2938134522306617,N/A,N/A
1,propionic_CM_power_3_cutoff_3.5_Sqrt,3metaldesc_fullbondcnt,krr,0.3280522551539648,0.07121074212187657,0.31109114571685714,N/A,N/A
2,propionic_CM_power_3_cutoff_3.5_Sqrt,3metaldesc_fullbondcnt,ridge,0.3332042846958532,0.04523746266170877,0.2977157357033429,N/A,N/A
3,propionic_CM_power_3_cutoff_3.5_Sqrt,3metaldesc_fullbondcnt,lasso,0.3509744055997654,0.05147102292349688,0.31777789896566877,N/A,N/A
4,propionic_CM_power_3_cutoff_3.5_Sqrt,3metaldesc_fullbondcnt,elastic,0.3023933209680925,0.03957907964621607,0.26384376988448954,N/A,N/A
5,propionic_CM_power_3_cutoff_3.5_Sqrt,3metaldesc_fullbondcnt,gp,0.3375867996586124,0.050517432252975156,0.3278177860579295,0.21001155573839841,0.2032860514439068
