,case,subcase,algo,mean of MAEs,std of MAEs,SD of AEs,mean of Stds,std of Stds
0,propionic_BoB_power_2_cutoff_3.5_Log,2metaldesc,svr,0.17554493874119884,0.041148292182243924,0.23163107462216043,N/A,N/A
1,propionic_BoB_power_2_cutoff_3.5_Log,2metaldesc,krr,0.18443203226657992,0.054900446740563824,0.21730788263010617,N/A,N/A
2,propionic_BoB_power_2_cutoff_3.5_Log,2metaldesc,ridge,0.3034576001690152,0.03714848811431441,0.27501801171095097,N/A,N/A
3,propionic_BoB_power_2_cutoff_3.5_Log,2metaldesc,lasso,0.3086807854212712,0.04875269450690962,0.2740674471119972,N/A,N/A
4,propionic_BoB_power_2_cutoff_3.5_Log,2metaldesc,elastic,0.3241954495119307,0.04344855566697786,0.29620835909238913,N/A,N/A
5,propionic_BoB_power_2_cutoff_3.5_Log,2metaldesc,gp,0.17701985515348043,0.04341233387530695,0.25260757881415397,0.5324680071529941,0.3096522286001172
