,case,subcase,algo,mean of MAEs,std of MAEs,SD of AEs,mean of Stds,std of Stds
0,propionic_CM_power_3_cutoff_3.0_Sqrt,2metaldesc,svr,0.3815826401037479,0.08046871849381262,0.4096529088391766,N/A,N/A
1,propionic_CM_power_3_cutoff_3.0_Sqrt,2metaldesc,krr,0.3277742264865434,0.057963491533428876,0.31767346948534214,N/A,N/A
2,propionic_CM_power_3_cutoff_3.0_Sqrt,2metaldesc,ridge,0.3837500311192781,0.06413736305042271,0.3412774114099729,N/A,N/A
3,propionic_CM_power_3_cutoff_3.0_Sqrt,2metaldesc,lasso,0.38386064079108695,0.07017890586896207,0.3540285797584416,N/A,N/A
4,propionic_CM_power_3_cutoff_3.0_Sqrt,2metaldesc,elastic,0.3773708120856492,0.047352273984770765,0.3553684523733489,N/A,N/A
5,propionic_CM_power_3_cutoff_3.0_Sqrt,2metaldesc,gp,0.3971972258031745,0.06244965547611692,0.3643269506159617,0.047347234211355234,0.028851369450962658
