,case,subcase,algo,mean of MAEs,std of MAEs,SD of AEs,mean of Stds,std of Stds
0,propionic_BoB_power_5_cutoff_3.5_Log,3metaldesc,svr,0.15339275497726984,0.023687293524747455,0.15107988461760988,N/A,N/A
1,propionic_BoB_power_5_cutoff_3.5_Log,3metaldesc,krr,0.16737066547498664,0.03171397037873049,0.1891038728682915,N/A,N/A
2,propionic_BoB_power_5_cutoff_3.5_Log,3metaldesc,ridge,0.3235885551181219,0.037638665086983124,0.2792592756134202,N/A,N/A
3,propionic_BoB_power_5_cutoff_3.5_Log,3metaldesc,lasso,0.32365876289429385,0.05442139767609311,0.2931826544568382,N/A,N/A
4,propionic_BoB_power_5_cutoff_3.5_Log,3metaldesc,elastic,0.2947275152156472,0.03807952105570864,0.2624296600369656,N/A,N/A
5,propionic_BoB_power_5_cutoff_3.5_Log,3metaldesc,gp,0.13720628003577665,0.02768861965661729,0.14308227788886207,0.4167587343314258,0.2843983230838636
