,case,subcase,algo,mean of MAEs,std of MAEs,SD of AEs,mean of Stds,std of Stds
0,propionic_CM_power_3_cutoff_3.5_Sqrt,3metaldesc,svr,0.37134538082218244,0.06325470399580063,0.34243105091534715,N/A,N/A
1,propionic_CM_power_3_cutoff_3.5_Sqrt,3metaldesc,krr,0.37316986045325307,0.044911399231878035,0.33792015726140273,N/A,N/A
2,propionic_CM_power_3_cutoff_3.5_Sqrt,3metaldesc,ridge,0.37404713355987323,0.032356239551616026,0.3566589159504544,N/A,N/A
3,propionic_CM_power_3_cutoff_3.5_Sqrt,3metaldesc,lasso,0.3974546789439883,0.052981249023005196,0.3627794563280724,N/A,N/A
4,propionic_CM_power_3_cutoff_3.5_Sqrt,3metaldesc,elastic,0.36705858923301093,0.050132008661496426,0.3430523137686354,N/A,N/A
5,propionic_CM_power_3_cutoff_3.5_Sqrt,3metaldesc,gp,0.36182385874916306,0.05781850586419632,0.3762485890480217,0.12286273375845541,0.4062196639032271
