,case,subcase,algo,mean of MAEs,std of MAEs,SD of AEs,mean of Stds,std of Stds
0,propionic_CM_power_2_cutoff_5.5_Sqrt,2metaldesc,svr,0.42228808936762496,0.08765349615207728,0.39799334878070863,N/A,N/A
1,propionic_CM_power_2_cutoff_5.5_Sqrt,2metaldesc,krr,0.42964434573709787,0.06245679666576766,0.39304844693417934,N/A,N/A
2,propionic_CM_power_2_cutoff_5.5_Sqrt,2metaldesc,ridge,0.44797478349470493,0.052337245466243625,0.38084855901461145,N/A,N/A
3,propionic_CM_power_2_cutoff_5.5_Sqrt,2metaldesc,lasso,0.4296635837473127,0.05892157624066631,0.37682423363607964,N/A,N/A
4,propionic_CM_power_2_cutoff_5.5_Sqrt,2metaldesc,elastic,0.4423809877330911,0.06330938965278406,0.3982722704696812,N/A,N/A
5,propionic_CM_power_2_cutoff_5.5_Sqrt,2metaldesc,gp,0.43757421389484585,0.06623782666979573,0.40504050257374996,0.38228478101135793,0.7173051362925555
