,case,subcase,algo,mean of MAEs,std of MAEs,SD of AEs,mean of Stds,std of Stds
0,propionic_BoB_power_4_cutoff_6.0_Log,3metaldesc_metalbondcnt,svr,0.14987798405641584,0.0276289601155985,0.17177220807289637,N/A,N/A
1,propionic_BoB_power_4_cutoff_6.0_Log,3metaldesc_metalbondcnt,krr,0.15036266083727506,0.03508445044976233,0.17457445958751494,N/A,N/A
2,propionic_BoB_power_4_cutoff_6.0_Log,3metaldesc_metalbondcnt,ridge,0.3076219520474056,0.0575388944053311,0.27979601745063476,N/A,N/A
3,propionic_BoB_power_4_cutoff_6.0_Log,3metaldesc_metalbondcnt,lasso,0.30925544052301845,0.02748220154557893,0.27153581134514754,N/A,N/A
4,propionic_BoB_power_4_cutoff_6.0_Log,3metaldesc_metalbondcnt,elastic,0.3099422943229076,0.039300729369368265,0.2849365896053274,N/A,N/A
5,propionic_BoB_power_4_cutoff_6.0_Log,3metaldesc_metalbondcnt,gp,0.14176828203615902,0.02597780625042543,0.1360512752669116,0.4685588373216853,0.3042811505751756
