,case,subcase,algo,mean of MAEs,std of MAEs,SD of AEs,mean of Stds,std of Stds
0,propionic_CM_power_4_cutoff_2.5_Log,3metaldesc,svr,0.3181720767575385,0.0739496147818167,0.3687484723089333,N/A,N/A
1,propionic_CM_power_4_cutoff_2.5_Log,3metaldesc,krr,0.31075806225794794,0.04206139938976239,0.31128846356492185,N/A,N/A
2,propionic_CM_power_4_cutoff_2.5_Log,3metaldesc,ridge,0.3827671784782751,0.04951009451147825,0.3385491188984266,N/A,N/A
3,propionic_CM_power_4_cutoff_2.5_Log,3metaldesc,lasso,0.39098184937057373,0.05470090213491269,0.34861994152705983,N/A,N/A
4,propionic_CM_power_4_cutoff_2.5_Log,3metaldesc,elastic,0.40110768011705145,0.046322028008848035,0.338948032233757,N/A,N/A
5,propionic_CM_power_4_cutoff_2.5_Log,3metaldesc,gp,0.3118047254690481,0.07877167408556912,0.42859701510533227,0.02570008039760657,0.02269178799671507
