,case,subcase,algo,mean of MAEs,std of MAEs,SD of AEs,mean of Stds,std of Stds
0,propionic_BoB_power_1_cutoff_6.0_Log,2metaldesc,svr,0.19396675292641352,0.034581612795006475,0.181105580925352,N/A,N/A
1,propionic_BoB_power_1_cutoff_6.0_Log,2metaldesc,krr,0.2442899537998181,0.037146082311202325,0.23197844453736066,N/A,N/A
2,propionic_BoB_power_1_cutoff_6.0_Log,2metaldesc,ridge,0.32110318625786277,0.04188477026507765,0.28610755097808543,N/A,N/A
3,propionic_BoB_power_1_cutoff_6.0_Log,2metaldesc,lasso,0.3000373930775172,0.03760279067554922,0.2688775550927978,N/A,N/A
4,propionic_BoB_power_1_cutoff_6.0_Log,2metaldesc,elastic,0.3115060341141261,0.053803592823426075,0.2865054318685765,N/A,N/A
5,propionic_BoB_power_1_cutoff_6.0_Log,2metaldesc,gp,0.21527503976808213,0.023683768247930302,0.21425646525289474,0.5597390106308968,0.3361453459816545
