,case,subcase,algo,mean of MAEs,std of MAEs,SD of AEs,mean of Stds,std of Stds
0,propionic_BoB_power_2_cutoff_4.5_Log,3metaldesc,svr,0.14016616853356667,0.025557570663236117,0.13217179862346679,N/A,N/A
1,propionic_BoB_power_2_cutoff_4.5_Log,3metaldesc,krr,0.17149716082106256,0.029523767726403267,0.18187738965733288,N/A,N/A
2,propionic_BoB_power_2_cutoff_4.5_Log,3metaldesc,ridge,0.31289908470515015,0.03605547756107334,0.28022401644545863,N/A,N/A
3,propionic_BoB_power_2_cutoff_4.5_Log,3metaldesc,lasso,0.3197841485674902,0.036934584092358023,0.2932015619454515,N/A,N/A
4,propionic_BoB_power_2_cutoff_4.5_Log,3metaldesc,elastic,0.3123301760632058,0.04708720193284466,0.2818674236888097,N/A,N/A
5,propionic_BoB_power_2_cutoff_4.5_Log,3metaldesc,gp,0.14202188906609042,0.027303432173246784,0.14183427787225922,0.6312480204885424,0.31293897452991326
