,case,subcase,algo,mean of MAEs,std of MAEs,SD of AEs,mean of Stds,std of Stds
0,propionic_BoB_power_3_cutoff_4.5_Sqrt,2metaldesc,svr,0.17148413606429455,0.024983654809273663,0.19488683874808757,N/A,N/A
1,propionic_BoB_power_3_cutoff_4.5_Sqrt,2metaldesc,krr,0.19364508667144104,0.04626226054969049,0.2003969298271355,N/A,N/A
2,propionic_BoB_power_3_cutoff_4.5_Sqrt,2metaldesc,ridge,0.31211372249270747,0.046750565160486375,0.28380436572602624,N/A,N/A
3,propionic_BoB_power_3_cutoff_4.5_Sqrt,2metaldesc,lasso,0.3122311889427657,0.047132414210062104,0.2767308660253636,N/A,N/A
4,propionic_BoB_power_3_cutoff_4.5_Sqrt,2metaldesc,elastic,0.3132086435742704,0.04645357080174404,0.2831741141235658,N/A,N/A
5,propionic_BoB_power_3_cutoff_4.5_Sqrt,2metaldesc,gp,0.18126189019537825,0.03656959350923996,0.18563470017672776,0.8742161195606293,0.3599747555138925
