,case,subcase,algo,mean of MAEs,std of MAEs,SD of AEs,mean of Stds,std of Stds
0,propionic_BoB_power_2_cutoff_3.5_Sqrt,3metaldesc,svr,0.14311702158731107,0.030856506562754734,0.16130318316948147,N/A,N/A
1,propionic_BoB_power_2_cutoff_3.5_Sqrt,3metaldesc,krr,0.1685419200187283,0.025873875344892095,0.16736791899126063,N/A,N/A
2,propionic_BoB_power_2_cutoff_3.5_Sqrt,3metaldesc,ridge,0.29655549133277975,0.03298153925811992,0.24904465495535055,N/A,N/A
3,propionic_BoB_power_2_cutoff_3.5_Sqrt,3metaldesc,lasso,0.3039883714037088,0.03913158620383512,0.24963386672940094,N/A,N/A
4,propionic_BoB_power_2_cutoff_3.5_Sqrt,3metaldesc,elastic,0.3065422190106915,0.04693764067936392,0.2628888866433502,N/A,N/A
5,propionic_BoB_power_2_cutoff_3.5_Sqrt,3metaldesc,gp,0.17421017283059576,0.035133138444558384,0.2675370863164272,0.645571390803293,0.6815014728800014
