,case,subcase,algo,mean of MAEs,std of MAEs,SD of AEs,mean of Stds,std of Stds
0,propionic_CM_power_4_cutoff_5.5_Log,2metaldesc,svr,0.33217640135265897,0.06336139649622172,0.3230206715247902,N/A,N/A
1,propionic_CM_power_4_cutoff_5.5_Log,2metaldesc,krr,0.31837137077546623,0.054633431441588186,0.3046660876281903,N/A,N/A
2,propionic_CM_power_4_cutoff_5.5_Log,2metaldesc,ridge,0.3863435366762172,0.0422104795684326,0.32867320770272446,N/A,N/A
3,propionic_CM_power_4_cutoff_5.5_Log,2metaldesc,lasso,0.38322851428983656,0.0550797262469842,0.32722790221414216,N/A,N/A
4,propionic_CM_power_4_cutoff_5.5_Log,2metaldesc,elastic,0.37666513657815764,0.05495417560637597,0.3184005072998266,N/A,N/A
5,propionic_CM_power_4_cutoff_5.5_Log,2metaldesc,gp,0.3181889985741116,0.052860273521076785,0.3127094564236983,0.05228993275866595,0.04363549868554414
