,case,subcase,algo,mean of MAEs,std of MAEs,SD of AEs,mean of Stds,std of Stds
0,propionic_BoB_power_4_cutoff_2.5_Sqrt,2metaldesc,svr,0.19193044872648402,0.054475597864918485,0.28416247612494566,N/A,N/A
1,propionic_BoB_power_4_cutoff_2.5_Sqrt,2metaldesc,krr,0.17272563467953408,0.02917665596229099,0.1667790987138591,N/A,N/A
2,propionic_BoB_power_4_cutoff_2.5_Sqrt,2metaldesc,ridge,0.30283158827459594,0.04275277078979145,0.25406072422692005,N/A,N/A
3,propionic_BoB_power_4_cutoff_2.5_Sqrt,2metaldesc,lasso,0.306184027938921,0.046937202748730734,0.2593153805046401,N/A,N/A
4,propionic_BoB_power_4_cutoff_2.5_Sqrt,2metaldesc,elastic,0.3015966034040376,0.04185922933287472,0.25480861137530336,N/A,N/A
5,propionic_BoB_power_4_cutoff_2.5_Sqrt,2metaldesc,gp,0.16055233422954995,0.026734604555154563,0.17247693917779414,0.2693870699366034,0.2615999762524819
