,case,subcase,algo,mean of MAEs,std of MAEs,SD of AEs,mean of Stds,std of Stds
0,propionic_CM_power_2_cutoff_5.0_Sqrt,3metaldesc,svr,0.4241112538881543,0.06732180245241255,0.40740252281925343,N/A,N/A
1,propionic_CM_power_2_cutoff_5.0_Sqrt,3metaldesc,krr,0.3973140301887534,0.06397969752805435,0.3530826083351881,N/A,N/A
2,propionic_CM_power_2_cutoff_5.0_Sqrt,3metaldesc,ridge,0.45550151744634404,0.07592283502798092,0.4077397941012536,N/A,N/A
3,propionic_CM_power_2_cutoff_5.0_Sqrt,3metaldesc,lasso,0.46722065510253225,0.04744905292266693,0.3974910390797917,N/A,N/A
4,propionic_CM_power_2_cutoff_5.0_Sqrt,3metaldesc,elastic,0.4221319663748182,0.05483656139833226,0.3809479230453038,N/A,N/A
5,propionic_CM_power_2_cutoff_5.0_Sqrt,3metaldesc,gp,0.4385621124605681,0.08092327115928283,0.4223796547341107,0.1260119581646099,0.2516993977105326
