,case,subcase,algo,mean of MAEs,std of MAEs,SD of AEs,mean of Stds,std of Stds
0,propionic_BoB_power_5_cutoff_3.0_Sqrt,2metaldesc,svr,0.17463212261341682,0.042541574223656176,0.246731575786284,N/A,N/A
1,propionic_BoB_power_5_cutoff_3.0_Sqrt,2metaldesc,krr,0.16433666951872433,0.02600181936849131,0.1707911395080587,N/A,N/A
2,propionic_BoB_power_5_cutoff_3.0_Sqrt,2metaldesc,ridge,0.297329858362572,0.04451866885379523,0.2590450961768892,N/A,N/A
3,propionic_BoB_power_5_cutoff_3.0_Sqrt,2metaldesc,lasso,0.2986709959219594,0.03279395095996235,0.2709490887416622,N/A,N/A
4,propionic_BoB_power_5_cutoff_3.0_Sqrt,2metaldesc,elastic,0.3280367940687915,0.05021412374189908,0.31796474188060614,N/A,N/A
5,propionic_BoB_power_5_cutoff_3.0_Sqrt,2metaldesc,gp,0.1629427654514097,0.036253576106481014,0.20424437638073203,0.3688426388370267,0.3150260493991402
