,case,subcase,algo,mean of MAEs,std of MAEs,SD of AEs,mean of Stds,std of Stds
0,propionic_BoB_power_5_cutoff_6.0_Sqrt,2metaldesc_fullbondcnt,svr,0.15577074326642978,0.036244307791326764,0.191395437910019,N/A,N/A
1,propionic_BoB_power_5_cutoff_6.0_Sqrt,2metaldesc_fullbondcnt,krr,0.15394609615579558,0.03104701393037325,0.18245479286030342,N/A,N/A
2,propionic_BoB_power_5_cutoff_6.0_Sqrt,2metaldesc_fullbondcnt,ridge,0.30525903751224287,0.038611158109046355,0.2573698962768464,N/A,N/A
3,propionic_BoB_power_5_cutoff_6.0_Sqrt,2metaldesc_fullbondcnt,lasso,0.29173462965608205,0.03560239496710364,0.2591164334720216,N/A,N/A
4,propionic_BoB_power_5_cutoff_6.0_Sqrt,2metaldesc_fullbondcnt,elastic,0.2876609052966719,0.042770857028999056,0.2442505237715362,N/A,N/A
5,propionic_BoB_power_5_cutoff_6.0_Sqrt,2metaldesc_fullbondcnt,gp,0.15568408195924602,0.031460776929613576,0.1863904203576562,0.2769498672216601,0.24780634597982584
