,case,subcase,algo,mean of MAEs,std of MAEs,SD of AEs,mean of Stds,std of Stds
0,propionic_BoB_power_1_cutoff_6.0_Sqrt,3metaldesc,svr,0.2319270426722508,0.04337979152512567,0.2565493553115526,N/A,N/A
1,propionic_BoB_power_1_cutoff_6.0_Sqrt,3metaldesc,krr,0.2854974230066225,0.050280992778989494,0.281226735142415,N/A,N/A
2,propionic_BoB_power_1_cutoff_6.0_Sqrt,3metaldesc,ridge,0.32166021187004434,0.04040457246073873,0.2694997971096236,N/A,N/A
3,propionic_BoB_power_1_cutoff_6.0_Sqrt,3metaldesc,lasso,0.3166147960250905,0.043158441434764265,0.2607692456399482,N/A,N/A
4,propionic_BoB_power_1_cutoff_6.0_Sqrt,3metaldesc,elastic,0.29915443067615394,0.043554811936479074,0.2642082640213577,N/A,N/A
5,propionic_BoB_power_1_cutoff_6.0_Sqrt,3metaldesc,gp,0.19550727872797488,0.036060864605898045,0.2039897773683141,0.41602884746258895,0.2533446799484749
