,case,subcase,algo,mean of MAEs,std of MAEs,SD of AEs,mean of Stds,std of Stds
0,propionic_BoB_power_3_cutoff_4.0_Sqrt,3metaldesc_fullbondcnt,svr,0.13683157795469744,0.019060106075899332,0.1305664732640143,N/A,N/A
1,propionic_BoB_power_3_cutoff_4.0_Sqrt,3metaldesc_fullbondcnt,krr,0.16030837688315588,0.025490659906636255,0.15272773639336054,N/A,N/A
2,propionic_BoB_power_3_cutoff_4.0_Sqrt,3metaldesc_fullbondcnt,ridge,0.2938877732843812,0.04098028703991634,0.25390888120532806,N/A,N/A
3,propionic_BoB_power_3_cutoff_4.0_Sqrt,3metaldesc_fullbondcnt,lasso,0.30898827868828854,0.05252023705586983,0.2654467084463522,N/A,N/A
4,propionic_BoB_power_3_cutoff_4.0_Sqrt,3metaldesc_fullbondcnt,elastic,0.3206976269802761,0.04584757568608043,0.2901431464541065,N/A,N/A
5,propionic_BoB_power_3_cutoff_4.0_Sqrt,3metaldesc_fullbondcnt,gp,0.1418163765934214,0.03473947536188873,0.17718740447493692,0.8179735091085854,0.43085171463043986
