,case,subcase,algo,mean of MAEs,std of MAEs,SD of AEs,mean of Stds,std of Stds
0,propionic_CM_power_5_cutoff_4.5_Log,3metaldesc,svr,0.33899139906726794,0.07566462325262523,0.3542971375512572,N/A,N/A
1,propionic_CM_power_5_cutoff_4.5_Log,3metaldesc,krr,0.29920810756092936,0.05363873599714836,0.29822526662461685,N/A,N/A
2,propionic_CM_power_5_cutoff_4.5_Log,3metaldesc,ridge,0.40244428652732417,0.04700710300761853,0.3209755999943598,N/A,N/A
3,propionic_CM_power_5_cutoff_4.5_Log,3metaldesc,lasso,0.4046680788884614,0.04220470945736209,0.32603884419645696,N/A,N/A
4,propionic_CM_power_5_cutoff_4.5_Log,3metaldesc,elastic,0.39200030492579235,0.04458860347433163,0.321416939498979,N/A,N/A
5,propionic_CM_power_5_cutoff_4.5_Log,3metaldesc,gp,0.3105223087944083,0.057275066108300264,0.3230666753396372,0.09305356230531038,0.21465273681955202
