,case,subcase,algo,mean of MAEs,std of MAEs,SD of AEs,mean of Stds,std of Stds
0,propionic_CM_power_4_cutoff_3.0_Log,3metaldesc_fullbondcnt,svr,0.24916897241793032,0.04733657520419139,0.27124184596387285,N/A,N/A
1,propionic_CM_power_4_cutoff_3.0_Log,3metaldesc_fullbondcnt,krr,0.2715605496236146,0.047172085677731956,0.2629317732432195,N/A,N/A
2,propionic_CM_power_4_cutoff_3.0_Log,3metaldesc_fullbondcnt,ridge,0.29809902416471007,0.04817700291291608,0.2773576903434708,N/A,N/A
3,propionic_CM_power_4_cutoff_3.0_Log,3metaldesc_fullbondcnt,lasso,0.295150926426976,0.039443859953428126,0.2650614780154325,N/A,N/A
4,propionic_CM_power_4_cutoff_3.0_Log,3metaldesc_fullbondcnt,elastic,0.30462807840607165,0.02993815598316409,0.2780760114310736,N/A,N/A
5,propionic_CM_power_4_cutoff_3.0_Log,3metaldesc_fullbondcnt,gp,0.21757804742645653,0.04089734469332624,0.2574104023954044,0.041498798187935046,0.03268733685161769
