,case,subcase,algo,mean of MAEs,std of MAEs,SD of AEs,mean of Stds,std of Stds
0,propionic_BoB_power_1_cutoff_4.5_Log,3metaldesc,svr,0.15906434470006933,0.02864261968234599,0.15347876044976325,N/A,N/A
1,propionic_BoB_power_1_cutoff_4.5_Log,3metaldesc,krr,0.1835530888525437,0.03164939725081221,0.1910566396050969,N/A,N/A
2,propionic_BoB_power_1_cutoff_4.5_Log,3metaldesc,ridge,0.3130939366016729,0.03068626274024472,0.27193787954559673,N/A,N/A
3,propionic_BoB_power_1_cutoff_4.5_Log,3metaldesc,lasso,0.30007409627262127,0.03556445690858169,0.25489780863404254,N/A,N/A
4,propionic_BoB_power_1_cutoff_4.5_Log,3metaldesc,elastic,0.2947610697072117,0.03708810384844121,0.2681924287286074,N/A,N/A
5,propionic_BoB_power_1_cutoff_4.5_Log,3metaldesc,gp,0.18632854438412583,0.042921644735021205,0.23632297551808448,0.8157836225144708,0.5958869866202436
