,case,subcase,algo,mean of MAEs,std of MAEs,SD of AEs,mean of Stds,std of Stds
0,propionic_CM_power_1_cutoff_2.5_Sqrt,3metaldesc,svr,0.34745392350193116,0.07707266674388435,0.3656080407177983,N/A,N/A
1,propionic_CM_power_1_cutoff_2.5_Sqrt,3metaldesc,krr,0.2951084823163036,0.05038752784610112,0.2925848970398531,N/A,N/A
2,propionic_CM_power_1_cutoff_2.5_Sqrt,3metaldesc,ridge,0.35508804055193155,0.06776380443573354,0.33018517448519347,N/A,N/A
3,propionic_CM_power_1_cutoff_2.5_Sqrt,3metaldesc,lasso,0.3506878451300433,0.0444861530327584,0.31849136705914993,N/A,N/A
4,propionic_CM_power_1_cutoff_2.5_Sqrt,3metaldesc,elastic,0.35132641064077086,0.054439885885302575,0.3206177095405417,N/A,N/A
5,propionic_CM_power_1_cutoff_2.5_Sqrt,3metaldesc,gp,0.3187039446936679,0.05783624750907754,0.34663465432947604,0.028040593066307334,0.06086213002229279
