,case,subcase,algo,mean of MAEs,std of MAEs,SD of AEs,mean of Stds,std of Stds
0,propionic_BoB_power_3_cutoff_4.5_Log,3metaldesc,svr,0.1545812358263567,0.023757607248409324,0.16121188693037566,N/A,N/A
1,propionic_BoB_power_3_cutoff_4.5_Log,3metaldesc,krr,0.15399868032810546,0.028919438392593803,0.16205258547658968,N/A,N/A
2,propionic_BoB_power_3_cutoff_4.5_Log,3metaldesc,ridge,0.2959407580058425,0.03552659668782751,0.2606342027843992,N/A,N/A
3,propionic_BoB_power_3_cutoff_4.5_Log,3metaldesc,lasso,0.318101093662343,0.048359856738746446,0.274467567848804,N/A,N/A
4,propionic_BoB_power_3_cutoff_4.5_Log,3metaldesc,elastic,0.29348558574307715,0.042739619165387085,0.25769762989197126,N/A,N/A
5,propionic_BoB_power_3_cutoff_4.5_Log,3metaldesc,gp,0.13723868347885892,0.02444793677053011,0.14706631822317667,0.6545683129964773,0.3365210430403393
