,case,subcase,algo,mean of MAEs,std of MAEs,SD of AEs,mean of Stds,std of Stds
0,propionic_CM_power_4_cutoff_3.5_Log,2metaldesc,svr,0.3494709298648824,0.06915952086817612,0.3719455968650084,N/A,N/A
1,propionic_CM_power_4_cutoff_3.5_Log,2metaldesc,krr,0.2976229892631867,0.03774513845794428,0.2804947865147049,N/A,N/A
2,propionic_CM_power_4_cutoff_3.5_Log,2metaldesc,ridge,0.3957827081129544,0.044305556435858755,0.3384319571735999,N/A,N/A
3,propionic_CM_power_4_cutoff_3.5_Log,2metaldesc,lasso,0.37632849288816134,0.05665065337134821,0.3268549872260256,N/A,N/A
4,propionic_CM_power_4_cutoff_3.5_Log,2metaldesc,elastic,0.37745209412972924,0.05747042089502393,0.33890115995500203,N/A,N/A
5,propionic_CM_power_4_cutoff_3.5_Log,2metaldesc,gp,0.30725194356849955,0.04847447035338355,0.3086353848117527,0.041116383889399616,0.04082961864822064
