,case,subcase,algo,mean of MAEs,std of MAEs,SD of AEs,mean of Stds,std of Stds
0,propionic_CM_power_1_cutoff_5.0_Log,3metaldesc,svr,0.414430969434935,0.07441640379086342,0.37388542257446766,N/A,N/A
1,propionic_CM_power_1_cutoff_5.0_Log,3metaldesc,krr,0.3401524767973417,0.06567856361947169,0.34796969484962714,N/A,N/A
2,propionic_CM_power_1_cutoff_5.0_Log,3metaldesc,ridge,0.3948229673357566,0.045549238057929806,0.35723963298949496,N/A,N/A
3,propionic_CM_power_1_cutoff_5.0_Log,3metaldesc,lasso,0.389788495367055,0.0655731310715095,0.3385300836028329,N/A,N/A
4,propionic_CM_power_1_cutoff_5.0_Log,3metaldesc,elastic,0.38612465530519074,0.051305893483340574,0.3462425777092199,N/A,N/A
5,propionic_CM_power_1_cutoff_5.0_Log,3metaldesc,gp,0.39868016283303,0.0631439044737605,0.35881692007473964,0.13667354495391254,0.1648990541243855
