,case,subcase,algo,mean of MAEs,std of MAEs,SD of AEs,mean of Stds,std of Stds
0,propionic_CM_power_3_cutoff_3.0_Log,3metaldesc,svr,0.31750688748577915,0.045888303448421236,0.3265705482476073,N/A,N/A
1,propionic_CM_power_3_cutoff_3.0_Log,3metaldesc,krr,0.2879645321751274,0.0337427475033428,0.2783550686065777,N/A,N/A
2,propionic_CM_power_3_cutoff_3.0_Log,3metaldesc,ridge,0.37836712956621826,0.05127002837494617,0.3306214968789622,N/A,N/A
3,propionic_CM_power_3_cutoff_3.0_Log,3metaldesc,lasso,0.3803004548251851,0.04412043972634088,0.3206470985003778,N/A,N/A
4,propionic_CM_power_3_cutoff_3.0_Log,3metaldesc,elastic,0.37249727809515787,0.04189935676582367,0.3142889382401581,N/A,N/A
5,propionic_CM_power_3_cutoff_3.0_Log,3metaldesc,gp,0.32127223510800923,0.048024898265114434,0.30159292039779695,0.05174029114589345,0.044368717786693705
