,case,subcase,algo,mean of MAEs,std of MAEs,SD of AEs,mean of Stds,std of Stds
0,propionic_BoB_power_1_cutoff_3.0_Sqrt,2metaldesc,svr,0.18102919337164344,0.028410146583186698,0.20203397158593245,N/A,N/A
1,propionic_BoB_power_1_cutoff_3.0_Sqrt,2metaldesc,krr,0.17746957698107607,0.025698977789766875,0.16451804420684346,N/A,N/A
2,propionic_BoB_power_1_cutoff_3.0_Sqrt,2metaldesc,ridge,0.2957385030177194,0.04706050173026562,0.26646553789224003,N/A,N/A
3,propionic_BoB_power_1_cutoff_3.0_Sqrt,2metaldesc,lasso,0.3039744312374218,0.03149448508530325,0.27066543019405787,N/A,N/A
4,propionic_BoB_power_1_cutoff_3.0_Sqrt,2metaldesc,elastic,0.30775217740062794,0.04309144787153041,0.2748074722998065,N/A,N/A
5,propionic_BoB_power_1_cutoff_3.0_Sqrt,2metaldesc,gp,0.19007982677183377,0.04881451162420638,0.3318308817050546,0.7091767400411975,0.48897588208286524
