,case,subcase,algo,mean of MAEs,std of MAEs,SD of AEs,mean of Stds,std of Stds
0,propionic_CM_power_4_cutoff_4.5_Sqrt,3metaldesc,svr,0.3600407407802051,0.06571555709964359,0.38815878576604956,N/A,N/A
1,propionic_CM_power_4_cutoff_4.5_Sqrt,3metaldesc,krr,0.34994713566833885,0.06688968174068828,0.34322842593976854,N/A,N/A
2,propionic_CM_power_4_cutoff_4.5_Sqrt,3metaldesc,ridge,0.39636977724319217,0.045594040518133414,0.3253071868354804,N/A,N/A
3,propionic_CM_power_4_cutoff_4.5_Sqrt,3metaldesc,lasso,0.39755164746607674,0.04487901141522868,0.35432728554942644,N/A,N/A
4,propionic_CM_power_4_cutoff_4.5_Sqrt,3metaldesc,elastic,0.38135939095534427,0.059084991480204636,0.326695114783041,N/A,N/A
5,propionic_CM_power_4_cutoff_4.5_Sqrt,3metaldesc,gp,0.40383795905008796,0.07886879484365696,0.41762774304781763,0.1736151068587255,0.44709606808058516
