,case,subcase,algo,mean of MAEs,std of MAEs,SD of AEs,mean of Stds,std of Stds
0,propionic_BoB_power_4_cutoff_6.0_Sqrt,2metaldesc,svr,0.1836247315012909,0.04279264735612078,0.22031675344066612,N/A,N/A
1,propionic_BoB_power_4_cutoff_6.0_Sqrt,2metaldesc,krr,0.17647531650972895,0.03593098388136124,0.19354459937152504,N/A,N/A
2,propionic_BoB_power_4_cutoff_6.0_Sqrt,2metaldesc,ridge,0.30470803680804953,0.03821153708505415,0.2745309067754192,N/A,N/A
3,propionic_BoB_power_4_cutoff_6.0_Sqrt,2metaldesc,lasso,0.2889933014386816,0.041302065288836384,0.27159112712040245,N/A,N/A
4,propionic_BoB_power_4_cutoff_6.0_Sqrt,2metaldesc,elastic,0.31990288941243883,0.048569455409143404,0.3016078781389872,N/A,N/A
5,propionic_BoB_power_4_cutoff_6.0_Sqrt,2metaldesc,gp,0.1662951838286333,0.02390273267978371,0.18148417354124144,0.5797813946731728,0.2600275277458408
