,case,subcase,algo,mean of MAEs,std of MAEs,SD of AEs,mean of Stds,std of Stds
0,propionic_CM_power_5_cutoff_5.0_Sqrt,3metaldesc,svr,0.3655146037264592,0.06901187406936303,0.38368734470463545,N/A,N/A
1,propionic_CM_power_5_cutoff_5.0_Sqrt,3metaldesc,krr,0.3699482620800096,0.07054218299164364,0.38553441089961654,N/A,N/A
2,propionic_CM_power_5_cutoff_5.0_Sqrt,3metaldesc,ridge,0.38255849043093226,0.03870065845390236,0.30893221607880317,N/A,N/A
3,propionic_CM_power_5_cutoff_5.0_Sqrt,3metaldesc,lasso,0.3800302973684686,0.03916929132300348,0.3027644264414234,N/A,N/A
4,propionic_CM_power_5_cutoff_5.0_Sqrt,3metaldesc,elastic,0.380776308929531,0.04192950413482819,0.3210424947984218,N/A,N/A
5,propionic_CM_power_5_cutoff_5.0_Sqrt,3metaldesc,gp,0.35902393197906834,0.060274782650478725,0.336654038592886,0.039094493087639653,0.011470587465181953
