,case,subcase,algo,mean of MAEs,std of MAEs,SD of AEs,mean of Stds,std of Stds
0,propionic_CM_power_4_cutoff_3.0_Log,2metaldesc,svr,0.32046142884556955,0.04245248197743571,0.32081829002880724,N/A,N/A
1,propionic_CM_power_4_cutoff_3.0_Log,2metaldesc,krr,0.3086637756375767,0.0741176081314326,0.30478178002260836,N/A,N/A
2,propionic_CM_power_4_cutoff_3.0_Log,2metaldesc,ridge,0.3733805229679975,0.04406147994791294,0.3218838816601871,N/A,N/A
3,propionic_CM_power_4_cutoff_3.0_Log,2metaldesc,lasso,0.377637623887832,0.047337677287362406,0.3185980489819938,N/A,N/A
4,propionic_CM_power_4_cutoff_3.0_Log,2metaldesc,elastic,0.38373621690733695,0.045047367422600425,0.318994424737754,N/A,N/A
5,propionic_CM_power_4_cutoff_3.0_Log,2metaldesc,gp,0.3076267838731749,0.057357685800442836,0.34074063800315385,0.03881712785272174,0.03482287885154782
