,case,subcase,algo,mean of MAEs,std of MAEs,SD of AEs,mean of Stds,std of Stds
0,propionic_BoB_power_1_cutoff_6.0_Sqrt,2metaldesc,svr,0.2559327118459434,0.044661643549765644,0.27642563966333256,N/A,N/A
1,propionic_BoB_power_1_cutoff_6.0_Sqrt,2metaldesc,krr,0.3123996160478743,0.057314918763638104,0.28170955793418195,N/A,N/A
2,propionic_BoB_power_1_cutoff_6.0_Sqrt,2metaldesc,ridge,0.32084528106020344,0.05117177068326999,0.2675760188320333,N/A,N/A
3,propionic_BoB_power_1_cutoff_6.0_Sqrt,2metaldesc,lasso,0.30618011372951287,0.0440974233423877,0.2660337488416056,N/A,N/A
4,propionic_BoB_power_1_cutoff_6.0_Sqrt,2metaldesc,elastic,0.2966390450844344,0.04765388335413289,0.2678752030634297,N/A,N/A
5,propionic_BoB_power_1_cutoff_6.0_Sqrt,2metaldesc,gp,0.2295983206167692,0.03257054575020699,0.20973069611089304,0.42722935895984127,0.23857644853916862
