,case,subcase,algo,mean of MAEs,std of MAEs,SD of AEs,mean of Stds,std of Stds
0,propionic_BoB_power_2_cutoff_6.0_Sqrt,3metaldesc_metalbondcnt,svr,0.18557707695538228,0.037946668502326746,0.2278035104367765,N/A,N/A
1,propionic_BoB_power_2_cutoff_6.0_Sqrt,3metaldesc_metalbondcnt,krr,0.2056671609442339,0.033259725594261665,0.1939446257216463,N/A,N/A
2,propionic_BoB_power_2_cutoff_6.0_Sqrt,3metaldesc_metalbondcnt,ridge,0.3118408502940167,0.05391239368632866,0.2667705639864379,N/A,N/A
3,propionic_BoB_power_2_cutoff_6.0_Sqrt,3metaldesc_metalbondcnt,lasso,0.2993787633488449,0.04147184144870974,0.2627694110063535,N/A,N/A
4,propionic_BoB_power_2_cutoff_6.0_Sqrt,3metaldesc_metalbondcnt,elastic,0.3101733479563381,0.04580895251731915,0.28439080379965337,N/A,N/A
5,propionic_BoB_power_2_cutoff_6.0_Sqrt,3metaldesc_metalbondcnt,gp,0.16988134172411326,0.03275760146480932,0.1695688380232493,0.20147296630352937,0.13925811374274033
