,case,subcase,algo,mean of MAEs,std of MAEs,SD of AEs,mean of Stds,std of Stds
0,propionic_BoB_power_1_cutoff_5.5_Log,2metaldesc,svr,0.20069310113177039,0.03378900700165399,0.19888377401781038,N/A,N/A
1,propionic_BoB_power_1_cutoff_5.5_Log,2metaldesc,krr,0.23856107718513908,0.04444912662688385,0.21264237710189784,N/A,N/A
2,propionic_BoB_power_1_cutoff_5.5_Log,2metaldesc,ridge,0.29378098648166157,0.03810026958290089,0.256236614585314,N/A,N/A
3,propionic_BoB_power_1_cutoff_5.5_Log,2metaldesc,lasso,0.30063011176553817,0.03840934091324041,0.2532881159786155,N/A,N/A
4,propionic_BoB_power_1_cutoff_5.5_Log,2metaldesc,elastic,0.29867829954141045,0.04212984090059148,0.2626157722527281,N/A,N/A
5,propionic_BoB_power_1_cutoff_5.5_Log,2metaldesc,gp,0.227349885741687,0.03647521360800917,0.22825720656539156,0.7133077197298131,0.6380363249784621
