,case,subcase,algo,mean of MAEs,std of MAEs,SD of AEs,mean of Stds,std of Stds
0,propionic_BoB_power_5_cutoff_6.0_Sqrt,3metaldesc,svr,0.14834785036067272,0.03017478947835349,0.1695430174122984,N/A,N/A
1,propionic_BoB_power_5_cutoff_6.0_Sqrt,3metaldesc,krr,0.14594935744678406,0.03153327134374265,0.1536678162729021,N/A,N/A
2,propionic_BoB_power_5_cutoff_6.0_Sqrt,3metaldesc,ridge,0.3091939756804591,0.036847418212603865,0.25697967945859984,N/A,N/A
3,propionic_BoB_power_5_cutoff_6.0_Sqrt,3metaldesc,lasso,0.31072623854651016,0.040040128786419285,0.29302039069004465,N/A,N/A
4,propionic_BoB_power_5_cutoff_6.0_Sqrt,3metaldesc,elastic,0.316709993315878,0.047475254027070014,0.2920878461601481,N/A,N/A
5,propionic_BoB_power_5_cutoff_6.0_Sqrt,3metaldesc,gp,0.13005318018602743,0.022719292625824394,0.11526059628634021,0.4602407097205318,0.301186729811532
