,case,subcase,algo,mean of MAEs,std of MAEs,SD of AEs,mean of Stds,std of Stds
0,propionic_BoB_power_4_cutoff_5.5_Log,3metaldesc,svr,0.15636636377959867,0.0319114521895343,0.16567748356997025,N/A,N/A
1,propionic_BoB_power_4_cutoff_5.5_Log,3metaldesc,krr,0.1492871953967862,0.02489317136697041,0.14634017421016746,N/A,N/A
2,propionic_BoB_power_4_cutoff_5.5_Log,3metaldesc,ridge,0.30286644941740776,0.033562649928174454,0.2712982086812147,N/A,N/A
3,propionic_BoB_power_4_cutoff_5.5_Log,3metaldesc,lasso,0.3181891437261701,0.05600866820837819,0.2982573441224586,N/A,N/A
4,propionic_BoB_power_4_cutoff_5.5_Log,3metaldesc,elastic,0.30624101644764534,0.045745705810938696,0.2790372991059821,N/A,N/A
5,propionic_BoB_power_4_cutoff_5.5_Log,3metaldesc,gp,0.12881924581813398,0.022479115748152263,0.12763122084147377,0.4843190830696426,0.2511729537718006
