,case,subcase,algo,mean of MAEs,std of MAEs,SD of AEs,mean of Stds,std of Stds
0,propionic_BoB_power_3_cutoff_4.5_Sqrt,2metaldesc_fullbondcnt,svr,0.17981899648798946,0.03684632096158542,0.20491744827752822,N/A,N/A
1,propionic_BoB_power_3_cutoff_4.5_Sqrt,2metaldesc_fullbondcnt,krr,0.18443242373399482,0.021387156636938312,0.16594630213774034,N/A,N/A
2,propionic_BoB_power_3_cutoff_4.5_Sqrt,2metaldesc_fullbondcnt,ridge,0.31250247199222836,0.03616286438023002,0.2719042865763153,N/A,N/A
3,propionic_BoB_power_3_cutoff_4.5_Sqrt,2metaldesc_fullbondcnt,lasso,0.3011881876742797,0.04049350377642127,0.2595208953473813,N/A,N/A
4,propionic_BoB_power_3_cutoff_4.5_Sqrt,2metaldesc_fullbondcnt,elastic,0.32201328079407693,0.03485933185693028,0.30159493958345396,N/A,N/A
5,propionic_BoB_power_3_cutoff_4.5_Sqrt,2metaldesc_fullbondcnt,gp,0.17215523381056436,0.03446177396175748,0.17969731265344904,0.6840130346498386,0.4405954956886388
