,case,subcase,algo,mean of MAEs,std of MAEs,SD of AEs,mean of Stds,std of Stds
0,propionic_BoB_power_3_cutoff_4.0_Sqrt,2metaldesc_metalbondcnt,svr,0.17488954365840148,0.03523560536193112,0.2062041355571413,N/A,N/A
1,propionic_BoB_power_3_cutoff_4.0_Sqrt,2metaldesc_metalbondcnt,krr,0.17264852544144801,0.030495308066852193,0.1650148779992001,N/A,N/A
2,propionic_BoB_power_3_cutoff_4.0_Sqrt,2metaldesc_metalbondcnt,ridge,0.3130443305493571,0.038049702048046266,0.2992221707498471,N/A,N/A
3,propionic_BoB_power_3_cutoff_4.0_Sqrt,2metaldesc_metalbondcnt,lasso,0.30569111160314594,0.03790029369856704,0.26710985460040504,N/A,N/A
4,propionic_BoB_power_3_cutoff_4.0_Sqrt,2metaldesc_metalbondcnt,elastic,0.30223062223553293,0.03681980046911103,0.2661824081244105,N/A,N/A
5,propionic_BoB_power_3_cutoff_4.0_Sqrt,2metaldesc_metalbondcnt,gp,0.15560251211811427,0.035315630885525764,0.16167617356152564,0.5898392499717011,0.45435153058618266
