,case,subcase,algo,mean of MAEs,std of MAEs,SD of AEs,mean of Stds,std of Stds
0,propionic_CM_power_5_cutoff_6.0_Sqrt,3metaldesc,svr,0.36301002423474515,0.05563942986682321,0.3805890637520721,N/A,N/A
1,propionic_CM_power_5_cutoff_6.0_Sqrt,3metaldesc,krr,0.36357133796323615,0.06405538284498104,0.3819123668005213,N/A,N/A
2,propionic_CM_power_5_cutoff_6.0_Sqrt,3metaldesc,ridge,0.36971560540970905,0.043806622159587506,0.3059101922141359,N/A,N/A
3,propionic_CM_power_5_cutoff_6.0_Sqrt,3metaldesc,lasso,0.39267663717382456,0.03768954253408881,0.3090484598315017,N/A,N/A
4,propionic_CM_power_5_cutoff_6.0_Sqrt,3metaldesc,elastic,0.38661207002906794,0.04965691659451586,0.33031223849005076,N/A,N/A
5,propionic_CM_power_5_cutoff_6.0_Sqrt,3metaldesc,gp,0.3650975004683988,0.06470365792410455,0.3207092173106978,0.034791626133440515,0.01241994435269747
