,case,subcase,algo,mean of MAEs,std of MAEs,SD of AEs,mean of Stds,std of Stds
0,propionic_BoB_power_4_cutoff_6.0_Sqrt,3metaldesc,svr,0.15248577505204858,0.03477312851812201,0.1738528105738751,N/A,N/A
1,propionic_BoB_power_4_cutoff_6.0_Sqrt,3metaldesc,krr,0.16409735879783718,0.03824300675965118,0.19010776346840128,N/A,N/A
2,propionic_BoB_power_4_cutoff_6.0_Sqrt,3metaldesc,ridge,0.3122875895063336,0.04692214556688442,0.270880611488567,N/A,N/A
3,propionic_BoB_power_4_cutoff_6.0_Sqrt,3metaldesc,lasso,0.2988040207845097,0.045025273330987374,0.24746735154649785,N/A,N/A
4,propionic_BoB_power_4_cutoff_6.0_Sqrt,3metaldesc,elastic,0.29884088261010733,0.05555860703222144,0.2742586409071307,N/A,N/A
5,propionic_BoB_power_4_cutoff_6.0_Sqrt,3metaldesc,gp,0.1378439143013974,0.025578712087999195,0.1564943932115219,0.4954700247846522,0.2787349114032459
