,case,subcase,algo,mean of MAEs,std of MAEs,SD of AEs,mean of Stds,std of Stds
0,propionic_BoB_power_3_cutoff_2.5_Sqrt,3metaldesc_metalbondcnt,svr,0.13681626629200105,0.02170278564278178,0.13863097808505861,N/A,N/A
1,propionic_BoB_power_3_cutoff_2.5_Sqrt,3metaldesc_metalbondcnt,krr,0.14645157335970244,0.01998766563292162,0.12965606320810888,N/A,N/A
2,propionic_BoB_power_3_cutoff_2.5_Sqrt,3metaldesc_metalbondcnt,ridge,0.30618628470969766,0.034500850219006216,0.24266878670265635,N/A,N/A
3,propionic_BoB_power_3_cutoff_2.5_Sqrt,3metaldesc_metalbondcnt,lasso,0.3126979223303156,0.03587454008384368,0.25223271477614945,N/A,N/A
4,propionic_BoB_power_3_cutoff_2.5_Sqrt,3metaldesc_metalbondcnt,elastic,0.318726566488456,0.038527823512878416,0.2588347040453682,N/A,N/A
5,propionic_BoB_power_3_cutoff_2.5_Sqrt,3metaldesc_metalbondcnt,gp,0.1489955199464679,0.03905656952231885,0.1641627353995295,0.5031044126999692,0.3137847673621033
