,case,subcase,algo,mean of MAEs,std of MAEs,SD of AEs,mean of Stds,std of Stds
0,propionic_CM_power_3_cutoff_3.5_Sqrt,2metaldesc,svr,0.3720883333547294,0.05267037486427225,0.3562116812086538,N/A,N/A
1,propionic_CM_power_3_cutoff_3.5_Sqrt,2metaldesc,krr,0.35056864708701707,0.06363121238750219,0.3217478519336646,N/A,N/A
2,propionic_CM_power_3_cutoff_3.5_Sqrt,2metaldesc,ridge,0.4004071626734031,0.053689309325055286,0.3733789967879074,N/A,N/A
3,propionic_CM_power_3_cutoff_3.5_Sqrt,2metaldesc,lasso,0.3855834630566888,0.061897692490638444,0.3604922717319003,N/A,N/A
4,propionic_CM_power_3_cutoff_3.5_Sqrt,2metaldesc,elastic,0.37179608035961276,0.04061624862048438,0.3519870880282014,N/A,N/A
5,propionic_CM_power_3_cutoff_3.5_Sqrt,2metaldesc,gp,0.3797939861329899,0.04349923548337717,0.35440944271155284,0.14741167243614242,0.5206472158685002
