,case,subcase,algo,mean of MAEs,std of MAEs,SD of AEs,mean of Stds,std of Stds
0,propionic_BoB_power_3_cutoff_5.5_Sqrt,2metaldesc,svr,0.17702469465687834,0.03443576267669744,0.1977886045280166,N/A,N/A
1,propionic_BoB_power_3_cutoff_5.5_Sqrt,2metaldesc,krr,0.17855139408298176,0.028620778744373323,0.1749322413277927,N/A,N/A
2,propionic_BoB_power_3_cutoff_5.5_Sqrt,2metaldesc,ridge,0.3047056484718817,0.03539010270596426,0.27615362141523875,N/A,N/A
3,propionic_BoB_power_3_cutoff_5.5_Sqrt,2metaldesc,lasso,0.3168347822613836,0.03863902247750547,0.290394431041127,N/A,N/A
4,propionic_BoB_power_3_cutoff_5.5_Sqrt,2metaldesc,elastic,0.32143096091322315,0.04668490343242968,0.26897568311902376,N/A,N/A
5,propionic_BoB_power_3_cutoff_5.5_Sqrt,2metaldesc,gp,0.17007345838072435,0.026224258980661216,0.17497179755900155,0.7141099414993454,0.42628216017515236
