,case,subcase,algo,mean of MAEs,std of MAEs,SD of AEs,mean of Stds,std of Stds
0,propionic_BoB_power_4_cutoff_2.5_Log,3metaldesc,svr,0.1499365248851486,0.02360356808993896,0.14556109708362003,N/A,N/A
1,propionic_BoB_power_4_cutoff_2.5_Log,3metaldesc,krr,0.156466807946185,0.02294357142149316,0.14796643697728867,N/A,N/A
2,propionic_BoB_power_4_cutoff_2.5_Log,3metaldesc,ridge,0.3218423895711899,0.04228893265490922,0.2765294933342016,N/A,N/A
3,propionic_BoB_power_4_cutoff_2.5_Log,3metaldesc,lasso,0.3031333770300795,0.043947055338349826,0.25735793711440014,N/A,N/A
4,propionic_BoB_power_4_cutoff_2.5_Log,3metaldesc,elastic,0.30785468924939174,0.031696473624433695,0.2721097588262022,N/A,N/A
5,propionic_BoB_power_4_cutoff_2.5_Log,3metaldesc,gp,0.1480551890908307,0.03358331662381256,0.17533992909572968,0.4007459765941022,0.2760463578926614
