,case,subcase,algo,mean of MAEs,std of MAEs,SD of AEs,mean of Stds,std of Stds
0,propionic_CM_power_2_cutoff_5.0_Log,2metaldesc,svr,0.38236205496210923,0.04669288720312651,0.3679781611124614,N/A,N/A
1,propionic_CM_power_2_cutoff_5.0_Log,2metaldesc,krr,0.2786448233342216,0.05755233043989393,0.2751717829770783,N/A,N/A
2,propionic_CM_power_2_cutoff_5.0_Log,2metaldesc,ridge,0.3830382128870879,0.05382152302098889,0.3509300713803672,N/A,N/A
3,propionic_CM_power_2_cutoff_5.0_Log,2metaldesc,lasso,0.3804812805321267,0.05810221048174791,0.34458142304784595,N/A,N/A
4,propionic_CM_power_2_cutoff_5.0_Log,2metaldesc,elastic,0.38256657717744696,0.06258626623801569,0.3528516788300865,N/A,N/A
5,propionic_CM_power_2_cutoff_5.0_Log,2metaldesc,gp,0.3280152710467628,0.06492809758068396,0.2911894997960239,0.12652480291299692,0.1566372084893147
