,case,subcase,algo,mean of MAEs,std of MAEs,SD of AEs,mean of Stds,std of Stds
0,propionic_BoB_power_4_cutoff_4.5_Sqrt,3metaldesc_fullbondcnt,svr,0.14000477826542645,0.025785832077343647,0.15582446301742517,N/A,N/A
1,propionic_BoB_power_4_cutoff_4.5_Sqrt,3metaldesc_fullbondcnt,krr,0.14320347123957108,0.02280566584102606,0.1456166104164048,N/A,N/A
2,propionic_BoB_power_4_cutoff_4.5_Sqrt,3metaldesc_fullbondcnt,ridge,0.31619819884059597,0.04460243228127721,0.2785275711006731,N/A,N/A
3,propionic_BoB_power_4_cutoff_4.5_Sqrt,3metaldesc_fullbondcnt,lasso,0.32234265659657885,0.04231899349397867,0.29761673334535493,N/A,N/A
4,propionic_BoB_power_4_cutoff_4.5_Sqrt,3metaldesc_fullbondcnt,elastic,0.31200836464546433,0.04876646448206003,0.2785163420565797,N/A,N/A
5,propionic_BoB_power_4_cutoff_4.5_Sqrt,3metaldesc_fullbondcnt,gp,0.13867865551936578,0.03236272567392839,0.147220326395942,0.6057183644818603,0.30758848500632774
