,case,subcase,algo,mean of MAEs,std of MAEs,SD of AEs,mean of Stds,std of Stds
0,propionic_CM_power_2_cutoff_3.0_Sqrt,3metaldesc,svr,0.3475511206906829,0.05616049224019979,0.33766496632746573,N/A,N/A
1,propionic_CM_power_2_cutoff_3.0_Sqrt,3metaldesc,krr,0.3426950627663763,0.06596871257422304,0.29959716561135824,N/A,N/A
2,propionic_CM_power_2_cutoff_3.0_Sqrt,3metaldesc,ridge,0.4055750512336552,0.057004901370537306,0.353825302554587,N/A,N/A
3,propionic_CM_power_2_cutoff_3.0_Sqrt,3metaldesc,lasso,0.39316342349914807,0.06187784455249462,0.341579098500692,N/A,N/A
4,propionic_CM_power_2_cutoff_3.0_Sqrt,3metaldesc,elastic,0.3882275429219678,0.05636584884538453,0.34500552808806423,N/A,N/A
5,propionic_CM_power_2_cutoff_3.0_Sqrt,3metaldesc,gp,0.38158392351677956,0.05312445448167067,0.346159183955679,0.5260386664851687,0.8424655901019452
