,case,subcase,algo,mean of MAEs,std of MAEs,SD of AEs,mean of Stds,std of Stds
0,propionic_CM_power_3_cutoff_4.0_Log,2metaldesc,svr,0.3361133806879019,0.05353664755744554,0.3340961408712554,N/A,N/A
1,propionic_CM_power_3_cutoff_4.0_Log,2metaldesc,krr,0.32452976258922994,0.06909019429109461,0.3313087631832936,N/A,N/A
2,propionic_CM_power_3_cutoff_4.0_Log,2metaldesc,ridge,0.37383458530261676,0.046854425445957186,0.3210977318204754,N/A,N/A
3,propionic_CM_power_3_cutoff_4.0_Log,2metaldesc,lasso,0.37177660865484,0.036144905971217285,0.32259264556962697,N/A,N/A
4,propionic_CM_power_3_cutoff_4.0_Log,2metaldesc,elastic,0.3709722200058014,0.04991795175408114,0.32662515163097194,N/A,N/A
5,propionic_CM_power_3_cutoff_4.0_Log,2metaldesc,gp,0.3201177685683432,0.052470037799083886,0.30278945649441913,0.09037060484468055,0.22389516508188548
