,case,subcase,algo,mean of MAEs,std of MAEs,SD of AEs,mean of Stds,std of Stds
0,propionic_CM_power_5_cutoff_4.5_Log,2metaldesc,svr,0.35485860956916476,0.06556933509409249,0.37134347185975863,N/A,N/A
1,propionic_CM_power_5_cutoff_4.5_Log,2metaldesc,krr,0.3018726431684776,0.05489893687644336,0.3260192074133281,N/A,N/A
2,propionic_CM_power_5_cutoff_4.5_Log,2metaldesc,ridge,0.396443557022434,0.05232201913386986,0.31554647673170794,N/A,N/A
3,propionic_CM_power_5_cutoff_4.5_Log,2metaldesc,lasso,0.3843954407368171,0.05556233019710085,0.33479443830652916,N/A,N/A
4,propionic_CM_power_5_cutoff_4.5_Log,2metaldesc,elastic,0.39140217126202076,0.054492581130722376,0.32170518987073843,N/A,N/A
5,propionic_CM_power_5_cutoff_4.5_Log,2metaldesc,gp,0.29587352572893183,0.05229334499671293,0.2873316733238689,0.0292279259701432,0.021608707254664874
