,case,subcase,algo,mean of MAEs,std of MAEs,SD of AEs,mean of Stds,std of Stds
0,propionic_BoB_power_4_cutoff_4.0_Sqrt,3metaldesc,svr,0.14429737914092963,0.03181667312077139,0.163950817215596,N/A,N/A
1,propionic_BoB_power_4_cutoff_4.0_Sqrt,3metaldesc,krr,0.15502361515771707,0.023603856073021158,0.15978774539466906,N/A,N/A
2,propionic_BoB_power_4_cutoff_4.0_Sqrt,3metaldesc,ridge,0.3004171583138913,0.04277173634765981,0.2665619543131863,N/A,N/A
3,propionic_BoB_power_4_cutoff_4.0_Sqrt,3metaldesc,lasso,0.29980738163643056,0.05569603217586074,0.27240901432516784,N/A,N/A
4,propionic_BoB_power_4_cutoff_4.0_Sqrt,3metaldesc,elastic,0.3064792244087142,0.04544972637393294,0.2826659806765807,N/A,N/A
5,propionic_BoB_power_4_cutoff_4.0_Sqrt,3metaldesc,gp,0.13743122191266374,0.02689825884973377,0.14474044956192705,0.5888684137584635,0.31028839462193647
