,case,subcase,algo,mean of MAEs,std of MAEs,SD of AEs,mean of Stds,std of Stds
0,propionic_CM_power_3_cutoff_4.0_Log,3metaldesc,svr,0.3342635334767508,0.06736536663266739,0.3443982976468759,N/A,N/A
1,propionic_CM_power_3_cutoff_4.0_Log,3metaldesc,krr,0.30360581494471967,0.048067895303335134,0.3052776486669215,N/A,N/A
2,propionic_CM_power_3_cutoff_4.0_Log,3metaldesc,ridge,0.3692389313017955,0.05013467034632372,0.3020655777941011,N/A,N/A
3,propionic_CM_power_3_cutoff_4.0_Log,3metaldesc,lasso,0.3992868675856438,0.052455970131034944,0.3418842250958555,N/A,N/A
4,propionic_CM_power_3_cutoff_4.0_Log,3metaldesc,elastic,0.37770883583288495,0.04370601729311159,0.33018579558480327,N/A,N/A
5,propionic_CM_power_3_cutoff_4.0_Log,3metaldesc,gp,0.315215034844409,0.05369345223976246,0.31865136366462987,0.17787909174048303,0.3543151624172137
