,case,subcase,algo,mean of MAEs,std of MAEs,SD of AEs,mean of Stds,std of Stds
0,propionic_CM_power_2_cutoff_6.0_Sqrt,2metaldesc,svr,0.4193020346965316,0.08242499584884988,0.387847558376471,N/A,N/A
1,propionic_CM_power_2_cutoff_6.0_Sqrt,2metaldesc,krr,0.43342444803755753,0.06420229828170679,0.38156239763968985,N/A,N/A
2,propionic_CM_power_2_cutoff_6.0_Sqrt,2metaldesc,ridge,0.42337045860514455,0.06577869766505036,0.38772195172191276,N/A,N/A
3,propionic_CM_power_2_cutoff_6.0_Sqrt,2metaldesc,lasso,0.4466808861666708,0.06521237296846663,0.388198238982062,N/A,N/A
4,propionic_CM_power_2_cutoff_6.0_Sqrt,2metaldesc,elastic,0.43268152171903823,0.06778648956562819,0.41779271608210605,N/A,N/A
5,propionic_CM_power_2_cutoff_6.0_Sqrt,2metaldesc,gp,0.42149441758565975,0.06583609181723989,0.38840151079665697,0.3247759137415539,0.8806389164928097
