,case,subcase,algo,mean of MAEs,std of MAEs,SD of AEs,mean of Stds,std of Stds
0,propionic_CM_power_1_cutoff_3.0_Log,3metaldesc,svr,0.4129853936530442,0.05430667452754969,0.3972739784702189,N/A,N/A
1,propionic_CM_power_1_cutoff_3.0_Log,3metaldesc,krr,0.3276628810504408,0.05338474006913055,0.27470084980993037,N/A,N/A
2,propionic_CM_power_1_cutoff_3.0_Log,3metaldesc,ridge,0.4111017832059708,0.044257470324839364,0.3596247278487848,N/A,N/A
3,propionic_CM_power_1_cutoff_3.0_Log,3metaldesc,lasso,0.4387384069383045,0.054455396550616396,0.3973335397674681,N/A,N/A
4,propionic_CM_power_1_cutoff_3.0_Log,3metaldesc,elastic,0.4245916607713168,0.058089194681197755,0.34242848551848687,N/A,N/A
5,propionic_CM_power_1_cutoff_3.0_Log,3metaldesc,gp,0.37117205438056544,0.04303147688893917,0.3544568974721263,0.02598589954451258,0.033690946561483776
