,case,subcase,algo,mean of MAEs,std of MAEs,SD of AEs,mean of Stds,std of Stds
0,propionic_CM_power_3_cutoff_5.0_Log,3metaldesc_metalbondcnt,svr,0.36053216239745484,0.05698023237948456,0.3626866663157999,N/A,N/A
1,propionic_CM_power_3_cutoff_5.0_Log,3metaldesc_metalbondcnt,krr,0.2799186439586741,0.04565699350653813,0.26678559582243316,N/A,N/A
2,propionic_CM_power_3_cutoff_5.0_Log,3metaldesc_metalbondcnt,ridge,0.3694580310684739,0.05320199825648214,0.30901102568757466,N/A,N/A
3,propionic_CM_power_3_cutoff_5.0_Log,3metaldesc_metalbondcnt,lasso,0.3766527371407229,0.04648995172892762,0.32851468471716505,N/A,N/A
4,propionic_CM_power_3_cutoff_5.0_Log,3metaldesc_metalbondcnt,elastic,0.3398710645157798,0.03924868868506277,0.27775327575737335,N/A,N/A
5,propionic_CM_power_3_cutoff_5.0_Log,3metaldesc_metalbondcnt,gp,0.3229355474897717,0.0473313624280213,0.33630432518259307,0.04963684561256068,0.032962058191299895
