,case,subcase,algo,mean of MAEs,std of MAEs,SD of AEs,mean of Stds,std of Stds
0,propionic_BoB_power_2_cutoff_4.0_Sqrt,3metaldesc,svr,0.15925600062223905,0.02920891556422312,0.17763204339404995,N/A,N/A
1,propionic_BoB_power_2_cutoff_4.0_Sqrt,3metaldesc,krr,0.18838004726117322,0.036622764191554164,0.18661604651221833,N/A,N/A
2,propionic_BoB_power_2_cutoff_4.0_Sqrt,3metaldesc,ridge,0.3276842350865007,0.045593671705822236,0.2985584753153047,N/A,N/A
3,propionic_BoB_power_2_cutoff_4.0_Sqrt,3metaldesc,lasso,0.30633237778602757,0.04748490417729317,0.27536618661546675,N/A,N/A
4,propionic_BoB_power_2_cutoff_4.0_Sqrt,3metaldesc,elastic,0.31791738267188635,0.03633561244169727,0.28128085181574963,N/A,N/A
5,propionic_BoB_power_2_cutoff_4.0_Sqrt,3metaldesc,gp,0.1748771079742954,0.03534455217082076,0.19989546653007043,0.3102897458042664,0.3223527288184329
