,case,subcase,algo,mean of MAEs,std of MAEs,SD of AEs,mean of Stds,std of Stds
0,propionic_BoB_power_4_cutoff_5.5_Log,3metaldesc_metalbondcnt,svr,0.1456294456816205,0.03230948107125006,0.1493249305579429,N/A,N/A
1,propionic_BoB_power_4_cutoff_5.5_Log,3metaldesc_metalbondcnt,krr,0.1542879731977797,0.03334824329320911,0.1583359355198402,N/A,N/A
2,propionic_BoB_power_4_cutoff_5.5_Log,3metaldesc_metalbondcnt,ridge,0.3127029080634582,0.03266848848496793,0.27950544525388205,N/A,N/A
3,propionic_BoB_power_4_cutoff_5.5_Log,3metaldesc_metalbondcnt,lasso,0.3117053421306391,0.04777533971532229,0.2845109636836286,N/A,N/A
4,propionic_BoB_power_4_cutoff_5.5_Log,3metaldesc_metalbondcnt,elastic,0.3159260462830017,0.061594048412930015,0.2940005171221354,N/A,N/A
5,propionic_BoB_power_4_cutoff_5.5_Log,3metaldesc_metalbondcnt,gp,0.13086149957124046,0.017686338707506605,0.12239522087249807,0.4629773207810809,0.26203185609309454
