,case,subcase,algo,mean of MAEs,std of MAEs,SD of AEs,mean of Stds,std of Stds
0,propionic_BoB_power_3_cutoff_2.5_Log,2metaldesc_fullbondcnt,svr,0.1655407641001688,0.033735997797726604,0.18835532698239843,N/A,N/A
1,propionic_BoB_power_3_cutoff_2.5_Log,2metaldesc_fullbondcnt,krr,0.16062948931333004,0.030670802440289312,0.15601711225710396,N/A,N/A
2,propionic_BoB_power_3_cutoff_2.5_Log,2metaldesc_fullbondcnt,ridge,0.2988807360712737,0.038788070360434135,0.24775117051526827,N/A,N/A
3,propionic_BoB_power_3_cutoff_2.5_Log,2metaldesc_fullbondcnt,lasso,0.31528825516198444,0.03233693812708939,0.2590160778661451,N/A,N/A
4,propionic_BoB_power_3_cutoff_2.5_Log,2metaldesc_fullbondcnt,elastic,0.31393610636930785,0.04170581887230928,0.25300796534909437,N/A,N/A
5,propionic_BoB_power_3_cutoff_2.5_Log,2metaldesc_fullbondcnt,gp,0.16309507241056445,0.02981353742301238,0.17070035506680958,0.34623987297456615,0.2977081592416012
