,case,subcase,algo,mean of MAEs,std of MAEs,SD of AEs,mean of Stds,std of Stds
0,propionic_CM_power_3_cutoff_5.5_Sqrt,2metaldesc,svr,0.39879594378525096,0.05962890943170888,0.37327712841272265,N/A,N/A
1,propionic_CM_power_3_cutoff_5.5_Sqrt,2metaldesc,krr,0.40344158023660115,0.09460249927018763,0.3773083172125416,N/A,N/A
2,propionic_CM_power_3_cutoff_5.5_Sqrt,2metaldesc,ridge,0.4080703959390252,0.05325731980446784,0.36008630150926524,N/A,N/A
3,propionic_CM_power_3_cutoff_5.5_Sqrt,2metaldesc,lasso,0.36176929835620897,0.04986748621177295,0.33995627650321736,N/A,N/A
4,propionic_CM_power_3_cutoff_5.5_Sqrt,2metaldesc,elastic,0.3643774979221643,0.05186357133565141,0.3463879712601187,N/A,N/A
5,propionic_CM_power_3_cutoff_5.5_Sqrt,2metaldesc,gp,0.3856156121799186,0.06918542388415448,0.3461225106345508,0.2499456197462111,0.5238368603394844
