,case,subcase,algo,mean of MAEs,std of MAEs,SD of AEs,mean of Stds,std of Stds
0,propionic_BoB_power_5_cutoff_5.5_Sqrt,3metaldesc,svr,0.15231102815701178,0.0368935666820271,0.18119483480776333,N/A,N/A
1,propionic_BoB_power_5_cutoff_5.5_Sqrt,3metaldesc,krr,0.15018421451510136,0.043012131553404456,0.16783297926728066,N/A,N/A
2,propionic_BoB_power_5_cutoff_5.5_Sqrt,3metaldesc,ridge,0.30553662984503044,0.051712024635579154,0.297621934907082,N/A,N/A
3,propionic_BoB_power_5_cutoff_5.5_Sqrt,3metaldesc,lasso,0.3204803596058939,0.043915959063211184,0.2670137532517526,N/A,N/A
4,propionic_BoB_power_5_cutoff_5.5_Sqrt,3metaldesc,elastic,0.32005808106003664,0.0403638133127419,0.283153083245377,N/A,N/A
5,propionic_BoB_power_5_cutoff_5.5_Sqrt,3metaldesc,gp,0.14387123224626008,0.0329621751529163,0.14848558506584852,0.5048523325703205,0.29606266964311373
