,case,subcase,algo,mean of MAEs,std of MAEs,SD of AEs,mean of Stds,std of Stds
0,propionic_BoB_power_3_cutoff_6.0_Sqrt,2metaldesc_fullbondcnt,svr,0.1872892704921907,0.03195960192432348,0.20254523278637762,N/A,N/A
1,propionic_BoB_power_3_cutoff_6.0_Sqrt,2metaldesc_fullbondcnt,krr,0.18177130434118574,0.024186339760696677,0.16896881412648176,N/A,N/A
2,propionic_BoB_power_3_cutoff_6.0_Sqrt,2metaldesc_fullbondcnt,ridge,0.3111158248449647,0.03903728545135359,0.2835094997696013,N/A,N/A
3,propionic_BoB_power_3_cutoff_6.0_Sqrt,2metaldesc_fullbondcnt,lasso,0.28986023026237595,0.044279810017143546,0.25967028038314444,N/A,N/A
4,propionic_BoB_power_3_cutoff_6.0_Sqrt,2metaldesc_fullbondcnt,elastic,0.3092855948161557,0.041172741988345675,0.26768416117898347,N/A,N/A
5,propionic_BoB_power_3_cutoff_6.0_Sqrt,2metaldesc_fullbondcnt,gp,0.16861337304554247,0.03128871574362014,0.16624964867900036,0.6627596892491384,0.3938075993694487
