,case,subcase,algo,mean of MAEs,std of MAEs,SD of AEs,mean of Stds,std of Stds
0,propionic_CM_power_4_cutoff_4.0_Sqrt,2metaldesc,svr,0.3782688170291776,0.06469798985940318,0.41328499223820114,N/A,N/A
1,propionic_CM_power_4_cutoff_4.0_Sqrt,2metaldesc,krr,0.3766176163664891,0.07143530595184273,0.3767416503164185,N/A,N/A
2,propionic_CM_power_4_cutoff_4.0_Sqrt,2metaldesc,ridge,0.3809891170553631,0.046168561008806036,0.32223497564506837,N/A,N/A
3,propionic_CM_power_4_cutoff_4.0_Sqrt,2metaldesc,lasso,0.38102698686191355,0.04695832190271974,0.33203751125893727,N/A,N/A
4,propionic_CM_power_4_cutoff_4.0_Sqrt,2metaldesc,elastic,0.3827406842019153,0.042716294973251995,0.33447607380060734,N/A,N/A
5,propionic_CM_power_4_cutoff_4.0_Sqrt,2metaldesc,gp,0.37684637275729943,0.05005775489241716,0.36495684606683826,0.13101101747154226,0.40233414639406817
