,case,subcase,algo,mean of MAEs,std of MAEs,SD of AEs,mean of Stds,std of Stds
0,propionic_BoB_power_4_cutoff_4.0_Log,3metaldesc_fullbondcnt,svr,0.14022669638669424,0.019584465020541255,0.14666116850987324,N/A,N/A
1,propionic_BoB_power_4_cutoff_4.0_Log,3metaldesc_fullbondcnt,krr,0.14675733907114513,0.02624173712541781,0.15186370626924217,N/A,N/A
2,propionic_BoB_power_4_cutoff_4.0_Log,3metaldesc_fullbondcnt,ridge,0.31763861098319807,0.05561134356369369,0.2912899926051695,N/A,N/A
3,propionic_BoB_power_4_cutoff_4.0_Log,3metaldesc_fullbondcnt,lasso,0.31617625443840325,0.0483429451075756,0.2859743451143495,N/A,N/A
4,propionic_BoB_power_4_cutoff_4.0_Log,3metaldesc_fullbondcnt,elastic,0.3046075669630946,0.04355947127344301,0.2618660096096623,N/A,N/A
5,propionic_BoB_power_4_cutoff_4.0_Log,3metaldesc_fullbondcnt,gp,0.1364534675536175,0.026141908093056502,0.15099664416423283,0.5227748917666698,0.3036318491486872
