,case,subcase,algo,mean of MAEs,std of MAEs,SD of AEs,mean of Stds,std of Stds
0,propionic_CM_power_5_cutoff_4.5_Sqrt,2metaldesc_fullbondcnt,svr,0.30493967684086387,0.062056055880973675,0.31000010399370076,N/A,N/A
1,propionic_CM_power_5_cutoff_4.5_Sqrt,2metaldesc_fullbondcnt,krr,0.3141683701413504,0.05059306733558411,0.3010340380200124,N/A,N/A
2,propionic_CM_power_5_cutoff_4.5_Sqrt,2metaldesc_fullbondcnt,ridge,0.3086545645014114,0.042394444594164,0.2817354490298272,N/A,N/A
3,propionic_CM_power_5_cutoff_4.5_Sqrt,2metaldesc_fullbondcnt,lasso,0.31445013968194396,0.04917752103907188,0.28852426643582135,N/A,N/A
4,propionic_CM_power_5_cutoff_4.5_Sqrt,2metaldesc_fullbondcnt,elastic,0.30199667899681143,0.04428980964471778,0.2799036850561589,N/A,N/A
5,propionic_CM_power_5_cutoff_4.5_Sqrt,2metaldesc_fullbondcnt,gp,0.31405060739479035,0.04495707642051009,0.2865370775425928,0.2087278151867423,0.30486686883862435
