,case,subcase,algo,mean of MAEs,std of MAEs,SD of AEs,mean of Stds,std of Stds
0,propionic_CM_power_4_cutoff_6.0_Sqrt,2metaldesc,svr,0.3923770627177842,0.07168401063674558,0.3855797329486889,N/A,N/A
1,propionic_CM_power_4_cutoff_6.0_Sqrt,2metaldesc,krr,0.3381053975177744,0.05208680907539392,0.3527402889619175,N/A,N/A
2,propionic_CM_power_4_cutoff_6.0_Sqrt,2metaldesc,ridge,0.3906745107470474,0.06234392134914688,0.34938517851637174,N/A,N/A
3,propionic_CM_power_4_cutoff_6.0_Sqrt,2metaldesc,lasso,0.3964213657291931,0.05589084623826705,0.3478746824916772,N/A,N/A
4,propionic_CM_power_4_cutoff_6.0_Sqrt,2metaldesc,elastic,0.39698880254634195,0.05877538088959291,0.3514354497166522,N/A,N/A
5,propionic_CM_power_4_cutoff_6.0_Sqrt,2metaldesc,gp,0.3794127954516186,0.04596869988452048,0.3278294806164183,0.09658264459970704,0.2182166292014762
