,case,subcase,algo,mean of MAEs,std of MAEs,SD of AEs,mean of Stds,std of Stds
0,propionic_BoB_power_5_cutoff_4.0_Sqrt,3metaldesc,svr,0.15107626392997978,0.026709277771623047,0.14834639078962344,N/A,N/A
1,propionic_BoB_power_5_cutoff_4.0_Sqrt,3metaldesc,krr,0.14484396222026083,0.02842623141015121,0.14628876039294572,N/A,N/A
2,propionic_BoB_power_5_cutoff_4.0_Sqrt,3metaldesc,ridge,0.30650805255335706,0.038645074908076504,0.2607844100443102,N/A,N/A
3,propionic_BoB_power_5_cutoff_4.0_Sqrt,3metaldesc,lasso,0.3144915238182713,0.042796958723349314,0.2964241630710368,N/A,N/A
4,propionic_BoB_power_5_cutoff_4.0_Sqrt,3metaldesc,elastic,0.30248697186453954,0.03897453319766207,0.2711105208272658,N/A,N/A
5,propionic_BoB_power_5_cutoff_4.0_Sqrt,3metaldesc,gp,0.12989152486158295,0.019917059635367974,0.1190278926421629,0.39665770997127203,0.33667856661885254
