,case,subcase,algo,mean of MAEs,std of MAEs,SD of AEs,mean of Stds,std of Stds
0,propionic_BoB_power_5_cutoff_6.0_Sqrt,2metaldesc,svr,0.15372080582096592,0.03654171154440703,0.1906435056468735,N/A,N/A
1,propionic_BoB_power_5_cutoff_6.0_Sqrt,2metaldesc,krr,0.16689419820995194,0.037377342170599605,0.1797433222886176,N/A,N/A
2,propionic_BoB_power_5_cutoff_6.0_Sqrt,2metaldesc,ridge,0.3091314457725496,0.0421517465940049,0.29252379562600817,N/A,N/A
3,propionic_BoB_power_5_cutoff_6.0_Sqrt,2metaldesc,lasso,0.31733073194569683,0.04213082284613838,0.28858303447130385,N/A,N/A
4,propionic_BoB_power_5_cutoff_6.0_Sqrt,2metaldesc,elastic,0.31727057388289365,0.03040591861844373,0.28371368221573096,N/A,N/A
5,propionic_BoB_power_5_cutoff_6.0_Sqrt,2metaldesc,gp,0.16115383360407834,0.03558289716861317,0.22028003552947298,0.4017396925871967,0.31821548302184893
