,case,subcase,algo,mean of MAEs,std of MAEs,SD of AEs,mean of Stds,std of Stds
0,propionic_BoB_power_2_cutoff_4.0_Log,2metaldesc,svr,0.16201305187335788,0.027881582613456603,0.15826838605614585,N/A,N/A
1,propionic_BoB_power_2_cutoff_4.0_Log,2metaldesc,krr,0.18353422482927123,0.04017831692413763,0.18522946634171505,N/A,N/A
2,propionic_BoB_power_2_cutoff_4.0_Log,2metaldesc,ridge,0.2935345090040053,0.0421882543374723,0.2591982635416196,N/A,N/A
3,propionic_BoB_power_2_cutoff_4.0_Log,2metaldesc,lasso,0.3080831724377013,0.0421025980557579,0.2834478959020855,N/A,N/A
4,propionic_BoB_power_2_cutoff_4.0_Log,2metaldesc,elastic,0.30554740799045577,0.04965175433056853,0.27329559331477604,N/A,N/A
5,propionic_BoB_power_2_cutoff_4.0_Log,2metaldesc,gp,0.17286189225989088,0.03931270002971994,0.21272805220213803,0.6980754711113195,0.27669665883573696
