,case,subcase,algo,mean of MAEs,std of MAEs,SD of AEs,mean of Stds,std of Stds
0,propionic_BoB_power_5_cutoff_4.5_Log,3metaldesc,svr,0.14482948788245958,0.018869396573576093,0.13116601620788995,N/A,N/A
1,propionic_BoB_power_5_cutoff_4.5_Log,3metaldesc,krr,0.15585190074887809,0.02181878325918637,0.17060065831203006,N/A,N/A
2,propionic_BoB_power_5_cutoff_4.5_Log,3metaldesc,ridge,0.306336202669192,0.0429693314179683,0.28883216862271366,N/A,N/A
3,propionic_BoB_power_5_cutoff_4.5_Log,3metaldesc,lasso,0.32776133954985665,0.03956737456164935,0.29243006848400255,N/A,N/A
4,propionic_BoB_power_5_cutoff_4.5_Log,3metaldesc,elastic,0.3126708877642743,0.03613039055318798,0.2812227240100463,N/A,N/A
5,propionic_BoB_power_5_cutoff_4.5_Log,3metaldesc,gp,0.1377582528328696,0.024405570475924416,0.1305043216312831,0.4123610450646318,0.30864369107616824
