,case,subcase,algo,mean of MAEs,std of MAEs,SD of AEs,mean of Stds,std of Stds
0,propionic_BoB_power_5_cutoff_3.5_Sqrt,2metaldesc,svr,0.16351308434325038,0.022952937100516355,0.18674961782579724,N/A,N/A
1,propionic_BoB_power_5_cutoff_3.5_Sqrt,2metaldesc,krr,0.15519056367479994,0.033150598617482485,0.1511624518835508,N/A,N/A
2,propionic_BoB_power_5_cutoff_3.5_Sqrt,2metaldesc,ridge,0.31188846191866765,0.044444146815711225,0.29401444516655983,N/A,N/A
3,propionic_BoB_power_5_cutoff_3.5_Sqrt,2metaldesc,lasso,0.3091008683300924,0.04326525699288584,0.28003183899056777,N/A,N/A
4,propionic_BoB_power_5_cutoff_3.5_Sqrt,2metaldesc,elastic,0.31343966800289474,0.05319886532610042,0.28739131718197636,N/A,N/A
5,propionic_BoB_power_5_cutoff_3.5_Sqrt,2metaldesc,gp,0.1605534036831299,0.03714531417026139,0.17889152093253521,0.36987440019557455,0.2781375621958964
