,case,subcase,algo,mean of MAEs,std of MAEs,SD of AEs,mean of Stds,std of Stds
0,propionic_CM_power_3_cutoff_4.5_Sqrt,3metaldesc,svr,0.3953591119197661,0.06610939715844959,0.3611635890952008,N/A,N/A
1,propionic_CM_power_3_cutoff_4.5_Sqrt,3metaldesc,krr,0.38519256897071147,0.06617289382782092,0.35885637439409723,N/A,N/A
2,propionic_CM_power_3_cutoff_4.5_Sqrt,3metaldesc,ridge,0.43941606908728376,0.06288695250345482,0.38573227252440817,N/A,N/A
3,propionic_CM_power_3_cutoff_4.5_Sqrt,3metaldesc,lasso,0.36380690862391385,0.06615133409297302,0.3355599915348271,N/A,N/A
4,propionic_CM_power_3_cutoff_4.5_Sqrt,3metaldesc,elastic,0.3703862523716932,0.05877404900082194,0.3490885773996157,N/A,N/A
5,propionic_CM_power_3_cutoff_4.5_Sqrt,3metaldesc,gp,0.38673698993783134,0.07670837871734505,0.37646611849925005,0.45504686526185556,0.9243540294176074
