,case,subcase,algo,mean of MAEs,std of MAEs,SD of AEs,mean of Stds,std of Stds
0,propionic_CM_power_1_cutoff_5.0_Log,3metaldesc_metalbondcnt,svr,0.4024844210613024,0.0687817420664537,0.38929901938874806,N/A,N/A
1,propionic_CM_power_1_cutoff_5.0_Log,3metaldesc_metalbondcnt,krr,0.3298268941488827,0.0524976582333199,0.32009111222332126,N/A,N/A
2,propionic_CM_power_1_cutoff_5.0_Log,3metaldesc_metalbondcnt,ridge,0.371050823079601,0.04874124812358062,0.30878274278722845,N/A,N/A
3,propionic_CM_power_1_cutoff_5.0_Log,3metaldesc_metalbondcnt,lasso,0.38287665254008063,0.054096952724192335,0.3242697174557855,N/A,N/A
4,propionic_CM_power_1_cutoff_5.0_Log,3metaldesc_metalbondcnt,elastic,0.4094342120471818,0.0714764404428055,0.3490443213593061,N/A,N/A
5,propionic_CM_power_1_cutoff_5.0_Log,3metaldesc_metalbondcnt,gp,0.4155543321045533,0.05909775033754391,0.3624840648528713,0.07863016367523108,0.13662928195311105
