,case,subcase,algo,mean of MAEs,std of MAEs,SD of AEs,mean of Stds,std of Stds
0,propionic_BoB_power_4_cutoff_3.0_Sqrt,2metaldesc,svr,0.16759475556245496,0.03606557330281088,0.21056315351305216,N/A,N/A
1,propionic_BoB_power_4_cutoff_3.0_Sqrt,2metaldesc,krr,0.17591685639752938,0.03423750034801764,0.18884591427880745,N/A,N/A
2,propionic_BoB_power_4_cutoff_3.0_Sqrt,2metaldesc,ridge,0.3171743236897025,0.03826550970486411,0.2881516881614719,N/A,N/A
3,propionic_BoB_power_4_cutoff_3.0_Sqrt,2metaldesc,lasso,0.29872527507251795,0.04052789494227135,0.263388887016753,N/A,N/A
4,propionic_BoB_power_4_cutoff_3.0_Sqrt,2metaldesc,elastic,0.30168159108562925,0.04226914033752727,0.2685862685112844,N/A,N/A
5,propionic_BoB_power_4_cutoff_3.0_Sqrt,2metaldesc,gp,0.17020229658053027,0.031252422216951084,0.1776055256101553,0.30887583080809833,0.28618038965700576
