,case,subcase,algo,mean of MAEs,std of MAEs,SD of AEs,mean of Stds,std of Stds
0,propionic_BoB_power_5_cutoff_2.5_Sqrt,2metaldesc,svr,0.18348921033939242,0.04302936497688948,0.2448126440947721,N/A,N/A
1,propionic_BoB_power_5_cutoff_2.5_Sqrt,2metaldesc,krr,0.181613119578656,0.05140963867482702,0.23908100020776638,N/A,N/A
2,propionic_BoB_power_5_cutoff_2.5_Sqrt,2metaldesc,ridge,0.3017084826381842,0.04568735403477491,0.26017105758212883,N/A,N/A
3,propionic_BoB_power_5_cutoff_2.5_Sqrt,2metaldesc,lasso,0.30354018649078685,0.03774684236011743,0.2476250978496953,N/A,N/A
4,propionic_BoB_power_5_cutoff_2.5_Sqrt,2metaldesc,elastic,0.32270916928627025,0.04761577080672575,0.27368107596078944,N/A,N/A
5,propionic_BoB_power_5_cutoff_2.5_Sqrt,2metaldesc,gp,0.16503349479286644,0.033234700981702,0.19343443414804085,0.24902728668617694,0.26008231252113606
