,case,subcase,algo,mean of MAEs,std of MAEs,SD of AEs,mean of Stds,std of Stds
0,propionic_BoB_power_5_cutoff_4.5_Sqrt,2metaldesc,svr,0.17755717944385258,0.03840021135033106,0.2297298278134863,N/A,N/A
1,propionic_BoB_power_5_cutoff_4.5_Sqrt,2metaldesc,krr,0.16042920053561668,0.03878087941399357,0.17581463910603898,N/A,N/A
2,propionic_BoB_power_5_cutoff_4.5_Sqrt,2metaldesc,ridge,0.29676087726846423,0.03992311050212107,0.2703320481529381,N/A,N/A
3,propionic_BoB_power_5_cutoff_4.5_Sqrt,2metaldesc,lasso,0.3219639014439046,0.050945761410934313,0.30475050265827275,N/A,N/A
4,propionic_BoB_power_5_cutoff_4.5_Sqrt,2metaldesc,elastic,0.30779015370526713,0.03381341772447663,0.28724576040551897,N/A,N/A
5,propionic_BoB_power_5_cutoff_4.5_Sqrt,2metaldesc,gp,0.15549063524713896,0.029092772446858244,0.17139944328009257,0.36564671633434126,0.24016588490737328
