,case,subcase,algo,mean of MAEs,std of MAEs,SD of AEs,mean of Stds,std of Stds
0,propionic_CM_power_2_cutoff_5.0_Log,3metaldesc,svr,0.40003967473687657,0.07663533274312703,0.43717077830508605,N/A,N/A
1,propionic_CM_power_2_cutoff_5.0_Log,3metaldesc,krr,0.307361468978376,0.06482493605674973,0.33225425041660195,N/A,N/A
2,propionic_CM_power_2_cutoff_5.0_Log,3metaldesc,ridge,0.3688095175292686,0.0669201782659154,0.3406774845678293,N/A,N/A
3,propionic_CM_power_2_cutoff_5.0_Log,3metaldesc,lasso,0.38471779413443064,0.0647657053630314,0.34054106951701046,N/A,N/A
4,propionic_CM_power_2_cutoff_5.0_Log,3metaldesc,elastic,0.3964646649858341,0.04595735614072147,0.3630718929064863,N/A,N/A
5,propionic_CM_power_2_cutoff_5.0_Log,3metaldesc,gp,0.33986690568936145,0.04634647255603975,0.3249277926261516,0.07076145809734007,0.09489041191483634
