,case,subcase,algo,mean of MAEs,std of MAEs,SD of AEs,mean of Stds,std of Stds
0,propionic_BoB_power_4_cutoff_4.5_Log,2metaldesc,svr,0.16298801382971653,0.040629456624295755,0.18852085753623574,N/A,N/A
1,propionic_BoB_power_4_cutoff_4.5_Log,2metaldesc,krr,0.15648763746159422,0.02878319812374179,0.1607308581354745,N/A,N/A
2,propionic_BoB_power_4_cutoff_4.5_Log,2metaldesc,ridge,0.29734362721861696,0.0325481806704024,0.2667394549052128,N/A,N/A
3,propionic_BoB_power_4_cutoff_4.5_Log,2metaldesc,lasso,0.31165306620085625,0.03411962510835079,0.27982904484355253,N/A,N/A
4,propionic_BoB_power_4_cutoff_4.5_Log,2metaldesc,elastic,0.29353233130686873,0.04791465571865471,0.2576529548876595,N/A,N/A
5,propionic_BoB_power_4_cutoff_4.5_Log,2metaldesc,gp,0.16606719220294328,0.03240659637408966,0.18134349804227645,0.34971400730988106,0.32304522041381095
