,case,subcase,algo,mean of MAEs,std of MAEs,SD of AEs,mean of Stds,std of Stds
0,propionic_BoB_power_4_cutoff_4.0_Sqrt,2metaldesc,svr,0.15678173686623598,0.02886666272292082,0.18711802746853168,N/A,N/A
1,propionic_BoB_power_4_cutoff_4.0_Sqrt,2metaldesc,krr,0.16221793024463427,0.022772952138943068,0.16772208305220798,N/A,N/A
2,propionic_BoB_power_4_cutoff_4.0_Sqrt,2metaldesc,ridge,0.3009885268456451,0.03852491473938358,0.2685275788498604,N/A,N/A
3,propionic_BoB_power_4_cutoff_4.0_Sqrt,2metaldesc,lasso,0.30923958164749654,0.04429761806187948,0.28576258465423315,N/A,N/A
4,propionic_BoB_power_4_cutoff_4.0_Sqrt,2metaldesc,elastic,0.3177146100604604,0.039523309692538366,0.28240393939130354,N/A,N/A
5,propionic_BoB_power_4_cutoff_4.0_Sqrt,2metaldesc,gp,0.16880053375501206,0.05949850781327025,0.23032504892552907,0.4989795306196117,0.24914957924866984
