,case,subcase,algo,mean of MAEs,std of MAEs,SD of AEs,mean of Stds,std of Stds
0,propionic_BoB_power_4_cutoff_3.5_Sqrt,2metaldesc_fullbondcnt,svr,0.16265534196063416,0.02890346472143561,0.1945374489270153,N/A,N/A
1,propionic_BoB_power_4_cutoff_3.5_Sqrt,2metaldesc_fullbondcnt,krr,0.16755145388704382,0.04651770547424114,0.1774659795956576,N/A,N/A
2,propionic_BoB_power_4_cutoff_3.5_Sqrt,2metaldesc_fullbondcnt,ridge,0.3033932400694834,0.042392906288321715,0.2633189706975832,N/A,N/A
3,propionic_BoB_power_4_cutoff_3.5_Sqrt,2metaldesc_fullbondcnt,lasso,0.2909741653633444,0.04175909722855973,0.25218156266884684,N/A,N/A
4,propionic_BoB_power_4_cutoff_3.5_Sqrt,2metaldesc_fullbondcnt,elastic,0.2980732201704522,0.04137146256433506,0.25079779140595143,N/A,N/A
5,propionic_BoB_power_4_cutoff_3.5_Sqrt,2metaldesc_fullbondcnt,gp,0.14556889216566263,0.025390213517630926,0.15210268596990245,0.49580797422057593,0.24446910695200766
