,case,subcase,algo,mean of MAEs,std of MAEs,SD of AEs,mean of Stds,std of Stds
0,propionic_CM_power_5_cutoff_2.5_Log,2metaldesc,svr,0.34785760839294466,0.059133233116354406,0.34946598797249273,N/A,N/A
1,propionic_CM_power_5_cutoff_2.5_Log,2metaldesc,krr,0.2929666169890035,0.04900969733902198,0.2894676388972596,N/A,N/A
2,propionic_CM_power_5_cutoff_2.5_Log,2metaldesc,ridge,0.37860994772315465,0.046168304427944167,0.30458195038141594,N/A,N/A
3,propionic_CM_power_5_cutoff_2.5_Log,2metaldesc,lasso,0.3882115073863956,0.04851060730578452,0.31876139055625,N/A,N/A
4,propionic_CM_power_5_cutoff_2.5_Log,2metaldesc,elastic,0.3754573110924832,0.05636180507711703,0.29452495969908166,N/A,N/A
5,propionic_CM_power_5_cutoff_2.5_Log,2metaldesc,gp,0.3030859861723501,0.0421897178411268,0.31570744751655677,0.02320668475884708,0.012495785923247058
