,case,subcase,algo,mean of MAEs,std of MAEs,SD of AEs,mean of Stds,std of Stds
0,propionic_BoB_power_2_cutoff_6.0_Log,3metaldesc,svr,0.15187393008836314,0.025938260706615507,0.1568543866784345,N/A,N/A
1,propionic_BoB_power_2_cutoff_6.0_Log,3metaldesc,krr,0.19282456398503334,0.033114275672770435,0.1914203055572867,N/A,N/A
2,propionic_BoB_power_2_cutoff_6.0_Log,3metaldesc,ridge,0.2771736019679725,0.04161067233613763,0.24481072951151253,N/A,N/A
3,propionic_BoB_power_2_cutoff_6.0_Log,3metaldesc,lasso,0.3062190453107235,0.039806561624128024,0.26348794726162045,N/A,N/A
4,propionic_BoB_power_2_cutoff_6.0_Log,3metaldesc,elastic,0.3207462799791928,0.05096551143884728,0.28157229250267873,N/A,N/A
5,propionic_BoB_power_2_cutoff_6.0_Log,3metaldesc,gp,0.15325391077097383,0.040117852134195386,0.1816605265245312,0.8953500916449031,0.46061546497907
