,case,subcase,algo,mean of MAEs,std of MAEs,SD of AEs,mean of Stds,std of Stds
0,propionic_CM_power_1_cutoff_5.0_Log,2metaldesc,svr,0.4075996604157715,0.06771441406186021,0.3661875534253775,N/A,N/A
1,propionic_CM_power_1_cutoff_5.0_Log,2metaldesc,krr,0.3493867443105285,0.055786426876579406,0.3512463452550436,N/A,N/A
2,propionic_CM_power_1_cutoff_5.0_Log,2metaldesc,ridge,0.39573723407061395,0.05659815306939624,0.3398389124584845,N/A,N/A
3,propionic_CM_power_1_cutoff_5.0_Log,2metaldesc,lasso,0.37543210256806425,0.052931161697967556,0.3179093055433213,N/A,N/A
4,propionic_CM_power_1_cutoff_5.0_Log,2metaldesc,elastic,0.39042821725118876,0.055662222551748824,0.34314601730021416,N/A,N/A
5,propionic_CM_power_1_cutoff_5.0_Log,2metaldesc,gp,0.39766697031158527,0.0650343295573579,0.3438664653628283,0.11195593274527721,0.14724830848537782
