,case,subcase,algo,mean of MAEs,std of MAEs,SD of AEs,mean of Stds,std of Stds
0,propionic_CM_power_4_cutoff_4.0_Sqrt,3metaldesc,svr,0.3800115051152023,0.06305089125730544,0.4148126673342955,N/A,N/A
1,propionic_CM_power_4_cutoff_4.0_Sqrt,3metaldesc,krr,0.36132339745667713,0.047451406383801416,0.36792989075563964,N/A,N/A
2,propionic_CM_power_4_cutoff_4.0_Sqrt,3metaldesc,ridge,0.35617658783317924,0.035947921221175905,0.3013674769502015,N/A,N/A
3,propionic_CM_power_4_cutoff_4.0_Sqrt,3metaldesc,lasso,0.38151200850734945,0.057823123366595085,0.334070098797234,N/A,N/A
4,propionic_CM_power_4_cutoff_4.0_Sqrt,3metaldesc,elastic,0.3836694817899425,0.04519702162564197,0.33300296260805534,N/A,N/A
5,propionic_CM_power_4_cutoff_4.0_Sqrt,3metaldesc,gp,0.35174849391555185,0.04826267823420479,0.3200838758402259,0.10974892931249385,0.38335498016081654
