,case,subcase,algo,mean of MAEs,std of MAEs,SD of AEs,mean of Stds,std of Stds
0,propionic_CM_power_3_cutoff_6.0_Sqrt,3metaldesc,svr,0.3700654758817503,0.06316089865531661,0.3263261164774752,N/A,N/A
1,propionic_CM_power_3_cutoff_6.0_Sqrt,3metaldesc,krr,0.341025965692515,0.05368353835808393,0.29719596204551246,N/A,N/A
2,propionic_CM_power_3_cutoff_6.0_Sqrt,3metaldesc,ridge,0.3714933215776481,0.05138886390615809,0.3566947552286327,N/A,N/A
3,propionic_CM_power_3_cutoff_6.0_Sqrt,3metaldesc,lasso,0.3897405486141477,0.06076105482333213,0.3727004254170109,N/A,N/A
4,propionic_CM_power_3_cutoff_6.0_Sqrt,3metaldesc,elastic,0.3746264432023008,0.04757687641270862,0.34845029849917597,N/A,N/A
5,propionic_CM_power_3_cutoff_6.0_Sqrt,3metaldesc,gp,0.37253268364635267,0.06942028581522851,0.35037106887274483,0.4314624939105079,0.9316173045423362
