,case,subcase,algo,mean of MAEs,std of MAEs,SD of AEs,mean of Stds,std of Stds
0,propionic_CM_power_1_cutoff_2.5_Sqrt,2metaldesc,svr,0.33346406300954207,0.05652278352402778,0.3313680588375859,N/A,N/A
1,propionic_CM_power_1_cutoff_2.5_Sqrt,2metaldesc,krr,0.3091505013957393,0.054952834448655265,0.305229344929668,N/A,N/A
2,propionic_CM_power_1_cutoff_2.5_Sqrt,2metaldesc,ridge,0.34847348038293724,0.04372267466942708,0.31411179295930225,N/A,N/A
3,propionic_CM_power_1_cutoff_2.5_Sqrt,2metaldesc,lasso,0.34891844904719027,0.04623744814293552,0.32343490455292273,N/A,N/A
4,propionic_CM_power_1_cutoff_2.5_Sqrt,2metaldesc,elastic,0.35896986651052976,0.05490323367268494,0.33038402699861324,N/A,N/A
5,propionic_CM_power_1_cutoff_2.5_Sqrt,2metaldesc,gp,0.3191243051001868,0.05092255222598973,0.318153644422949,0.09605251626788723,0.23400175047930985
