,case,subcase,algo,mean of MAEs,std of MAEs,SD of AEs,mean of Stds,std of Stds
0,propionic_BoB_power_2_cutoff_3.5_Sqrt,2metaldesc,svr,0.16951377460173528,0.03706000182637999,0.19094849420464813,N/A,N/A
1,propionic_BoB_power_2_cutoff_3.5_Sqrt,2metaldesc,krr,0.18609939609531814,0.03529605540132056,0.18367321284163357,N/A,N/A
2,propionic_BoB_power_2_cutoff_3.5_Sqrt,2metaldesc,ridge,0.3027943767718109,0.03749659653631683,0.2712625300433169,N/A,N/A
3,propionic_BoB_power_2_cutoff_3.5_Sqrt,2metaldesc,lasso,0.29454228298009055,0.032548905110543064,0.2545797259708635,N/A,N/A
4,propionic_BoB_power_2_cutoff_3.5_Sqrt,2metaldesc,elastic,0.32128828017665584,0.03490188806908056,0.2864779827213812,N/A,N/A
5,propionic_BoB_power_2_cutoff_3.5_Sqrt,2metaldesc,gp,0.2041436213182809,0.07291732368876291,0.38917726591005763,0.9051895687602218,0.7030993563107222
