,case,subcase,algo,mean of MAEs,std of MAEs,SD of AEs,mean of Stds,std of Stds
0,propionic_BoB_power_2_cutoff_4.5_Sqrt,3metaldesc_fullbondcnt,svr,0.15269512703931876,0.022812675436756455,0.16120717978309135,N/A,N/A
1,propionic_BoB_power_2_cutoff_4.5_Sqrt,3metaldesc_fullbondcnt,krr,0.18893048856699948,0.03377921481050706,0.17811457105647685,N/A,N/A
2,propionic_BoB_power_2_cutoff_4.5_Sqrt,3metaldesc_fullbondcnt,ridge,0.3111844116275028,0.030995730737738994,0.27009479436998196,N/A,N/A
3,propionic_BoB_power_2_cutoff_4.5_Sqrt,3metaldesc_fullbondcnt,lasso,0.30901958123362994,0.038752103183877167,0.26804519740560395,N/A,N/A
4,propionic_BoB_power_2_cutoff_4.5_Sqrt,3metaldesc_fullbondcnt,elastic,0.2961939970303325,0.04805306470906212,0.2553507720535012,N/A,N/A
5,propionic_BoB_power_2_cutoff_4.5_Sqrt,3metaldesc_fullbondcnt,gp,0.18399465306262366,0.04321066867541725,0.19075032425762828,0.5679232020402458,0.7418394275439946
