,case,subcase,algo,mean of MAEs,std of MAEs,SD of AEs,mean of Stds,std of Stds
0,propionic_BoB_power_2_cutoff_5.5_Log,2metaldesc,svr,0.18812603600271022,0.04234649873060709,0.21872297207924005,N/A,N/A
1,propionic_BoB_power_2_cutoff_5.5_Log,2metaldesc,krr,0.19461034072745195,0.041487264124690906,0.2164604961046827,N/A,N/A
2,propionic_BoB_power_2_cutoff_5.5_Log,2metaldesc,ridge,0.30309718877925645,0.04253090515612301,0.2573658733053012,N/A,N/A
3,propionic_BoB_power_2_cutoff_5.5_Log,2metaldesc,lasso,0.30728031596485084,0.04495769932171807,0.27170584140264165,N/A,N/A
4,propionic_BoB_power_2_cutoff_5.5_Log,2metaldesc,elastic,0.2997703540197204,0.04080472122785083,0.2547961357753646,N/A,N/A
5,propionic_BoB_power_2_cutoff_5.5_Log,2metaldesc,gp,0.1884937692522742,0.03396930639859398,0.2021752388980989,0.648968630720252,0.2916217611190333
