,case,subcase,algo,mean of MAEs,std of MAEs,SD of AEs,mean of Stds,std of Stds
0,propionic_BoB_power_2_cutoff_4.0_Sqrt,3metaldesc_metalbondcnt,svr,0.16777752378717842,0.038765126509309286,0.20107262803429007,N/A,N/A
1,propionic_BoB_power_2_cutoff_4.0_Sqrt,3metaldesc_metalbondcnt,krr,0.17638911596888987,0.033892546897962686,0.1692970211241266,N/A,N/A
2,propionic_BoB_power_2_cutoff_4.0_Sqrt,3metaldesc_metalbondcnt,ridge,0.3190573431533612,0.04986426969390454,0.2797442444368823,N/A,N/A
3,propionic_BoB_power_2_cutoff_4.0_Sqrt,3metaldesc_metalbondcnt,lasso,0.3151595528924284,0.049281863157198215,0.28232031787799644,N/A,N/A
4,propionic_BoB_power_2_cutoff_4.0_Sqrt,3metaldesc_metalbondcnt,elastic,0.3062847025126466,0.03417442266985067,0.2612500754508002,N/A,N/A
5,propionic_BoB_power_2_cutoff_4.0_Sqrt,3metaldesc_metalbondcnt,gp,0.16354292154205086,0.02587666400457558,0.15752285552142106,0.42841579307504146,0.43521158953212086
