,case,subcase,algo,mean of MAEs,std of MAEs,SD of AEs,mean of Stds,std of Stds
0,propionic_BoB_power_5_cutoff_3.5_Sqrt,3metaldesc,svr,0.15692555915682493,0.021843690423892732,0.16131753923028688,N/A,N/A
1,propionic_BoB_power_5_cutoff_3.5_Sqrt,3metaldesc,krr,0.1583300821400193,0.030943741756604935,0.15440616839285104,N/A,N/A
2,propionic_BoB_power_5_cutoff_3.5_Sqrt,3metaldesc,ridge,0.3178578353652931,0.053071843159270986,0.30353234800426326,N/A,N/A
3,propionic_BoB_power_5_cutoff_3.5_Sqrt,3metaldesc,lasso,0.3187277334567822,0.04401834725716516,0.30059426930095007,N/A,N/A
4,propionic_BoB_power_5_cutoff_3.5_Sqrt,3metaldesc,elastic,0.3246452547960071,0.047039556960394566,0.29616634863317953,N/A,N/A
5,propionic_BoB_power_5_cutoff_3.5_Sqrt,3metaldesc,gp,0.13121643409826567,0.02556740975834564,0.12611016315939827,0.48292575921615893,0.288020295143584
