,case,subcase,algo,mean of MAEs,std of MAEs,SD of AEs,mean of Stds,std of Stds
0,propionic_CM_power_2_cutoff_3.0_Log,2metaldesc,svr,0.330801629798295,0.05100098837955946,0.31830745117382514,N/A,N/A
1,propionic_CM_power_2_cutoff_3.0_Log,2metaldesc,krr,0.27976831660377594,0.04627914047315154,0.2806093425892015,N/A,N/A
2,propionic_CM_power_2_cutoff_3.0_Log,2metaldesc,ridge,0.3802495565871256,0.053331211617587,0.3433081207165031,N/A,N/A
3,propionic_CM_power_2_cutoff_3.0_Log,2metaldesc,lasso,0.37360437536237456,0.04761764711064391,0.31895751142953527,N/A,N/A
4,propionic_CM_power_2_cutoff_3.0_Log,2metaldesc,elastic,0.3834841455641711,0.056101136076813676,0.33060054809912165,N/A,N/A
5,propionic_CM_power_2_cutoff_3.0_Log,2metaldesc,gp,0.3246807413855578,0.03801951614208008,0.3309706602005105,0.14117258996585755,0.2360192110642504
