,case,subcase,algo,mean of MAEs,std of MAEs,SD of AEs,mean of Stds,std of Stds
0,propionic_BoB_power_1_cutoff_3.5_Sqrt,2metaldesc,svr,0.1960692427639466,0.038986626406884384,0.23039850458141659,N/A,N/A
1,propionic_BoB_power_1_cutoff_3.5_Sqrt,2metaldesc,krr,0.19428549982196852,0.026424629180573662,0.1743029930568723,N/A,N/A
2,propionic_BoB_power_1_cutoff_3.5_Sqrt,2metaldesc,ridge,0.29258135110643596,0.03911358899239926,0.25798095794009085,N/A,N/A
3,propionic_BoB_power_1_cutoff_3.5_Sqrt,2metaldesc,lasso,0.2946140486308471,0.03314304754693491,0.24839380821401896,N/A,N/A
4,propionic_BoB_power_1_cutoff_3.5_Sqrt,2metaldesc,elastic,0.3175780817294004,0.04875609118512853,0.29530813920570953,N/A,N/A
5,propionic_BoB_power_1_cutoff_3.5_Sqrt,2metaldesc,gp,0.24207381186763027,0.0733457598045577,0.5099168402078639,0.3673536043200996,0.49795689243460683
