,case,subcase,algo,mean of MAEs,std of MAEs,SD of AEs,mean of Stds,std of Stds
0,propionic_BoB_power_2_cutoff_3.5_Log,3metaldesc,svr,0.13933438086885078,0.024502957044334205,0.15849210948244846,N/A,N/A
1,propionic_BoB_power_2_cutoff_3.5_Log,3metaldesc,krr,0.1644834581451571,0.025624574876765616,0.16216004372805257,N/A,N/A
2,propionic_BoB_power_2_cutoff_3.5_Log,3metaldesc,ridge,0.30926617073342905,0.045124629140706016,0.26634410592452207,N/A,N/A
3,propionic_BoB_power_2_cutoff_3.5_Log,3metaldesc,lasso,0.30147369802079355,0.03120671731877074,0.25562382514434323,N/A,N/A
4,propionic_BoB_power_2_cutoff_3.5_Log,3metaldesc,elastic,0.30854789735244664,0.042152710836562794,0.2579840669728242,N/A,N/A
5,propionic_BoB_power_2_cutoff_3.5_Log,3metaldesc,gp,0.14659078856574406,0.03900206027339066,0.21018788850285433,0.9477168986570793,0.33245487773830873
