,case,subcase,algo,mean of MAEs,std of MAEs,SD of AEs,mean of Stds,std of Stds
0,propionic_BoB_power_3_cutoff_5.5_Sqrt,2metaldesc_metalbondcnt,svr,0.18227523171820656,0.030428022869347763,0.19895620834814887,N/A,N/A
1,propionic_BoB_power_3_cutoff_5.5_Sqrt,2metaldesc_metalbondcnt,krr,0.18995993564247077,0.028186785556484302,0.18110022595134007,N/A,N/A
2,propionic_BoB_power_3_cutoff_5.5_Sqrt,2metaldesc_metalbondcnt,ridge,0.2988270986201162,0.041709545461357744,0.264634646613946,N/A,N/A
3,propionic_BoB_power_3_cutoff_5.5_Sqrt,2metaldesc_metalbondcnt,lasso,0.29770913147374056,0.04269837725274809,0.2827953752926464,N/A,N/A
4,propionic_BoB_power_3_cutoff_5.5_Sqrt,2metaldesc_metalbondcnt,elastic,0.3220793340874485,0.0388874396568006,0.28459174079597177,N/A,N/A
5,propionic_BoB_power_3_cutoff_5.5_Sqrt,2metaldesc_metalbondcnt,gp,0.17656866539745544,0.04187520812435718,0.19010512266054028,0.5687445111765266,0.3449688112372862
