,case,subcase,algo,mean of MAEs,std of MAEs,SD of AEs,mean of Stds,std of Stds
0,propionic_BoB_power_3_cutoff_3.0_Sqrt,2metaldesc_metalbondcnt,svr,0.1740030769932331,0.04463356062401599,0.19995743933630156,N/A,N/A
1,propionic_BoB_power_3_cutoff_3.0_Sqrt,2metaldesc_metalbondcnt,krr,0.17027812649309762,0.026026834573871265,0.16690584772658004,N/A,N/A
2,propionic_BoB_power_3_cutoff_3.0_Sqrt,2metaldesc_metalbondcnt,ridge,0.30435747529764023,0.03663307810168085,0.24625092714650315,N/A,N/A
3,propionic_BoB_power_3_cutoff_3.0_Sqrt,2metaldesc_metalbondcnt,lasso,0.30873793329466837,0.03944210220193796,0.25794686503569514,N/A,N/A
4,propionic_BoB_power_3_cutoff_3.0_Sqrt,2metaldesc_metalbondcnt,elastic,0.3096769959518276,0.032230453475653884,0.25138338373597835,N/A,N/A
5,propionic_BoB_power_3_cutoff_3.0_Sqrt,2metaldesc_metalbondcnt,gp,0.18375966296711368,0.04179033454184646,0.2271377119670779,0.5777098584692397,0.4322949410796991
