,case,subcase,algo,mean of MAEs,std of MAEs,SD of AEs,mean of Stds,std of Stds
0,propionic_CM_power_3_cutoff_3.5_Log,3metaldesc,svr,0.3312822285256536,0.0700817074115744,0.36526106953787046,N/A,N/A
1,propionic_CM_power_3_cutoff_3.5_Log,3metaldesc,krr,0.2860066684606389,0.041268690401798196,0.2739021481944671,N/A,N/A
2,propionic_CM_power_3_cutoff_3.5_Log,3metaldesc,ridge,0.38334925977576406,0.05711426903270594,0.3430482194055416,N/A,N/A
3,propionic_CM_power_3_cutoff_3.5_Log,3metaldesc,lasso,0.391336286931857,0.04362500536177341,0.34898022601648104,N/A,N/A
4,propionic_CM_power_3_cutoff_3.5_Log,3metaldesc,elastic,0.3959040258098137,0.05012057630035919,0.3317914829469751,N/A,N/A
5,propionic_CM_power_3_cutoff_3.5_Log,3metaldesc,gp,0.32901764380762977,0.04988343205978022,0.3189622126476372,0.0522032013670551,0.037602324054844885
