,case,subcase,algo,mean of MAEs,std of MAEs,SD of AEs,mean of Stds,std of Stds
0,propionic_BoB_power_1_cutoff_4.0_Sqrt,3metaldesc_fullbondcnt,svr,0.1933161786348014,0.03768491979964786,0.226467612482671,N/A,N/A
1,propionic_BoB_power_1_cutoff_4.0_Sqrt,3metaldesc_fullbondcnt,krr,0.20518014381495445,0.03222030815092059,0.2026494463481066,N/A,N/A
2,propionic_BoB_power_1_cutoff_4.0_Sqrt,3metaldesc_fullbondcnt,ridge,0.3192890238860857,0.03669010016016223,0.2631777991525459,N/A,N/A
3,propionic_BoB_power_1_cutoff_4.0_Sqrt,3metaldesc_fullbondcnt,lasso,0.3074798547291362,0.04534077592303489,0.27801822232507556,N/A,N/A
4,propionic_BoB_power_1_cutoff_4.0_Sqrt,3metaldesc_fullbondcnt,elastic,0.30756480940649294,0.04112291120857672,0.27618128590366964,N/A,N/A
5,propionic_BoB_power_1_cutoff_4.0_Sqrt,3metaldesc_fullbondcnt,gp,0.1854186690364663,0.03564369949125308,0.23070989780547088,0.3449804372096939,0.19879899380728794
