,case,subcase,algo,mean of MAEs,std of MAEs,SD of AEs,mean of Stds,std of Stds
0,propionic_BoB_power_4_cutoff_2.5_Sqrt,3metaldesc_metalbondcnt,svr,0.14934213257228732,0.03142915475374649,0.18175580950838593,N/A,N/A
1,propionic_BoB_power_4_cutoff_2.5_Sqrt,3metaldesc_metalbondcnt,krr,0.156537918671673,0.021398003153155768,0.17356860868309287,N/A,N/A
2,propionic_BoB_power_4_cutoff_2.5_Sqrt,3metaldesc_metalbondcnt,ridge,0.30929846608692624,0.04475513735492541,0.2749246524218526,N/A,N/A
3,propionic_BoB_power_4_cutoff_2.5_Sqrt,3metaldesc_metalbondcnt,lasso,0.3098951026902637,0.03125242752908645,0.23997743492613854,N/A,N/A
4,propionic_BoB_power_4_cutoff_2.5_Sqrt,3metaldesc_metalbondcnt,elastic,0.3244528313774721,0.03606318546049135,0.256455836265266,N/A,N/A
5,propionic_BoB_power_4_cutoff_2.5_Sqrt,3metaldesc_metalbondcnt,gp,0.14359895187960212,0.02741343753116337,0.13692720864231894,0.5072857765763122,0.3114271536962817
