,case,subcase,algo,mean of MAEs,std of MAEs,SD of AEs,mean of Stds,std of Stds
0,propionic_CM_power_3_cutoff_2.5_Sqrt,2metaldesc_fullbondcnt,svr,0.29363448664693276,0.0594425640355725,0.28696005105380856,N/A,N/A
1,propionic_CM_power_3_cutoff_2.5_Sqrt,2metaldesc_fullbondcnt,krr,0.30711433904742425,0.08614088389966021,0.3127449828286178,N/A,N/A
2,propionic_CM_power_3_cutoff_2.5_Sqrt,2metaldesc_fullbondcnt,ridge,0.2968079942609658,0.043661009261403635,0.271262404749651,N/A,N/A
3,propionic_CM_power_3_cutoff_2.5_Sqrt,2metaldesc_fullbondcnt,lasso,0.2999043713692645,0.03153837746542437,0.2751025676712688,N/A,N/A
4,propionic_CM_power_3_cutoff_2.5_Sqrt,2metaldesc_fullbondcnt,elastic,0.29663244734431127,0.03278245434937804,0.25872675684910723,N/A,N/A
5,propionic_CM_power_3_cutoff_2.5_Sqrt,2metaldesc_fullbondcnt,gp,0.3350161624436692,0.044187034966903814,0.30922880367443895,0.08342663902694814,0.08387536001112476
