,case,subcase,algo,mean of MAEs,std of MAEs,SD of AEs,mean of Stds,std of Stds
0,propionic_CM_power_4_cutoff_6.0_Sqrt,3metaldesc,svr,0.37203707907801464,0.05457773784183383,0.36282050537855515,N/A,N/A
1,propionic_CM_power_4_cutoff_6.0_Sqrt,3metaldesc,krr,0.3460701493269937,0.07682502240605846,0.35260301984277387,N/A,N/A
2,propionic_CM_power_4_cutoff_6.0_Sqrt,3metaldesc,ridge,0.4014756977127596,0.06624799757472659,0.3541398368510085,N/A,N/A
3,propionic_CM_power_4_cutoff_6.0_Sqrt,3metaldesc,lasso,0.40966904354933,0.06306168642148129,0.3674221834554676,N/A,N/A
4,propionic_CM_power_4_cutoff_6.0_Sqrt,3metaldesc,elastic,0.37602246849917925,0.05537200889682552,0.3360889225306816,N/A,N/A
5,propionic_CM_power_4_cutoff_6.0_Sqrt,3metaldesc,gp,0.3480445971543009,0.05510406953361587,0.33298013637428525,0.16793299434007128,0.4293632804795562
