,case,subcase,algo,mean of MAEs,std of MAEs,SD of AEs,mean of Stds,std of Stds
0,propionic_BoB_power_3_cutoff_6.0_Sqrt,2metaldesc,svr,0.18333578488841407,0.029162320097513815,0.20904307411833056,N/A,N/A
1,propionic_BoB_power_3_cutoff_6.0_Sqrt,2metaldesc,krr,0.19738681785723208,0.043945009810166316,0.19564876975094203,N/A,N/A
2,propionic_BoB_power_3_cutoff_6.0_Sqrt,2metaldesc,ridge,0.29315306886063086,0.03351088930636491,0.264425963145527,N/A,N/A
3,propionic_BoB_power_3_cutoff_6.0_Sqrt,2metaldesc,lasso,0.30878107486171535,0.05185466456324361,0.27127769047494177,N/A,N/A
4,propionic_BoB_power_3_cutoff_6.0_Sqrt,2metaldesc,elastic,0.31809698964337824,0.04533545964491455,0.287696407709141,N/A,N/A
5,propionic_BoB_power_3_cutoff_6.0_Sqrt,2metaldesc,gp,0.17805189260743906,0.032318355945578255,0.17254956453156292,0.8389463147903699,0.4438274903124071
