,case,subcase,algo,mean of MAEs,std of MAEs,SD of AEs,mean of Stds,std of Stds
0,propionic_BoB_power_5_cutoff_5.0_Log,3metaldesc_metalbondcnt,svr,0.14774032284792543,0.028623637531494935,0.17948876993713067,N/A,N/A
1,propionic_BoB_power_5_cutoff_5.0_Log,3metaldesc_metalbondcnt,krr,0.13189758400708734,0.019001539961353005,0.12407370177490346,N/A,N/A
2,propionic_BoB_power_5_cutoff_5.0_Log,3metaldesc_metalbondcnt,ridge,0.31336747772905066,0.03623553137140527,0.26895111418870454,N/A,N/A
3,propionic_BoB_power_5_cutoff_5.0_Log,3metaldesc_metalbondcnt,lasso,0.30930402848276267,0.04388622192250735,0.27055396746043664,N/A,N/A
4,propionic_BoB_power_5_cutoff_5.0_Log,3metaldesc_metalbondcnt,elastic,0.3036395643014835,0.04375143275542877,0.24639118723906683,N/A,N/A
5,propionic_BoB_power_5_cutoff_5.0_Log,3metaldesc_metalbondcnt,gp,0.14108343828001604,0.03100651036491558,0.1687649239191266,0.3919237588837003,0.2867790005867937
