,case,subcase,algo,mean of MAEs,std of MAEs,SD of AEs,mean of Stds,std of Stds
0,propionic_BoB_power_1_cutoff_2.5_Log,2metaldesc,svr,0.17819380466934248,0.028782348654287783,0.18788661540277068,N/A,N/A
1,propionic_BoB_power_1_cutoff_2.5_Log,2metaldesc,krr,0.17571827718600477,0.03566316913872132,0.16513815658857953,N/A,N/A
2,propionic_BoB_power_1_cutoff_2.5_Log,2metaldesc,ridge,0.3184068560439693,0.03659745861046619,0.2917026839427067,N/A,N/A
3,propionic_BoB_power_1_cutoff_2.5_Log,2metaldesc,lasso,0.30674021681428915,0.03354254869556344,0.27545993712508204,N/A,N/A
4,propionic_BoB_power_1_cutoff_2.5_Log,2metaldesc,elastic,0.31416103724754757,0.045338295790180325,0.2747613962788033,N/A,N/A
5,propionic_BoB_power_1_cutoff_2.5_Log,2metaldesc,gp,0.17869803059406109,0.028934933233324116,0.17972964908343306,0.3596008125096896,0.2955829167183344
