,case,subcase,algo,mean of MAEs,std of MAEs,SD of AEs,mean of Stds,std of Stds
0,propionic_CM_power_2_cutoff_5.0_Sqrt,3metaldesc_metalbondcnt,svr,0.39389748915759176,0.06568031985091378,0.3598553518035831,N/A,N/A
1,propionic_CM_power_2_cutoff_5.0_Sqrt,3metaldesc_metalbondcnt,krr,0.3641083872726017,0.05286561946071451,0.31305986226370786,N/A,N/A
2,propionic_CM_power_2_cutoff_5.0_Sqrt,3metaldesc_metalbondcnt,ridge,0.38138385798903385,0.06077735847838589,0.3313957495787258,N/A,N/A
3,propionic_CM_power_2_cutoff_5.0_Sqrt,3metaldesc_metalbondcnt,lasso,0.40298107167537106,0.0697636132562248,0.3396126821019511,N/A,N/A
4,propionic_CM_power_2_cutoff_5.0_Sqrt,3metaldesc_metalbondcnt,elastic,0.39258212304801754,0.055672928438187906,0.34823513740173395,N/A,N/A
5,propionic_CM_power_2_cutoff_5.0_Sqrt,3metaldesc_metalbondcnt,gp,0.437302181754065,0.06965669128488902,0.3776133227405404,0.48370057663389376,0.6886940455426255
