,case,subcase,algo,mean of MAEs,std of MAEs,SD of AEs,mean of Stds,std of Stds
0,propionic_CM_power_3_cutoff_6.0_Log,2metaldesc,svr,0.38353980326166837,0.05730076588928572,0.3772587623889359,N/A,N/A
1,propionic_CM_power_3_cutoff_6.0_Log,2metaldesc,krr,0.31984384696673834,0.05251158247628729,0.3420097063233745,N/A,N/A
2,propionic_CM_power_3_cutoff_6.0_Log,2metaldesc,ridge,0.37681209309589536,0.0575046149123684,0.33383669744309585,N/A,N/A
3,propionic_CM_power_3_cutoff_6.0_Log,2metaldesc,lasso,0.37338331703224015,0.06107291757294482,0.339507645043671,N/A,N/A
4,propionic_CM_power_3_cutoff_6.0_Log,2metaldesc,elastic,0.38434839930473275,0.04485945350235318,0.33282590482573193,N/A,N/A
5,propionic_CM_power_3_cutoff_6.0_Log,2metaldesc,gp,0.36133451370351904,0.05929753506348089,0.3432604756454373,0.04944171862808155,0.04826185899137974
