,case,subcase,algo,mean of MAEs,std of MAEs,SD of AEs,mean of Stds,std of Stds
0,propionic_BoB_power_1_cutoff_4.0_Log,2metaldesc,svr,0.17190208722715702,0.03288990115828923,0.16034272903980853,N/A,N/A
1,propionic_BoB_power_1_cutoff_4.0_Log,2metaldesc,krr,0.1810277339903301,0.03289621217975906,0.18442176090132809,N/A,N/A
2,propionic_BoB_power_1_cutoff_4.0_Log,2metaldesc,ridge,0.3051016201541413,0.038234971199391794,0.2655631798848491,N/A,N/A
3,propionic_BoB_power_1_cutoff_4.0_Log,2metaldesc,lasso,0.29824713881991444,0.04668556639953818,0.2641917949557592,N/A,N/A
4,propionic_BoB_power_1_cutoff_4.0_Log,2metaldesc,elastic,0.311714501013128,0.03130954987864466,0.2703961505223659,N/A,N/A
5,propionic_BoB_power_1_cutoff_4.0_Log,2metaldesc,gp,0.18081424468799576,0.04152769436028331,0.19375076456708862,0.7445143352065777,0.2506599010673199
