,case,subcase,algo,mean of MAEs,std of MAEs,SD of AEs,mean of Stds,std of Stds
0,propionic_CM_power_2_cutoff_3.0_Sqrt,2metaldesc_fullbondcnt,svr,0.3394509365566578,0.06822798758058174,0.3183945130281888,N/A,N/A
1,propionic_CM_power_2_cutoff_3.0_Sqrt,2metaldesc_fullbondcnt,krr,0.3189931236028353,0.04993311469293797,0.29558199303528415,N/A,N/A
2,propionic_CM_power_2_cutoff_3.0_Sqrt,2metaldesc_fullbondcnt,ridge,0.32025211870744186,0.04723160687688533,0.2729634987923913,N/A,N/A
3,propionic_CM_power_2_cutoff_3.0_Sqrt,2metaldesc_fullbondcnt,lasso,0.31868676705273263,0.046009039644408625,0.2853007098445812,N/A,N/A
4,propionic_CM_power_2_cutoff_3.0_Sqrt,2metaldesc_fullbondcnt,elastic,0.3085692165213518,0.04394457196611038,0.2873239657693745,N/A,N/A
5,propionic_CM_power_2_cutoff_3.0_Sqrt,2metaldesc_fullbondcnt,gp,0.33878443512365125,0.04599990230842648,0.31208594889832264,0.3302634306459097,0.34330251714522086
