,case,subcase,algo,mean of MAEs,std of MAEs,SD of AEs,mean of Stds,std of Stds
0,propionic_BoB_power_3_cutoff_6.0_Sqrt,3metaldesc,svr,0.13826632695371713,0.0259102718608897,0.13703927724949136,N/A,N/A
1,propionic_BoB_power_3_cutoff_6.0_Sqrt,3metaldesc,krr,0.17900739159161688,0.02522414098779734,0.171945126440908,N/A,N/A
2,propionic_BoB_power_3_cutoff_6.0_Sqrt,3metaldesc,ridge,0.31218632321144724,0.04975048198529612,0.2715413940790637,N/A,N/A
3,propionic_BoB_power_3_cutoff_6.0_Sqrt,3metaldesc,lasso,0.3122743016317164,0.043994743887692034,0.27160339956521334,N/A,N/A
4,propionic_BoB_power_3_cutoff_6.0_Sqrt,3metaldesc,elastic,0.33260540769743085,0.04846467794088208,0.29785559674723566,N/A,N/A
5,propionic_BoB_power_3_cutoff_6.0_Sqrt,3metaldesc,gp,0.14414344558223668,0.025032202024596193,0.14915364630776182,0.7857308900635431,0.32300159068030915
