,case,subcase,algo,mean of MAEs,std of MAEs,SD of AEs,mean of Stds,std of Stds
0,propionic_BoB_power_3_cutoff_4.5_Log,2metaldesc,svr,0.16111327309394646,0.030892383027498638,0.1754215928507957,N/A,N/A
1,propionic_BoB_power_3_cutoff_4.5_Log,2metaldesc,krr,0.18088001776128,0.04247351356119263,0.2171559164234705,N/A,N/A
2,propionic_BoB_power_3_cutoff_4.5_Log,2metaldesc,ridge,0.30388547444013314,0.047998173312497075,0.26739859651715875,N/A,N/A
3,propionic_BoB_power_3_cutoff_4.5_Log,2metaldesc,lasso,0.3118471250028177,0.03981402924348028,0.2826413040596763,N/A,N/A
4,propionic_BoB_power_3_cutoff_4.5_Log,2metaldesc,elastic,0.3193575553131612,0.05037211968318388,0.27571683929509866,N/A,N/A
5,propionic_BoB_power_3_cutoff_4.5_Log,2metaldesc,gp,0.17262727249517265,0.02639956294562583,0.18144187204841575,0.483494978049996,0.262306812303916
