,case,subcase,algo,mean of MAEs,std of MAEs,SD of AEs,mean of Stds,std of Stds
0,propionic_CM_power_4_cutoff_4.0_Log,2metaldesc_fullbondcnt,svr,0.27123888266505713,0.047056667329116585,0.28049831632142697,N/A,N/A
1,propionic_CM_power_4_cutoff_4.0_Log,2metaldesc_fullbondcnt,krr,0.26640803164177057,0.05892478370287589,0.24187889620558903,N/A,N/A
2,propionic_CM_power_4_cutoff_4.0_Log,2metaldesc_fullbondcnt,ridge,0.29832521576399207,0.06283453435896907,0.2873330902304677,N/A,N/A
3,propionic_CM_power_4_cutoff_4.0_Log,2metaldesc_fullbondcnt,lasso,0.30247463637374117,0.04349123890548723,0.2818703329593959,N/A,N/A
4,propionic_CM_power_4_cutoff_4.0_Log,2metaldesc_fullbondcnt,elastic,0.3077855150591382,0.041911108466335126,0.2931140294985125,N/A,N/A
5,propionic_CM_power_4_cutoff_4.0_Log,2metaldesc_fullbondcnt,gp,0.2710906457381936,0.05028264001883184,0.2784960916361424,0.04112211846333487,0.031630941786822464
