,case,subcase,algo,mean of MAEs,std of MAEs,SD of AEs,mean of Stds,std of Stds
0,propionic_BoB_power_3_cutoff_2.5_Log,3metaldesc_fullbondcnt,svr,0.15154781116313706,0.033071198811855225,0.18843181637552037,N/A,N/A
1,propionic_BoB_power_3_cutoff_2.5_Log,3metaldesc_fullbondcnt,krr,0.1517732465377086,0.025245961152867258,0.14552725907099448,N/A,N/A
2,propionic_BoB_power_3_cutoff_2.5_Log,3metaldesc_fullbondcnt,ridge,0.302677787163364,0.03409635948340098,0.23863982911025725,N/A,N/A
3,propionic_BoB_power_3_cutoff_2.5_Log,3metaldesc_fullbondcnt,lasso,0.2955166722742487,0.05147394939650932,0.24295817708998613,N/A,N/A
4,propionic_BoB_power_3_cutoff_2.5_Log,3metaldesc_fullbondcnt,elastic,0.30289501406927694,0.03379927746018835,0.25730351910342436,N/A,N/A
5,propionic_BoB_power_3_cutoff_2.5_Log,3metaldesc_fullbondcnt,gp,0.13890901806827416,0.030792016061464783,0.15158585622876003,0.5141356361997277,0.26877539424121666
