,case,subcase,algo,mean of MAEs,std of MAEs,SD of AEs,mean of Stds,std of Stds
0,propionic_BoB_power_5_cutoff_4.0_Sqrt,3metaldesc_metalbondcnt,svr,0.13929746002631313,0.029101477558291178,0.14767309609378843,N/A,N/A
1,propionic_BoB_power_5_cutoff_4.0_Sqrt,3metaldesc_metalbondcnt,krr,0.14309891707746766,0.030102940428962468,0.15535101399155143,N/A,N/A
2,propionic_BoB_power_5_cutoff_4.0_Sqrt,3metaldesc_metalbondcnt,ridge,0.32424841305386887,0.04172754557894587,0.2878537488186956,N/A,N/A
3,propionic_BoB_power_5_cutoff_4.0_Sqrt,3metaldesc_metalbondcnt,lasso,0.3049451757377727,0.04037954013540999,0.27253845049967046,N/A,N/A
4,propionic_BoB_power_5_cutoff_4.0_Sqrt,3metaldesc_metalbondcnt,elastic,0.3116874278749988,0.04669688216904604,0.27242301988580747,N/A,N/A
5,propionic_BoB_power_5_cutoff_4.0_Sqrt,3metaldesc_metalbondcnt,gp,0.13452329672338123,0.03794082837559319,0.15949495908345,0.405818296991463,0.29811128433250494
