,case,subcase,algo,mean of MAEs,std of MAEs,SD of AEs,mean of Stds,std of Stds
0,propionic_BoB_power_1_cutoff_5.5_Sqrt,3metaldesc,svr,0.2387820038723226,0.03924499648059083,0.27632039427638677,N/A,N/A
1,propionic_BoB_power_1_cutoff_5.5_Sqrt,3metaldesc,krr,0.28124277727968944,0.051710632138074725,0.2816841873767585,N/A,N/A
2,propionic_BoB_power_1_cutoff_5.5_Sqrt,3metaldesc,ridge,0.30511571229376244,0.043223396372280044,0.26193108730922676,N/A,N/A
3,propionic_BoB_power_1_cutoff_5.5_Sqrt,3metaldesc,lasso,0.30403322709515934,0.043977266389341636,0.26534958811753956,N/A,N/A
4,propionic_BoB_power_1_cutoff_5.5_Sqrt,3metaldesc,elastic,0.31046347208488967,0.044304516303426966,0.27067576667776944,N/A,N/A
5,propionic_BoB_power_1_cutoff_5.5_Sqrt,3metaldesc,gp,0.18909495985911662,0.027808419542386123,0.19297052626073294,0.5061582087206813,0.25263809582877317
