,case,subcase,algo,mean of MAEs,std of MAEs,SD of AEs,mean of Stds,std of Stds
0,propionic_CM_power_2_cutoff_4.0_Sqrt,3metaldesc,svr,0.40828077212571307,0.06373112360465681,0.3833912550165681,N/A,N/A
1,propionic_CM_power_2_cutoff_4.0_Sqrt,3metaldesc,krr,0.4188279510369404,0.0642513945214393,0.3725004977272618,N/A,N/A
2,propionic_CM_power_2_cutoff_4.0_Sqrt,3metaldesc,ridge,0.473668063002944,0.06674620431641225,0.4038122027190851,N/A,N/A
3,propionic_CM_power_2_cutoff_4.0_Sqrt,3metaldesc,lasso,0.433442085973589,0.08181155002465472,0.39396034689431164,N/A,N/A
4,propionic_CM_power_2_cutoff_4.0_Sqrt,3metaldesc,elastic,0.41334633027510015,0.05196142220032388,0.39499449833241057,N/A,N/A
5,propionic_CM_power_2_cutoff_4.0_Sqrt,3metaldesc,gp,0.4105652643680535,0.05265196046339311,0.3644899796147024,0.5239535264401355,0.6832572383001299
