,case,subcase,algo,mean of MAEs,std of MAEs,SD of AEs,mean of Stds,std of Stds
0,propionic_CM_power_5_cutoff_3.0_Sqrt,3metaldesc,svr,0.38249120754446414,0.06639830665976029,0.38466388448507366,N/A,N/A
1,propionic_CM_power_5_cutoff_3.0_Sqrt,3metaldesc,krr,0.379810515003335,0.07479383187561736,0.35929034014213895,N/A,N/A
2,propionic_CM_power_5_cutoff_3.0_Sqrt,3metaldesc,ridge,0.39029300542837325,0.046873433520029324,0.3269272332003691,N/A,N/A
3,propionic_CM_power_5_cutoff_3.0_Sqrt,3metaldesc,lasso,0.3846372339621439,0.046140283586942436,0.30564580304414446,N/A,N/A
4,propionic_CM_power_5_cutoff_3.0_Sqrt,3metaldesc,elastic,0.3748113984673707,0.03504574165672733,0.3139823344893212,N/A,N/A
5,propionic_CM_power_5_cutoff_3.0_Sqrt,3metaldesc,gp,0.37292356308528163,0.05377011099660949,0.3327678099029051,0.13880831635400323,0.43578859668885
