,case,subcase,algo,mean of MAEs,std of MAEs,SD of AEs,mean of Stds,std of Stds
0,propionic_CM_power_5_cutoff_5.5_Log,2metaldesc,svr,0.32922616274541666,0.06276523898251131,0.32547363903311527,N/A,N/A
1,propionic_CM_power_5_cutoff_5.5_Log,2metaldesc,krr,0.28727395603059536,0.0474730826830389,0.2695028138324383,N/A,N/A
2,propionic_CM_power_5_cutoff_5.5_Log,2metaldesc,ridge,0.3866384091315662,0.06277286060300244,0.33227843136567686,N/A,N/A
3,propionic_CM_power_5_cutoff_5.5_Log,2metaldesc,lasso,0.38225143182081284,0.039302980368657675,0.31066660205987434,N/A,N/A
4,propionic_CM_power_5_cutoff_5.5_Log,2metaldesc,elastic,0.39876813154382984,0.057101281952350195,0.3272268458435869,N/A,N/A
5,propionic_CM_power_5_cutoff_5.5_Log,2metaldesc,gp,0.3009601125244923,0.05279765324185472,0.3452652834245044,0.04482578961480041,0.05131810065307312
