,case,subcase,algo,mean of MAEs,std of MAEs,SD of AEs,mean of Stds,std of Stds
0,propionic_CM_power_1_cutoff_3.0_Sqrt,2metaldesc,svr,0.3739102658207013,0.06461834406726381,0.3441487401844254,N/A,N/A
1,propionic_CM_power_1_cutoff_3.0_Sqrt,2metaldesc,krr,0.35668427614996034,0.045501328350901725,0.2729102876037661,N/A,N/A
2,propionic_CM_power_1_cutoff_3.0_Sqrt,2metaldesc,ridge,0.4392797166235071,0.045684636202660216,0.37306905725558237,N/A,N/A
3,propionic_CM_power_1_cutoff_3.0_Sqrt,2metaldesc,lasso,0.4452270316258399,0.06728090352875876,0.35871646218591935,N/A,N/A
4,propionic_CM_power_1_cutoff_3.0_Sqrt,2metaldesc,elastic,0.42119133991767155,0.06306971518751167,0.37394150735522746,N/A,N/A
5,propionic_CM_power_1_cutoff_3.0_Sqrt,2metaldesc,gp,0.3802288481416335,0.06173029219807487,0.35779000816027373,0.5921864624889275,0.39295885191926183
