,case,subcase,algo,mean of MAEs,std of MAEs,SD of AEs,mean of Stds,std of Stds
0,propionic_CM_power_2_cutoff_4.0_Log,2metaldesc,svr,0.3594662976076458,0.044324840898041326,0.33996971373611384,N/A,N/A
1,propionic_CM_power_2_cutoff_4.0_Log,2metaldesc,krr,0.33551682377561526,0.05254816306972929,0.36287962464532525,N/A,N/A
2,propionic_CM_power_2_cutoff_4.0_Log,2metaldesc,ridge,0.38044669851750695,0.07487003022333645,0.34342200424564406,N/A,N/A
3,propionic_CM_power_2_cutoff_4.0_Log,2metaldesc,lasso,0.3837885874976619,0.038022535364217305,0.3425805627164012,N/A,N/A
4,propionic_CM_power_2_cutoff_4.0_Log,2metaldesc,elastic,0.3757080642758478,0.07485403240136895,0.3328169259216297,N/A,N/A
5,propionic_CM_power_2_cutoff_4.0_Log,2metaldesc,gp,0.34074012331665704,0.044235368661356106,0.3185832138000474,0.08486199927919127,0.11181380322362344
