,case,subcase,algo,mean of MAEs,std of MAEs,SD of AEs,mean of Stds,std of Stds
0,propionic_CM_power_2_cutoff_4.5_Sqrt,2metaldesc,svr,0.4236041998207789,0.06865578841927282,0.3950273575831019,N/A,N/A
1,propionic_CM_power_2_cutoff_4.5_Sqrt,2metaldesc,krr,0.40849310664954674,0.06676576810189284,0.36311590062055277,N/A,N/A
2,propionic_CM_power_2_cutoff_4.5_Sqrt,2metaldesc,ridge,0.43851739458032396,0.06218523610229817,0.39097148553929967,N/A,N/A
3,propionic_CM_power_2_cutoff_4.5_Sqrt,2metaldesc,lasso,0.46037707759166824,0.05685526432249576,0.41842219516774265,N/A,N/A
4,propionic_CM_power_2_cutoff_4.5_Sqrt,2metaldesc,elastic,0.42444342602186014,0.05710823522004121,0.3818034299520847,N/A,N/A
5,propionic_CM_power_2_cutoff_4.5_Sqrt,2metaldesc,gp,0.44115288214474957,0.060596361345270223,0.41889543622977443,0.16344061056183062,0.2638722251909363
