,case,subcase,algo,mean of MAEs,std of MAEs,SD of AEs,mean of Stds,std of Stds
0,propionic_BoB_power_5_cutoff_5.5_Log,3metaldesc,svr,0.14835849661648598,0.02065955081847302,0.14341868774086167,N/A,N/A
1,propionic_BoB_power_5_cutoff_5.5_Log,3metaldesc,krr,0.1540845348646943,0.03681777335941925,0.15047999808482884,N/A,N/A
2,propionic_BoB_power_5_cutoff_5.5_Log,3metaldesc,ridge,0.3072134178256375,0.043040712095291395,0.2859948188063776,N/A,N/A
3,propionic_BoB_power_5_cutoff_5.5_Log,3metaldesc,lasso,0.3036466112588188,0.039436754022464306,0.2736274520447659,N/A,N/A
4,propionic_BoB_power_5_cutoff_5.5_Log,3metaldesc,elastic,0.31800845633191466,0.04153799090755687,0.28171161133227485,N/A,N/A
5,propionic_BoB_power_5_cutoff_5.5_Log,3metaldesc,gp,0.1550340899832965,0.028018930134865973,0.16236136543317065,0.40857767791407723,0.31914227271013307
