,case,subcase,algo,mean of MAEs,std of MAEs,SD of AEs,mean of Stds,std of Stds
0,propionic_BoB_power_5_cutoff_5.0_Sqrt,2metaldesc_fullbondcnt,svr,0.1535438475428968,0.03196494568419963,0.22082879709763914,N/A,N/A
1,propionic_BoB_power_5_cutoff_5.0_Sqrt,2metaldesc_fullbondcnt,krr,0.14976115394408207,0.032359312878008036,0.1668794858265978,N/A,N/A
2,propionic_BoB_power_5_cutoff_5.0_Sqrt,2metaldesc_fullbondcnt,ridge,0.2974745752673959,0.03095945662096568,0.2473341322741066,N/A,N/A
3,propionic_BoB_power_5_cutoff_5.0_Sqrt,2metaldesc_fullbondcnt,lasso,0.30076898354393533,0.03955062291258512,0.27194920102341436,N/A,N/A
4,propionic_BoB_power_5_cutoff_5.0_Sqrt,2metaldesc_fullbondcnt,elastic,0.2963827109311315,0.046422662479306674,0.24677437440647287,N/A,N/A
5,propionic_BoB_power_5_cutoff_5.0_Sqrt,2metaldesc_fullbondcnt,gp,0.16778022677078064,0.03326412261751386,0.21527258492127072,0.3617340014017085,0.3070419269530395
