,case,subcase,algo,mean of MAEs,std of MAEs,SD of AEs,mean of Stds,std of Stds
0,propionic_CM_power_3_cutoff_6.0_Log,3metaldesc,svr,0.3370263746921065,0.04586339899330366,0.33146005623126124,N/A,N/A
1,propionic_CM_power_3_cutoff_6.0_Log,3metaldesc,krr,0.3122649543177432,0.05455155252381461,0.3270704973743831,N/A,N/A
2,propionic_CM_power_3_cutoff_6.0_Log,3metaldesc,ridge,0.36562238788926776,0.04845107100545889,0.31991068048176435,N/A,N/A
3,propionic_CM_power_3_cutoff_6.0_Log,3metaldesc,lasso,0.35679471475951674,0.04893356321009572,0.320945705858352,N/A,N/A
4,propionic_CM_power_3_cutoff_6.0_Log,3metaldesc,elastic,0.3668892523594469,0.052687424213330926,0.3238070192464459,N/A,N/A
5,propionic_CM_power_3_cutoff_6.0_Log,3metaldesc,gp,0.3194899691778446,0.04858459639341538,0.3103690847061338,0.03304047091894842,0.01912318929243778
