,case,subcase,algo,mean of MAEs,std of MAEs,SD of AEs,mean of Stds,std of Stds
0,propionic_BoB_power_1_cutoff_6.0_Log,2metaldesc_fullbondcnt,svr,0.2080855739117932,0.024845702211500807,0.20304130168563855,N/A,N/A
1,propionic_BoB_power_1_cutoff_6.0_Log,2metaldesc_fullbondcnt,krr,0.2507125804025254,0.05354739093656033,0.25100252340933427,N/A,N/A
2,propionic_BoB_power_1_cutoff_6.0_Log,2metaldesc_fullbondcnt,ridge,0.31679489256041055,0.046355445498970284,0.2727962879163349,N/A,N/A
3,propionic_BoB_power_1_cutoff_6.0_Log,2metaldesc_fullbondcnt,lasso,0.2955502339927029,0.05010718346831727,0.25474883079678523,N/A,N/A
4,propionic_BoB_power_1_cutoff_6.0_Log,2metaldesc_fullbondcnt,elastic,0.29780918721206745,0.03283298649893155,0.28058538017378715,N/A,N/A
5,propionic_BoB_power_1_cutoff_6.0_Log,2metaldesc_fullbondcnt,gp,0.2278092447922851,0.04384268144639976,0.23949175943249312,0.9198448466956053,0.6621688992886801
