,case,subcase,algo,mean of MAEs,std of MAEs,SD of AEs,mean of Stds,std of Stds
0,propionic_BoB_power_4_cutoff_2.5_Log,2metaldesc,svr,0.18046598886064763,0.035203234068390536,0.22117345431195568,N/A,N/A
1,propionic_BoB_power_4_cutoff_2.5_Log,2metaldesc,krr,0.16464321131622178,0.027579696035768642,0.1618910380351207,N/A,N/A
2,propionic_BoB_power_4_cutoff_2.5_Log,2metaldesc,ridge,0.308733941406422,0.03890231508805059,0.26623553567790176,N/A,N/A
3,propionic_BoB_power_4_cutoff_2.5_Log,2metaldesc,lasso,0.30502756497635714,0.035144257861282786,0.262160764302379,N/A,N/A
4,propionic_BoB_power_4_cutoff_2.5_Log,2metaldesc,elastic,0.30866903479455443,0.04662361513227956,0.26905598161161415,N/A,N/A
5,propionic_BoB_power_4_cutoff_2.5_Log,2metaldesc,gp,0.1624308696101886,0.024634647073675502,0.1677968632920765,0.333305925699896,0.27719175145757563
