,case,subcase,algo,mean of MAEs,std of MAEs,SD of AEs,mean of Stds,std of Stds
0,propionic_BoB_power_5_cutoff_5.0_Sqrt,2metaldesc,svr,0.16985523737326944,0.03897136754293413,0.19825892843660375,N/A,N/A
1,propionic_BoB_power_5_cutoff_5.0_Sqrt,2metaldesc,krr,0.1575838775300039,0.03192773743998188,0.16840293776613224,N/A,N/A
2,propionic_BoB_power_5_cutoff_5.0_Sqrt,2metaldesc,ridge,0.31874520474711326,0.044231326269552965,0.3016850490335014,N/A,N/A
3,propionic_BoB_power_5_cutoff_5.0_Sqrt,2metaldesc,lasso,0.3057702401059409,0.054965774296723426,0.2730201972301699,N/A,N/A
4,propionic_BoB_power_5_cutoff_5.0_Sqrt,2metaldesc,elastic,0.31573340141721756,0.0344123614803549,0.29078499289582643,N/A,N/A
5,propionic_BoB_power_5_cutoff_5.0_Sqrt,2metaldesc,gp,0.1608245133658843,0.02863380355271016,0.19130746101381457,0.3174549006155803,0.26851367007047544
