,case,subcase,algo,mean of MAEs,std of MAEs,SD of AEs,mean of Stds,std of Stds
0,propionic_CM_power_4_cutoff_6.0_Log,3metaldesc,svr,0.30604213375223294,0.06617733334718644,0.3296131211909666,N/A,N/A
1,propionic_CM_power_4_cutoff_6.0_Log,3metaldesc,krr,0.32018003200216943,0.05113240206858891,0.31044197553335895,N/A,N/A
2,propionic_CM_power_4_cutoff_6.0_Log,3metaldesc,ridge,0.40749714234055534,0.04776693091483082,0.34872201345228043,N/A,N/A
3,propionic_CM_power_4_cutoff_6.0_Log,3metaldesc,lasso,0.3830178807031128,0.04899170635877159,0.31484276021439467,N/A,N/A
4,propionic_CM_power_4_cutoff_6.0_Log,3metaldesc,elastic,0.392303097446541,0.0358998827818836,0.32182029163540155,N/A,N/A
5,propionic_CM_power_4_cutoff_6.0_Log,3metaldesc,gp,0.32216791300483544,0.0621787778903525,0.34246900438163397,0.10188403950875387,0.27499318831189495
