,case,subcase,algo,mean of MAEs,std of MAEs,SD of AEs,mean of Stds,std of Stds
0,propionic_CM_power_5_cutoff_3.5_Log,3metaldesc,svr,0.3389329179713097,0.06913335863104701,0.34319835064247894,N/A,N/A
1,propionic_CM_power_5_cutoff_3.5_Log,3metaldesc,krr,0.2913561438713237,0.04898114355986493,0.28053387832896476,N/A,N/A
2,propionic_CM_power_5_cutoff_3.5_Log,3metaldesc,ridge,0.3667093308974778,0.06562808481815173,0.3054603563607275,N/A,N/A
3,propionic_CM_power_5_cutoff_3.5_Log,3metaldesc,lasso,0.3797767174314491,0.05145225290267643,0.3335308973359459,N/A,N/A
4,propionic_CM_power_5_cutoff_3.5_Log,3metaldesc,elastic,0.3939949168853989,0.04499043188943224,0.3203449777744871,N/A,N/A
5,propionic_CM_power_5_cutoff_3.5_Log,3metaldesc,gp,0.3010070494080736,0.04031905440315895,0.3062269285437225,0.06348989246621248,0.10663606092785759
