,case,subcase,algo,mean of MAEs,std of MAEs,SD of AEs,mean of Stds,std of Stds
0,propionic_CM_power_2_cutoff_5.5_Log,3metaldesc,svr,0.3996881088984602,0.07053503578651618,0.39184940197169316,N/A,N/A
1,propionic_CM_power_2_cutoff_5.5_Log,3metaldesc,krr,0.2971814207280466,0.06495351589840165,0.3048390825722935,N/A,N/A
2,propionic_CM_power_2_cutoff_5.5_Log,3metaldesc,ridge,0.3773880030352214,0.06956387084349393,0.35654096837523175,N/A,N/A
3,propionic_CM_power_2_cutoff_5.5_Log,3metaldesc,lasso,0.3796551699314202,0.048936008399970254,0.3481190434336293,N/A,N/A
4,propionic_CM_power_2_cutoff_5.5_Log,3metaldesc,elastic,0.388822884503477,0.053547260906029084,0.34733882218455436,N/A,N/A
5,propionic_CM_power_2_cutoff_5.5_Log,3metaldesc,gp,0.3204862472030187,0.03773056696091817,0.2882234497251904,0.1120432151496463,0.1126491191275556
