,case,subcase,algo,mean of MAEs,std of MAEs,SD of AEs,mean of Stds,std of Stds
0,propionic_BoB_power_3_cutoff_4.0_Sqrt,3metaldesc,svr,0.14145339248900882,0.020077184158359507,0.140664636563194,N/A,N/A
1,propionic_BoB_power_3_cutoff_4.0_Sqrt,3metaldesc,krr,0.16554566741582388,0.023572681638451394,0.161675910251634,N/A,N/A
2,propionic_BoB_power_3_cutoff_4.0_Sqrt,3metaldesc,ridge,0.2986074516750205,0.03260884131480706,0.2715018288200753,N/A,N/A
3,propionic_BoB_power_3_cutoff_4.0_Sqrt,3metaldesc,lasso,0.3054743773102112,0.0345977041025541,0.2621252048834399,N/A,N/A
4,propionic_BoB_power_3_cutoff_4.0_Sqrt,3metaldesc,elastic,0.32612995927824423,0.0512430254700335,0.28588414133225765,N/A,N/A
5,propionic_BoB_power_3_cutoff_4.0_Sqrt,3metaldesc,gp,0.14205942175838088,0.02241068564531884,0.14471484739818474,0.8104573149175452,0.47213323445589167
