,case,subcase,algo,mean of MAEs,std of MAEs,SD of AEs,mean of Stds,std of Stds
0,propionic_BoB_power_3_cutoff_3.0_Sqrt,3metaldesc_fullbondcnt,svr,0.14698429856682785,0.02712932373868434,0.1552589009737682,N/A,N/A
1,propionic_BoB_power_3_cutoff_3.0_Sqrt,3metaldesc_fullbondcnt,krr,0.15108317664951296,0.0251213228602573,0.13538762015289837,N/A,N/A
2,propionic_BoB_power_3_cutoff_3.0_Sqrt,3metaldesc_fullbondcnt,ridge,0.3209576059289483,0.04732741912485134,0.29607037414459775,N/A,N/A
3,propionic_BoB_power_3_cutoff_3.0_Sqrt,3metaldesc_fullbondcnt,lasso,0.2993291772778777,0.04399671874335017,0.25359093158787516,N/A,N/A
4,propionic_BoB_power_3_cutoff_3.0_Sqrt,3metaldesc_fullbondcnt,elastic,0.318931391085553,0.05151533513662449,0.27333089902498103,N/A,N/A
5,propionic_BoB_power_3_cutoff_3.0_Sqrt,3metaldesc_fullbondcnt,gp,0.14161528485065092,0.02810942270115981,0.17942981173943381,0.6488218832707214,0.4915214002768383
