,case,subcase,algo,mean of MAEs,std of MAEs,SD of AEs,mean of Stds,std of Stds
0,propionic_BoB_power_4_cutoff_3.5_Sqrt,2metaldesc,svr,0.17016644627655936,0.034242283140388345,0.208950428495656,N/A,N/A
1,propionic_BoB_power_4_cutoff_3.5_Sqrt,2metaldesc,krr,0.15536623025732804,0.0263802890622681,0.15697835201913685,N/A,N/A
2,propionic_BoB_power_4_cutoff_3.5_Sqrt,2metaldesc,ridge,0.30896754745010574,0.04384789767272609,0.28157776459846073,N/A,N/A
3,propionic_BoB_power_4_cutoff_3.5_Sqrt,2metaldesc,lasso,0.30963996099010244,0.038378170791081696,0.277672963456393,N/A,N/A
4,propionic_BoB_power_4_cutoff_3.5_Sqrt,2metaldesc,elastic,0.32324598509468777,0.046833067862338665,0.30179709757136464,N/A,N/A
5,propionic_BoB_power_4_cutoff_3.5_Sqrt,2metaldesc,gp,0.163638914429417,0.026135684174478545,0.16977734301430242,0.43780966439716373,0.28649887873758617
