,case,subcase,algo,mean of MAEs,std of MAEs,SD of AEs,mean of Stds,std of Stds
0,propionic_BoB_power_3_cutoff_5.0_Log,3metaldesc_fullbondcnt,svr,0.14459329759747974,0.02937117216475069,0.16678810402632052,N/A,N/A
1,propionic_BoB_power_3_cutoff_5.0_Log,3metaldesc_fullbondcnt,krr,0.14536145348470678,0.03245094994868594,0.15136889575828494,N/A,N/A
2,propionic_BoB_power_3_cutoff_5.0_Log,3metaldesc_fullbondcnt,ridge,0.31208809868997617,0.042160569878187594,0.2882702465813003,N/A,N/A
3,propionic_BoB_power_3_cutoff_5.0_Log,3metaldesc_fullbondcnt,lasso,0.3020549484305936,0.04017611900552572,0.2763040693962803,N/A,N/A
4,propionic_BoB_power_3_cutoff_5.0_Log,3metaldesc_fullbondcnt,elastic,0.31065248790803635,0.04014097486694738,0.2790967870746083,N/A,N/A
5,propionic_BoB_power_3_cutoff_5.0_Log,3metaldesc_fullbondcnt,gp,0.13182008539088613,0.025204530003656772,0.14972122215883077,0.6586314469787291,0.26852289556201525
