,case,subcase,algo,mean of MAEs,std of MAEs,SD of AEs,mean of Stds,std of Stds
0,propionic_BoB_power_4_cutoff_6.0_Sqrt,2metaldesc_fullbondcnt,svr,0.16668629917912736,0.0374311021330718,0.21525644338437386,N/A,N/A
1,propionic_BoB_power_4_cutoff_6.0_Sqrt,2metaldesc_fullbondcnt,krr,0.17033429598876815,0.027019446469543944,0.1815920345528439,N/A,N/A
2,propionic_BoB_power_4_cutoff_6.0_Sqrt,2metaldesc_fullbondcnt,ridge,0.31920542587402856,0.052340996419057914,0.30429061735390067,N/A,N/A
3,propionic_BoB_power_4_cutoff_6.0_Sqrt,2metaldesc_fullbondcnt,lasso,0.29527062585942226,0.040537458914050514,0.2847590404485771,N/A,N/A
4,propionic_BoB_power_4_cutoff_6.0_Sqrt,2metaldesc_fullbondcnt,elastic,0.29640913393833723,0.03651835896061936,0.2502049810959859,N/A,N/A
5,propionic_BoB_power_4_cutoff_6.0_Sqrt,2metaldesc_fullbondcnt,gp,0.16730708492848975,0.030246265781170324,0.16386927805332407,0.4687594775485582,0.21516026045994738
