,case,subcase,algo,mean of MAEs,std of MAEs,SD of AEs,mean of Stds,std of Stds
0,propionic_BoB_power_5_cutoff_6.0_Sqrt,3metaldesc_fullbondcnt,svr,0.13943808520047946,0.022293166536245752,0.14604830600710736,N/A,N/A
1,propionic_BoB_power_5_cutoff_6.0_Sqrt,3metaldesc_fullbondcnt,krr,0.14243236169348594,0.03109694179058132,0.15678302927545829,N/A,N/A
2,propionic_BoB_power_5_cutoff_6.0_Sqrt,3metaldesc_fullbondcnt,ridge,0.2988012250747472,0.04231678783683799,0.2508964785096947,N/A,N/A
3,propionic_BoB_power_5_cutoff_6.0_Sqrt,3metaldesc_fullbondcnt,lasso,0.3152011407445554,0.046899717879399484,0.2882684537824887,N/A,N/A
4,propionic_BoB_power_5_cutoff_6.0_Sqrt,3metaldesc_fullbondcnt,elastic,0.30566654209747623,0.03850240353626174,0.26873726878403315,N/A,N/A
5,propionic_BoB_power_5_cutoff_6.0_Sqrt,3metaldesc_fullbondcnt,gp,0.13100555076931905,0.017076721989219782,0.12731292444817585,0.49579694814248865,0.2802251885998039
