,case,subcase,algo,mean of MAEs,std of MAEs,SD of AEs,mean of Stds,std of Stds
0,propionic_CM_power_2_cutoff_2.5_Log,2metaldesc,svr,0.3532737793688143,0.058705773904336525,0.3602727756233919,N/A,N/A
1,propionic_CM_power_2_cutoff_2.5_Log,2metaldesc,krr,0.28151145695623725,0.05529443611436003,0.26945938342188436,N/A,N/A
2,propionic_CM_power_2_cutoff_2.5_Log,2metaldesc,ridge,0.38953402020671973,0.047490046408123765,0.33851149364728045,N/A,N/A
3,propionic_CM_power_2_cutoff_2.5_Log,2metaldesc,lasso,0.3910917468677703,0.05781417011292441,0.3480293598217525,N/A,N/A
4,propionic_CM_power_2_cutoff_2.5_Log,2metaldesc,elastic,0.3703487729496664,0.04779416352083885,0.31573284329138845,N/A,N/A
5,propionic_CM_power_2_cutoff_2.5_Log,2metaldesc,gp,0.31536173742901336,0.05095411168582134,0.2999442888710358,0.07093284027615758,0.049859225420855365
