,case,subcase,algo,mean of MAEs,std of MAEs,SD of AEs,mean of Stds,std of Stds
0,propionic_CM_power_1_cutoff_5.0_Sqrt,2metaldesc,svr,0.4904123154148801,0.05086963978298066,0.41291792156519486,N/A,N/A
1,propionic_CM_power_1_cutoff_5.0_Sqrt,2metaldesc,krr,0.4675771984506571,0.08939089313400181,0.40645914085206014,N/A,N/A
2,propionic_CM_power_1_cutoff_5.0_Sqrt,2metaldesc,ridge,0.48865591332565794,0.07063463310737966,0.43826528521147823,N/A,N/A
3,propionic_CM_power_1_cutoff_5.0_Sqrt,2metaldesc,lasso,0.482289671054453,0.0524502410178234,0.4314725885325986,N/A,N/A
4,propionic_CM_power_1_cutoff_5.0_Sqrt,2metaldesc,elastic,0.40870103080108355,0.07257706890787911,0.38695732714962217,N/A,N/A
5,propionic_CM_power_1_cutoff_5.0_Sqrt,2metaldesc,gp,0.5079723133790265,0.06679522655828872,0.42702400234999943,1.0720846688070562,1.4051534887083463
