,case,subcase,algo,mean of MAEs,std of MAEs,SD of AEs,mean of Stds,std of Stds
0,propionic_CM_power_4_cutoff_5.0_Sqrt,3metaldesc,svr,0.38870317580005936,0.06777783472246912,0.4229055467012943,N/A,N/A
1,propionic_CM_power_4_cutoff_5.0_Sqrt,3metaldesc,krr,0.3641679021768747,0.0695811738893188,0.37692345034909164,N/A,N/A
2,propionic_CM_power_4_cutoff_5.0_Sqrt,3metaldesc,ridge,0.39490378151308825,0.04878844051807724,0.33934384208247076,N/A,N/A
3,propionic_CM_power_4_cutoff_5.0_Sqrt,3metaldesc,lasso,0.3918093777230628,0.061361508858501126,0.34944304469991033,N/A,N/A
4,propionic_CM_power_4_cutoff_5.0_Sqrt,3metaldesc,elastic,0.36821496198979586,0.046614105915039214,0.3152099457077439,N/A,N/A
5,propionic_CM_power_4_cutoff_5.0_Sqrt,3metaldesc,gp,0.39279438724023974,0.08942188735713766,0.3786053393131712,0.13634763740866063,0.3569130202039514
