,case,subcase,algo,mean of MAEs,std of MAEs,SD of AEs,mean of Stds,std of Stds
0,propionic_CM_power_2_cutoff_4.0_Sqrt,2metaldesc,svr,0.41267559046930563,0.06343079430042362,0.3877370080113759,N/A,N/A
1,propionic_CM_power_2_cutoff_4.0_Sqrt,2metaldesc,krr,0.3930751299411881,0.05612711604947954,0.33704849338536097,N/A,N/A
2,propionic_CM_power_2_cutoff_4.0_Sqrt,2metaldesc,ridge,0.43632557629924085,0.0685935415102492,0.39843903498489813,N/A,N/A
3,propionic_CM_power_2_cutoff_4.0_Sqrt,2metaldesc,lasso,0.44272351225497736,0.06856497019498436,0.4009390150732526,N/A,N/A
4,propionic_CM_power_2_cutoff_4.0_Sqrt,2metaldesc,elastic,0.4413926336374965,0.07340184371629324,0.38716190666923506,N/A,N/A
5,propionic_CM_power_2_cutoff_4.0_Sqrt,2metaldesc,gp,0.423078696204003,0.05734215898572049,0.37904418503385384,0.28967936673373407,0.3626489859476165
