,case,subcase,algo,mean of MAEs,std of MAEs,SD of AEs,mean of Stds,std of Stds
0,propionic_CM_power_5_cutoff_3.5_Sqrt,2metaldesc_fullbondcnt,svr,0.29882353142574025,0.06473932606047783,0.30295600648275406,N/A,N/A
1,propionic_CM_power_5_cutoff_3.5_Sqrt,2metaldesc_fullbondcnt,krr,0.31185857909222564,0.050893465771149865,0.2919526700582334,N/A,N/A
2,propionic_CM_power_5_cutoff_3.5_Sqrt,2metaldesc_fullbondcnt,ridge,0.3186205912542647,0.04528511133196509,0.28334679191431966,N/A,N/A
3,propionic_CM_power_5_cutoff_3.5_Sqrt,2metaldesc_fullbondcnt,lasso,0.3194689745141189,0.04860345901586016,0.28249508350042346,N/A,N/A
4,propionic_CM_power_5_cutoff_3.5_Sqrt,2metaldesc_fullbondcnt,elastic,0.31412008134349184,0.0475114385835896,0.2880410704436468,N/A,N/A
5,propionic_CM_power_5_cutoff_3.5_Sqrt,2metaldesc_fullbondcnt,gp,0.34828519205432057,0.06519722369960071,0.3343905865880441,0.2831507902600998,0.4452954602616521
