,case,subcase,algo,mean of MAEs,std of MAEs,SD of AEs,mean of Stds,std of Stds
0,propionic_CM_power_3_cutoff_5.0_Log,3metaldesc,svr,0.33731858692086825,0.07733537652611291,0.369952753127407,N/A,N/A
1,propionic_CM_power_3_cutoff_5.0_Log,3metaldesc,krr,0.29170943450658404,0.03717775066388424,0.28560498815597835,N/A,N/A
2,propionic_CM_power_3_cutoff_5.0_Log,3metaldesc,ridge,0.36592360744644586,0.05106632588504233,0.32029080243739344,N/A,N/A
3,propionic_CM_power_3_cutoff_5.0_Log,3metaldesc,lasso,0.36700816321886315,0.058173741938768585,0.3192652318785163,N/A,N/A
4,propionic_CM_power_3_cutoff_5.0_Log,3metaldesc,elastic,0.3714576947313693,0.056306096521653706,0.33397286483874883,N/A,N/A
5,propionic_CM_power_3_cutoff_5.0_Log,3metaldesc,gp,0.31564682422019313,0.0434650885174686,0.30396388103011385,0.031034308254952334,0.02504841428574419
