,case,subcase,algo,mean of MAEs,std of MAEs,SD of AEs,mean of Stds,std of Stds
0,propionic_BoB_power_1_cutoff_5.0_Sqrt,2metaldesc,svr,0.24058447204997888,0.04929630912954974,0.2755640115948371,N/A,N/A
1,propionic_BoB_power_1_cutoff_5.0_Sqrt,2metaldesc,krr,0.2655706784818893,0.045725739295445086,0.2472635641773957,N/A,N/A
2,propionic_BoB_power_1_cutoff_5.0_Sqrt,2metaldesc,ridge,0.3178676647698061,0.03731447586140432,0.26038173745304266,N/A,N/A
3,propionic_BoB_power_1_cutoff_5.0_Sqrt,2metaldesc,lasso,0.3190009745660756,0.03789475931872788,0.26478809062497183,N/A,N/A
4,propionic_BoB_power_1_cutoff_5.0_Sqrt,2metaldesc,elastic,0.2866968761184037,0.033701800962489196,0.266851805330941,N/A,N/A
5,propionic_BoB_power_1_cutoff_5.0_Sqrt,2metaldesc,gp,0.2105054319656893,0.039529279264167466,0.21381484968456832,0.4369793117103829,0.2574491952733601
