,case,subcase,algo,mean of MAEs,std of MAEs,SD of AEs,mean of Stds,std of Stds
0,propionic_CM_power_3_cutoff_5.0_Sqrt,3metaldesc,svr,0.37926956899380576,0.07054619794149523,0.36762275125321725,N/A,N/A
1,propionic_CM_power_3_cutoff_5.0_Sqrt,3metaldesc,krr,0.37404300983765604,0.05946412231400334,0.3355211355670559,N/A,N/A
2,propionic_CM_power_3_cutoff_5.0_Sqrt,3metaldesc,ridge,0.3828312178355416,0.053239291197009125,0.34051698911093375,N/A,N/A
3,propionic_CM_power_3_cutoff_5.0_Sqrt,3metaldesc,lasso,0.40073883709391495,0.050569681737742386,0.37209434146539166,N/A,N/A
4,propionic_CM_power_3_cutoff_5.0_Sqrt,3metaldesc,elastic,0.3784265043955809,0.046277210976187644,0.3413965138642247,N/A,N/A
5,propionic_CM_power_3_cutoff_5.0_Sqrt,3metaldesc,gp,0.3534511099260751,0.04758228903241216,0.3231652362829916,0.14902825908764375,0.3537509968216958
