,case,subcase,algo,mean of MAEs,std of MAEs,SD of AEs,mean of Stds,std of Stds
0,propionic_BoB_power_3_cutoff_5.5_Log,2metaldesc,svr,0.17028486566739964,0.03883180669097124,0.207255217972551,N/A,N/A
1,propionic_BoB_power_3_cutoff_5.5_Log,2metaldesc,krr,0.1794804664212436,0.047101547864315495,0.20076337593745694,N/A,N/A
2,propionic_BoB_power_3_cutoff_5.5_Log,2metaldesc,ridge,0.3068958082121894,0.04081726882787657,0.2714787302106607,N/A,N/A
3,propionic_BoB_power_3_cutoff_5.5_Log,2metaldesc,lasso,0.3029069341259417,0.04521647154070949,0.2703126407639033,N/A,N/A
4,propionic_BoB_power_3_cutoff_5.5_Log,2metaldesc,elastic,0.30819200077762915,0.04212624448922319,0.27310097036776054,N/A,N/A
5,propionic_BoB_power_3_cutoff_5.5_Log,2metaldesc,gp,0.16224335873229356,0.027351574391488786,0.1775441067568382,0.33379928852522406,0.3014103805221991
