,case,subcase,algo,mean of MAEs,std of MAEs,SD of AEs,mean of Stds,std of Stds
0,propionic_BoB_power_3_cutoff_5.0_Log,2metaldesc,svr,0.17452953837953789,0.03738599320684369,0.22070748200190546,N/A,N/A
1,propionic_BoB_power_3_cutoff_5.0_Log,2metaldesc,krr,0.1653671056346535,0.026863554398097504,0.17491808912658266,N/A,N/A
2,propionic_BoB_power_3_cutoff_5.0_Log,2metaldesc,ridge,0.31596977586197683,0.0447649450057211,0.2778606045525345,N/A,N/A
3,propionic_BoB_power_3_cutoff_5.0_Log,2metaldesc,lasso,0.31564364969645475,0.0423231509951208,0.282264614349163,N/A,N/A
4,propionic_BoB_power_3_cutoff_5.0_Log,2metaldesc,elastic,0.3217608308060403,0.051338195690086866,0.27466582541283774,N/A,N/A
5,propionic_BoB_power_3_cutoff_5.0_Log,2metaldesc,gp,0.1628237456656655,0.032689415844268994,0.1689556990059941,0.5043111270947612,0.2503352975045901
