,case,subcase,algo,mean of MAEs,std of MAEs,SD of AEs,mean of Stds,std of Stds
0,propionic_CM_power_5_cutoff_5.0_Sqrt,2metaldesc_fullbondcnt,svr,0.30087600505757495,0.06923557171609013,0.3286478627491516,N/A,N/A
1,propionic_CM_power_5_cutoff_5.0_Sqrt,2metaldesc_fullbondcnt,krr,0.29396958819379493,0.0599376029809304,0.2961107385938078,N/A,N/A
2,propionic_CM_power_5_cutoff_5.0_Sqrt,2metaldesc_fullbondcnt,ridge,0.30752430474237713,0.03136765903059376,0.26703733647751254,N/A,N/A
3,propionic_CM_power_5_cutoff_5.0_Sqrt,2metaldesc_fullbondcnt,lasso,0.3126527092851787,0.04588516332761919,0.28017076206007907,N/A,N/A
4,propionic_CM_power_5_cutoff_5.0_Sqrt,2metaldesc_fullbondcnt,elastic,0.3050758989760844,0.047574783242171,0.26792573913521944,N/A,N/A
5,propionic_CM_power_5_cutoff_5.0_Sqrt,2metaldesc_fullbondcnt,gp,0.34907223004318716,0.06697956115092286,0.3313598415296486,0.29109383466416544,0.3561715570910196
