,case,subcase,algo,mean of MAEs,std of MAEs,SD of AEs,mean of Stds,std of Stds
0,propionic_BoB_power_2_cutoff_3.5_Sqrt,3metaldesc_fullbondcnt,svr,0.13973143307153282,0.027009042689179672,0.163866397402674,N/A,N/A
1,propionic_BoB_power_2_cutoff_3.5_Sqrt,3metaldesc_fullbondcnt,krr,0.16094621800306672,0.02325779627212047,0.15862468409134517,N/A,N/A
2,propionic_BoB_power_2_cutoff_3.5_Sqrt,3metaldesc_fullbondcnt,ridge,0.31374550245859284,0.042013451611817396,0.27552143450376193,N/A,N/A
3,propionic_BoB_power_2_cutoff_3.5_Sqrt,3metaldesc_fullbondcnt,lasso,0.3067279126902399,0.04313658993238267,0.2546654828271421,N/A,N/A
4,propionic_BoB_power_2_cutoff_3.5_Sqrt,3metaldesc_fullbondcnt,elastic,0.32145358975967625,0.047133387150712906,0.29907015076830673,N/A,N/A
5,propionic_BoB_power_2_cutoff_3.5_Sqrt,3metaldesc_fullbondcnt,gp,0.16250539984638945,0.04500778689586409,0.23023110286656642,0.5606739514564473,0.5920740320001302
