,case,subcase,algo,mean of MAEs,std of MAEs,SD of AEs,mean of Stds,std of Stds
0,propionic_BoB_power_4_cutoff_3.5_Log,2metaldesc,svr,0.1673787013593556,0.03063164233859402,0.19967377135616432,N/A,N/A
1,propionic_BoB_power_4_cutoff_3.5_Log,2metaldesc,krr,0.16033152219478938,0.03603961137954418,0.18330124207929197,N/A,N/A
2,propionic_BoB_power_4_cutoff_3.5_Log,2metaldesc,ridge,0.2974159770844742,0.04751642049068075,0.2596254732607664,N/A,N/A
3,propionic_BoB_power_4_cutoff_3.5_Log,2metaldesc,lasso,0.313285730259271,0.03727626630508292,0.28320937431023313,N/A,N/A
4,propionic_BoB_power_4_cutoff_3.5_Log,2metaldesc,elastic,0.3158215769701739,0.0413865445322493,0.28369875529431426,N/A,N/A
5,propionic_BoB_power_4_cutoff_3.5_Log,2metaldesc,gp,0.1587302380834062,0.028947251966338537,0.16406288387921847,0.22649425421170752,0.22927698759762213
