,case,subcase,algo,mean of MAEs,std of MAEs,SD of AEs,mean of Stds,std of Stds
0,propionic_BoB_power_5_cutoff_5.5_Log,2metaldesc,svr,0.15673659436533888,0.029368370634298813,0.17018681448220038,N/A,N/A
1,propionic_BoB_power_5_cutoff_5.5_Log,2metaldesc,krr,0.15399087196702585,0.025661108604520994,0.16080484236463544,N/A,N/A
2,propionic_BoB_power_5_cutoff_5.5_Log,2metaldesc,ridge,0.3054985145978833,0.04814654185374662,0.27248374126192343,N/A,N/A
3,propionic_BoB_power_5_cutoff_5.5_Log,2metaldesc,lasso,0.300998535890967,0.03539939999463037,0.2598611427408151,N/A,N/A
4,propionic_BoB_power_5_cutoff_5.5_Log,2metaldesc,elastic,0.32085312216815404,0.048286814265242284,0.2774070418994316,N/A,N/A
5,propionic_BoB_power_5_cutoff_5.5_Log,2metaldesc,gp,0.15638715606871575,0.0373001911081178,0.18873434193907596,0.4920286289351109,0.19368860171000568
