,case,subcase,algo,mean of MAEs,std of MAEs,SD of AEs,mean of Stds,std of Stds
0,propionic_CM_power_4_cutoff_5.5_Sqrt,2metaldesc_metalbondcnt,svr,0.43761921187421465,0.07391250862090532,0.40803448704195455,N/A,N/A
1,propionic_CM_power_4_cutoff_5.5_Sqrt,2metaldesc_metalbondcnt,krr,0.3452060381170701,0.05547497592481503,0.3397273222651657,N/A,N/A
2,propionic_CM_power_4_cutoff_5.5_Sqrt,2metaldesc_metalbondcnt,ridge,0.3836707644207236,0.04621341413066325,0.3323116776153299,N/A,N/A
3,propionic_CM_power_4_cutoff_5.5_Sqrt,2metaldesc_metalbondcnt,lasso,0.3691685309411409,0.052176589431050475,0.3091043278738662,N/A,N/A
4,propionic_CM_power_4_cutoff_5.5_Sqrt,2metaldesc_metalbondcnt,elastic,0.36567052567015806,0.037856813257963084,0.31597371954176773,N/A,N/A
5,propionic_CM_power_4_cutoff_5.5_Sqrt,2metaldesc_metalbondcnt,gp,0.39749630315432,0.05701816295546287,0.35000612408214543,0.20613686072086343,0.6780636828601044
