,case,subcase,algo,mean of MAEs,std of MAEs,SD of AEs,mean of Stds,std of Stds
0,propionic_BoB_power_2_cutoff_3.0_Sqrt,3metaldesc,svr,0.13920382922888017,0.028658890944804335,0.13157130587302074,N/A,N/A
1,propionic_BoB_power_2_cutoff_3.0_Sqrt,3metaldesc,krr,0.1536178317657202,0.021024227866529875,0.1476108934747243,N/A,N/A
2,propionic_BoB_power_2_cutoff_3.0_Sqrt,3metaldesc,ridge,0.32539302068082343,0.05459475195935759,0.30150763501027555,N/A,N/A
3,propionic_BoB_power_2_cutoff_3.0_Sqrt,3metaldesc,lasso,0.2935038893969293,0.03613813220100942,0.25733491784609386,N/A,N/A
4,propionic_BoB_power_2_cutoff_3.0_Sqrt,3metaldesc,elastic,0.30811587564168497,0.03612388910900754,0.2763795174564336,N/A,N/A
5,propionic_BoB_power_2_cutoff_3.0_Sqrt,3metaldesc,gp,0.15227642698992094,0.032956226590896726,0.19161152674361043,0.8016595694014402,0.5395840304903307
