,case,subcase,algo,mean of MAEs,std of MAEs,SD of AEs,mean of Stds,std of Stds
0,propionic_CM_power_1_cutoff_5.5_Log,3metaldesc_metalbondcnt,svr,0.3817909243791927,0.053267003931614786,0.34786655154191304,N/A,N/A
1,propionic_CM_power_1_cutoff_5.5_Log,3metaldesc_metalbondcnt,krr,0.3323359465641982,0.04712630161939173,0.31788262575848203,N/A,N/A
2,propionic_CM_power_1_cutoff_5.5_Log,3metaldesc_metalbondcnt,ridge,0.34454051654358764,0.03982516609902881,0.2928229537699804,N/A,N/A
3,propionic_CM_power_1_cutoff_5.5_Log,3metaldesc_metalbondcnt,lasso,0.35755676561098587,0.05895945984314037,0.32487521820197807,N/A,N/A
4,propionic_CM_power_1_cutoff_5.5_Log,3metaldesc_metalbondcnt,elastic,0.36047164466723836,0.03594423833311119,0.30264153687649853,N/A,N/A
5,propionic_CM_power_1_cutoff_5.5_Log,3metaldesc_metalbondcnt,gp,0.3399697894304129,0.04979470388526167,0.29678721746618725,0.07760935143417397,0.15108307849329247
