,case,subcase,algo,mean of MAEs,std of MAEs,SD of AEs,mean of Stds,std of Stds
0,propionic_CM_power_3_cutoff_5.0_Log,2metaldesc,svr,0.37632757902694974,0.0734660171753951,0.3762374885803922,N/A,N/A
1,propionic_CM_power_3_cutoff_5.0_Log,2metaldesc,krr,0.3223509699024092,0.06130693229773755,0.33350042568011246,N/A,N/A
2,propionic_CM_power_3_cutoff_5.0_Log,2metaldesc,ridge,0.39269237181745253,0.05153238091752006,0.34970624685493623,N/A,N/A
3,propionic_CM_power_3_cutoff_5.0_Log,2metaldesc,lasso,0.38573180516660927,0.03946453434195086,0.34258354516604744,N/A,N/A
4,propionic_CM_power_3_cutoff_5.0_Log,2metaldesc,elastic,0.371620036474415,0.05098533053614415,0.3271261595551296,N/A,N/A
5,propionic_CM_power_3_cutoff_5.0_Log,2metaldesc,gp,0.3171195043341802,0.04611427543704846,0.308979196422095,0.0466274680774708,0.043560301919122135
