,case,subcase,algo,mean of MAEs,std of MAEs,SD of AEs,mean of Stds,std of Stds
0,propionic_CM_power_1_cutoff_3.0_Sqrt,3metaldesc,svr,0.365199278150536,0.04182234518601462,0.3157735336868328,N/A,N/A
1,propionic_CM_power_1_cutoff_3.0_Sqrt,3metaldesc,krr,0.3678998736774853,0.056841802982073815,0.3112680971432207,N/A,N/A
2,propionic_CM_power_1_cutoff_3.0_Sqrt,3metaldesc,ridge,0.4587276532743126,0.0558520281311334,0.37736158976874384,N/A,N/A
3,propionic_CM_power_1_cutoff_3.0_Sqrt,3metaldesc,lasso,0.46390269622554825,0.062331695146084,0.3653340115609511,N/A,N/A
4,propionic_CM_power_1_cutoff_3.0_Sqrt,3metaldesc,elastic,0.41383630736795296,0.04650436497759044,0.3674419898209364,N/A,N/A
5,propionic_CM_power_1_cutoff_3.0_Sqrt,3metaldesc,gp,0.3568282222734889,0.055813626452529054,0.3415712329297125,0.8486179301286769,0.4855354635407415
