,case,subcase,algo,mean of MAEs,std of MAEs,SD of AEs,mean of Stds,std of Stds
0,propionic_CM_power_2_cutoff_3.0_Sqrt,2metaldesc_metalbondcnt,svr,0.37114802036333266,0.04965821123958918,0.3223105863012232,N/A,N/A
1,propionic_CM_power_2_cutoff_3.0_Sqrt,2metaldesc_metalbondcnt,krr,0.34248698044055376,0.063664975189672,0.2958600973159842,N/A,N/A
2,propionic_CM_power_2_cutoff_3.0_Sqrt,2metaldesc_metalbondcnt,ridge,0.3800004214838086,0.04570144847668497,0.31109195266680695,N/A,N/A
3,propionic_CM_power_2_cutoff_3.0_Sqrt,2metaldesc_metalbondcnt,lasso,0.38964789728339644,0.05617305976442204,0.32837448862522384,N/A,N/A
4,propionic_CM_power_2_cutoff_3.0_Sqrt,2metaldesc_metalbondcnt,elastic,0.3567420176551696,0.04937841090558067,0.31469409034309115,N/A,N/A
5,propionic_CM_power_2_cutoff_3.0_Sqrt,2metaldesc_metalbondcnt,gp,0.3715879543991919,0.059260885564635594,0.3523139030494048,0.8816879938149473,0.9113290327898634
