,case,subcase,algo,mean of MAEs,std of MAEs,SD of AEs,mean of Stds,std of Stds
0,propionic_CM_power_1_cutoff_5.0_Sqrt,2metaldesc_fullbondcnt,svr,0.41085258953708076,0.046018362828543484,0.3448847819686126,N/A,N/A
1,propionic_CM_power_1_cutoff_5.0_Sqrt,2metaldesc_fullbondcnt,krr,0.4107472641350414,0.0721934200701192,0.3681024764736775,N/A,N/A
2,propionic_CM_power_1_cutoff_5.0_Sqrt,2metaldesc_fullbondcnt,ridge,0.34283325290167804,0.03567572278784071,0.3151891571849687,N/A,N/A
3,propionic_CM_power_1_cutoff_5.0_Sqrt,2metaldesc_fullbondcnt,lasso,0.3243615985183635,0.04982401844999783,0.28614451204335695,N/A,N/A
4,propionic_CM_power_1_cutoff_5.0_Sqrt,2metaldesc_fullbondcnt,elastic,0.31950479583456237,0.0464053249825899,0.2839896214983957,N/A,N/A
5,propionic_CM_power_1_cutoff_5.0_Sqrt,2metaldesc_fullbondcnt,gp,0.3953049708235706,0.05134355297743755,0.3368298569925546,0.23671314832688986,0.12611590885947904
