,case,subcase,algo,mean of MAEs,std of MAEs,SD of AEs,mean of Stds,std of Stds
0,propionic_BoB_power_1_cutoff_3.5_Log,3metaldesc,svr,0.1502930565421281,0.032589301148087335,0.2016446069251259,N/A,N/A
1,propionic_BoB_power_1_cutoff_3.5_Log,3metaldesc,krr,0.15225040864000217,0.019847117628048517,0.14438657916856143,N/A,N/A
2,propionic_BoB_power_1_cutoff_3.5_Log,3metaldesc,ridge,0.3034278465747276,0.04215473425332659,0.26016447722137664,N/A,N/A
3,propionic_BoB_power_1_cutoff_3.5_Log,3metaldesc,lasso,0.3141048320716531,0.0395352051069955,0.27578730115971234,N/A,N/A
4,propionic_BoB_power_1_cutoff_3.5_Log,3metaldesc,elastic,0.3050120625366619,0.054477314219550224,0.2730253155783935,N/A,N/A
5,propionic_BoB_power_1_cutoff_3.5_Log,3metaldesc,gp,0.1607848674051992,0.03524251481759616,0.18765194347173855,0.7324830699053628,0.3926365965804823
