,case,subcase,algo,mean of MAEs,std of MAEs,SD of AEs,mean of Stds,std of Stds
0,propionic_BoB_power_5_cutoff_6.0_Log,3metaldesc,svr,0.15157297320905014,0.03527185800991088,0.16574236602051634,N/A,N/A
1,propionic_BoB_power_5_cutoff_6.0_Log,3metaldesc,krr,0.15186631945833023,0.02744774030973158,0.13904000882781323,N/A,N/A
2,propionic_BoB_power_5_cutoff_6.0_Log,3metaldesc,ridge,0.32402585459191924,0.046409130085925385,0.29061615198666446,N/A,N/A
3,propionic_BoB_power_5_cutoff_6.0_Log,3metaldesc,lasso,0.3272245734862698,0.04220551939792632,0.28942863758996606,N/A,N/A
4,propionic_BoB_power_5_cutoff_6.0_Log,3metaldesc,elastic,0.3094617399629117,0.034235495669912325,0.28371117569208637,N/A,N/A
5,propionic_BoB_power_5_cutoff_6.0_Log,3metaldesc,gp,0.1340372287956145,0.01784248618996382,0.13594086049370266,0.5314424176984942,0.22800218971440603
