,case,subcase,algo,mean of MAEs,std of MAEs,SD of AEs,mean of Stds,std of Stds
0,propionic_BoB_power_4_cutoff_6.0_Log,3metaldesc,svr,0.1478629720206969,0.031801809119303207,0.17223525052763677,N/A,N/A
1,propionic_BoB_power_4_cutoff_6.0_Log,3metaldesc,krr,0.15289798399236562,0.03158511780222404,0.1670421892814893,N/A,N/A
2,propionic_BoB_power_4_cutoff_6.0_Log,3metaldesc,ridge,0.3168125071617224,0.04285191267770683,0.28372385527533234,N/A,N/A
3,propionic_BoB_power_4_cutoff_6.0_Log,3metaldesc,lasso,0.3222231182868104,0.03862927457302218,0.2861463675649215,N/A,N/A
4,propionic_BoB_power_4_cutoff_6.0_Log,3metaldesc,elastic,0.32399360658709603,0.035309944034519904,0.2915596297107163,N/A,N/A
5,propionic_BoB_power_4_cutoff_6.0_Log,3metaldesc,gp,0.1344415916106455,0.030165126277098615,0.1397732269115236,0.3247614731171174,0.28848172803818145
