,case,subcase,algo,mean of MAEs,std of MAEs,SD of AEs,mean of Stds,std of Stds
0,propionic_CM_power_5_cutoff_4.5_Sqrt,2metaldesc_metalbondcnt,svr,0.41000568528942094,0.07747612926246002,0.3940973426852735,N/A,N/A
1,propionic_CM_power_5_cutoff_4.5_Sqrt,2metaldesc_metalbondcnt,krr,0.36023630815723434,0.042370396228518896,0.3276693997631641,N/A,N/A
2,propionic_CM_power_5_cutoff_4.5_Sqrt,2metaldesc_metalbondcnt,ridge,0.3799577503860109,0.0545533864596585,0.29519696563518766,N/A,N/A
3,propionic_CM_power_5_cutoff_4.5_Sqrt,2metaldesc_metalbondcnt,lasso,0.3711227983785387,0.03872622782128246,0.2886731142504895,N/A,N/A
4,propionic_CM_power_5_cutoff_4.5_Sqrt,2metaldesc_metalbondcnt,elastic,0.35385433854986303,0.05243062175089273,0.2874138652270659,N/A,N/A
5,propionic_CM_power_5_cutoff_4.5_Sqrt,2metaldesc_metalbondcnt,gp,0.3798553079854312,0.050087673644643914,0.3301872990007905,0.042050044458098866,0.02436084302212561
