,case,subcase,algo,mean of MAEs,std of MAEs,SD of AEs,mean of Stds,std of Stds
0,propionic_BoB_power_3_cutoff_5.0_Sqrt,3metaldesc,svr,0.14720403207711785,0.024069671313216804,0.13743362981936139,N/A,N/A
1,propionic_BoB_power_3_cutoff_5.0_Sqrt,3metaldesc,krr,0.16189576353831175,0.020194652411613914,0.1479214734228039,N/A,N/A
2,propionic_BoB_power_3_cutoff_5.0_Sqrt,3metaldesc,ridge,0.3099913959243253,0.04708117371115902,0.26531286136484705,N/A,N/A
3,propionic_BoB_power_3_cutoff_5.0_Sqrt,3metaldesc,lasso,0.30268620329114515,0.047019001385712994,0.26969975265060414,N/A,N/A
4,propionic_BoB_power_3_cutoff_5.0_Sqrt,3metaldesc,elastic,0.31489371060774507,0.041815618941615784,0.28421039645723484,N/A,N/A
5,propionic_BoB_power_3_cutoff_5.0_Sqrt,3metaldesc,gp,0.14771646012101614,0.032319226829378524,0.16205258982822424,0.780585746503627,0.5135664556076427
