,case,subcase,algo,mean of MAEs,std of MAEs,SD of AEs,mean of Stds,std of Stds
0,propionic_CM_power_2_cutoff_3.0_Log,3metaldesc,svr,0.3766202408107214,0.10621184671815821,0.45233104376633687,N/A,N/A
1,propionic_CM_power_2_cutoff_3.0_Log,3metaldesc,krr,0.28121038798527104,0.04517806092992471,0.2693952301684343,N/A,N/A
2,propionic_CM_power_2_cutoff_3.0_Log,3metaldesc,ridge,0.3925463674852545,0.04973214600527729,0.3506664506526212,N/A,N/A
3,propionic_CM_power_2_cutoff_3.0_Log,3metaldesc,lasso,0.37462233150723706,0.041156888808823996,0.3442503940871392,N/A,N/A
4,propionic_CM_power_2_cutoff_3.0_Log,3metaldesc,elastic,0.3827426340833864,0.039644766706574554,0.3183464929135763,N/A,N/A
5,propionic_CM_power_2_cutoff_3.0_Log,3metaldesc,gp,0.3199006704773673,0.0467773421339841,0.3024705575795996,0.13340504360641237,0.36205702594166855
