,case,subcase,algo,mean of MAEs,std of MAEs,SD of AEs,mean of Stds,std of Stds
0,propionic_BoB_power_4_cutoff_4.5_Sqrt,3metaldesc,svr,0.14265185848346656,0.026484682402551904,0.13878272452045665,N/A,N/A
1,propionic_BoB_power_4_cutoff_4.5_Sqrt,3metaldesc,krr,0.1568945000909969,0.036781233405228986,0.17743249381247905,N/A,N/A
2,propionic_BoB_power_4_cutoff_4.5_Sqrt,3metaldesc,ridge,0.32428820948364817,0.04549030435500369,0.3037514617955311,N/A,N/A
3,propionic_BoB_power_4_cutoff_4.5_Sqrt,3metaldesc,lasso,0.30807020553934866,0.04505924651672523,0.28487474596171813,N/A,N/A
4,propionic_BoB_power_4_cutoff_4.5_Sqrt,3metaldesc,elastic,0.31865319493559524,0.04679795196974606,0.3137282407248613,N/A,N/A
5,propionic_BoB_power_4_cutoff_4.5_Sqrt,3metaldesc,gp,0.13829436770567594,0.0318712227283201,0.1472141918992387,0.4821012449618404,0.24770617259081915
