,case,subcase,algo,mean of MAEs,std of MAEs,SD of AEs,mean of Stds,std of Stds
0,propionic_CM_power_2_cutoff_5.0_Log,3metaldesc_fullbondcnt,svr,0.28397453937433503,0.050753165298867815,0.28440318202375897,N/A,N/A
1,propionic_CM_power_2_cutoff_5.0_Log,3metaldesc_fullbondcnt,krr,0.2701034419272085,0.039226355506987415,0.2627982024952045,N/A,N/A
2,propionic_CM_power_2_cutoff_5.0_Log,3metaldesc_fullbondcnt,ridge,0.32469028479873346,0.05384222573528933,0.29942660501686535,N/A,N/A
3,propionic_CM_power_2_cutoff_5.0_Log,3metaldesc_fullbondcnt,lasso,0.3319735923408425,0.045445193970612016,0.28621569455536017,N/A,N/A
4,propionic_CM_power_2_cutoff_5.0_Log,3metaldesc_fullbondcnt,elastic,0.3148509849920014,0.05520231511545879,0.2808244359972225,N/A,N/A
5,propionic_CM_power_2_cutoff_5.0_Log,3metaldesc_fullbondcnt,gp,0.28568280477184255,0.04513437625021818,0.27725647994311936,0.5227987599825212,0.6187989738362486
