,case,subcase,algo,mean of MAEs,std of MAEs,SD of AEs,mean of Stds,std of Stds
0,propionic_CM_power_1_cutoff_3.5_Log,2metaldesc,svr,0.4326127306754728,0.0672560679404477,0.41094646776840726,N/A,N/A
1,propionic_CM_power_1_cutoff_3.5_Log,2metaldesc,krr,0.3579068120554723,0.05642648079599298,0.3361600722598699,N/A,N/A
2,propionic_CM_power_1_cutoff_3.5_Log,2metaldesc,ridge,0.447576504861251,0.05625209041220214,0.3505452509955797,N/A,N/A
3,propionic_CM_power_1_cutoff_3.5_Log,2metaldesc,lasso,0.4334606643523034,0.05482520719681838,0.34063989287660534,N/A,N/A
4,propionic_CM_power_1_cutoff_3.5_Log,2metaldesc,elastic,0.44847785308140575,0.053012484808378356,0.33725857902464185,N/A,N/A
5,propionic_CM_power_1_cutoff_3.5_Log,2metaldesc,gp,0.4202889776677135,0.0629753041765146,0.3827555441186198,0.16692420338230407,0.34182263723669093
