,case,subcase,algo,mean of MAEs,std of MAEs,SD of AEs,mean of Stds,std of Stds
0,propionic_CM_power_5_cutoff_6.0_Sqrt,2metaldesc,svr,0.3811368632205344,0.06452112035989131,0.38122609319831635,N/A,N/A
1,propionic_CM_power_5_cutoff_6.0_Sqrt,2metaldesc,krr,0.40090204955811365,0.06468944011775277,0.3949477183722616,N/A,N/A
2,propionic_CM_power_5_cutoff_6.0_Sqrt,2metaldesc,ridge,0.3979282037197987,0.049236883211419134,0.3093706975211112,N/A,N/A
3,propionic_CM_power_5_cutoff_6.0_Sqrt,2metaldesc,lasso,0.3834710579145014,0.05212318557124175,0.31885734619883244,N/A,N/A
4,propionic_CM_power_5_cutoff_6.0_Sqrt,2metaldesc,elastic,0.4030774654884624,0.04341343267105016,0.3413475639550404,N/A,N/A
5,propionic_CM_power_5_cutoff_6.0_Sqrt,2metaldesc,gp,0.3536039510404254,0.05983502504321547,0.322288405589934,0.07416063876083376,0.1886573877473327
