,case,subcase,algo,mean of MAEs,std of MAEs,SD of AEs,mean of Stds,std of Stds
0,propionic_CM_power_4_cutoff_2.5_Sqrt,2metaldesc,svr,0.4018117204480845,0.10044719197644786,0.4093511974109789,N/A,N/A
1,propionic_CM_power_4_cutoff_2.5_Sqrt,2metaldesc,krr,0.3379540726576509,0.05066055595429934,0.33587133353283355,N/A,N/A
2,propionic_CM_power_4_cutoff_2.5_Sqrt,2metaldesc,ridge,0.3797016640488177,0.04198360245707197,0.3191688195751624,N/A,N/A
3,propionic_CM_power_4_cutoff_2.5_Sqrt,2metaldesc,lasso,0.37450195998506397,0.04821087465522124,0.32133661925675366,N/A,N/A
4,propionic_CM_power_4_cutoff_2.5_Sqrt,2metaldesc,elastic,0.38705332603813747,0.05630924196630445,0.33446250336398564,N/A,N/A
5,propionic_CM_power_4_cutoff_2.5_Sqrt,2metaldesc,gp,0.35757616764730576,0.054470804497850765,0.3177583592794115,0.07130245055929907,0.19856139140794227
