,case,subcase,algo,mean of MAEs,std of MAEs,SD of AEs,mean of Stds,std of Stds
0,propionic_CM_power_5_cutoff_5.5_Sqrt,2metaldesc,svr,0.368096694831158,0.06877221050037466,0.3560940766875802,N/A,N/A
1,propionic_CM_power_5_cutoff_5.5_Sqrt,2metaldesc,krr,0.35688496622041604,0.059998226655151886,0.36116185974758164,N/A,N/A
2,propionic_CM_power_5_cutoff_5.5_Sqrt,2metaldesc,ridge,0.37835706247419837,0.05196984303118239,0.31758093306196916,N/A,N/A
3,propionic_CM_power_5_cutoff_5.5_Sqrt,2metaldesc,lasso,0.38711779087873377,0.04902018054299081,0.30847014198441325,N/A,N/A
4,propionic_CM_power_5_cutoff_5.5_Sqrt,2metaldesc,elastic,0.3803195228370671,0.05889398590953779,0.3177282548443508,N/A,N/A
5,propionic_CM_power_5_cutoff_5.5_Sqrt,2metaldesc,gp,0.3538134396700747,0.04284715612208626,0.32656056018515217,0.04295815034846544,0.02210991163051502
