,case,subcase,algo,mean of MAEs,std of MAEs,SD of AEs,mean of Stds,std of Stds
0,propionic_BoB_power_1_cutoff_4.0_Log,3metaldesc,svr,0.14708318114824187,0.03048262835129,0.15402507093848825,N/A,N/A
1,propionic_BoB_power_1_cutoff_4.0_Log,3metaldesc,krr,0.16533046601707888,0.029140586454440894,0.1759121373248377,N/A,N/A
2,propionic_BoB_power_1_cutoff_4.0_Log,3metaldesc,ridge,0.30220885744975967,0.05135064249606949,0.2674202608879629,N/A,N/A
3,propionic_BoB_power_1_cutoff_4.0_Log,3metaldesc,lasso,0.3077125431204783,0.040530691616910586,0.2621803788615278,N/A,N/A
4,propionic_BoB_power_1_cutoff_4.0_Log,3metaldesc,elastic,0.29771424535555935,0.040334336870527364,0.26925725277096335,N/A,N/A
5,propionic_BoB_power_1_cutoff_4.0_Log,3metaldesc,gp,0.16412812032701662,0.030224678425462167,0.18817382530889723,0.6019774669781278,0.3519843120230017
