,case,subcase,algo,mean of MAEs,std of MAEs,SD of AEs,mean of Stds,std of Stds
0,propionic_CM_power_4_cutoff_4.5_Sqrt,2metaldesc,svr,0.39300837546623285,0.0663294346657205,0.4085983646759763,N/A,N/A
1,propionic_CM_power_4_cutoff_4.5_Sqrt,2metaldesc,krr,0.3592679016260671,0.06774055591255476,0.33379030304072776,N/A,N/A
2,propionic_CM_power_4_cutoff_4.5_Sqrt,2metaldesc,ridge,0.38698926009834106,0.06135882142078002,0.3322783650417593,N/A,N/A
3,propionic_CM_power_4_cutoff_4.5_Sqrt,2metaldesc,lasso,0.38220300224317255,0.04972295260783801,0.33612359339844616,N/A,N/A
4,propionic_CM_power_4_cutoff_4.5_Sqrt,2metaldesc,elastic,0.3912613934869077,0.052967481424553056,0.35182896627562277,N/A,N/A
5,propionic_CM_power_4_cutoff_4.5_Sqrt,2metaldesc,gp,0.40586681300624217,0.083741046525623,0.38608047072778934,0.39710563682912287,0.7734302520234637
