,case,subcase,algo,mean of MAEs,std of MAEs,SD of AEs,mean of Stds,std of Stds
0,propionic_BoB_power_4_cutoff_3.5_Log,3metaldesc,svr,0.1491151532991608,0.02426361261231355,0.17368872048766523,N/A,N/A
1,propionic_BoB_power_4_cutoff_3.5_Log,3metaldesc,krr,0.15832378387861892,0.027997714684011875,0.1598302615407316,N/A,N/A
2,propionic_BoB_power_4_cutoff_3.5_Log,3metaldesc,ridge,0.30707080940960485,0.043213644252784365,0.29078258705235266,N/A,N/A
3,propionic_BoB_power_4_cutoff_3.5_Log,3metaldesc,lasso,0.3133532333645962,0.04941948131541669,0.2803957326158322,N/A,N/A
4,propionic_BoB_power_4_cutoff_3.5_Log,3metaldesc,elastic,0.31234835999406846,0.036197354413449616,0.2837449150362416,N/A,N/A
5,propionic_BoB_power_4_cutoff_3.5_Log,3metaldesc,gp,0.14781087941662815,0.0362796112124645,0.1765015642216431,0.36448116578860634,0.33355327590785344
