,case,subcase,algo,mean of MAEs,std of MAEs,SD of AEs,mean of Stds,std of Stds
0,propionic_CM_power_3_cutoff_4.5_Log,2metaldesc,svr,0.3599531336799231,0.07434354560098236,0.37459347811023097,N/A,N/A
1,propionic_CM_power_3_cutoff_4.5_Log,2metaldesc,krr,0.3195468338619945,0.048146337425186786,0.312102256585147,N/A,N/A
2,propionic_CM_power_3_cutoff_4.5_Log,2metaldesc,ridge,0.3515012371389663,0.042236220104290796,0.2996212408873647,N/A,N/A
3,propionic_CM_power_3_cutoff_4.5_Log,2metaldesc,lasso,0.37973632811098346,0.043124324001101354,0.33793743362680473,N/A,N/A
4,propionic_CM_power_3_cutoff_4.5_Log,2metaldesc,elastic,0.3598426617294296,0.06473731398164469,0.3253868842711582,N/A,N/A
5,propionic_CM_power_3_cutoff_4.5_Log,2metaldesc,gp,0.31499546166500414,0.04187514940924198,0.3145746584977034,0.05469618100213203,0.06410058794175412
