,case,subcase,algo,mean of MAEs,std of MAEs,SD of AEs,mean of Stds,std of Stds
0,propionic_CM_power_4_cutoff_2.5_Sqrt,3metaldesc,svr,0.36542337662276564,0.07417647653195535,0.3847134739589746,N/A,N/A
1,propionic_CM_power_4_cutoff_2.5_Sqrt,3metaldesc,krr,0.3390531456056355,0.0688624880424434,0.35157167510010856,N/A,N/A
2,propionic_CM_power_4_cutoff_2.5_Sqrt,3metaldesc,ridge,0.39201841780648855,0.059232888466290184,0.343199505514824,N/A,N/A
3,propionic_CM_power_4_cutoff_2.5_Sqrt,3metaldesc,lasso,0.3853388191621376,0.04457548978866506,0.31568719587652244,N/A,N/A
4,propionic_CM_power_4_cutoff_2.5_Sqrt,3metaldesc,elastic,0.3828163250402147,0.050721799846979936,0.3325776310945919,N/A,N/A
5,propionic_CM_power_4_cutoff_2.5_Sqrt,3metaldesc,gp,0.35622302183820254,0.06309084550706058,0.3337949604828856,0.03314747912780851,0.013917858606365621
