,case,subcase,algo,mean of MAEs,std of MAEs,SD of AEs,mean of Stds,std of Stds
0,propionic_BoB_power_2_cutoff_3.0_Sqrt,3metaldesc_metalbondcnt,svr,0.1389297505521221,0.03238084518963223,0.1437954874522907,N/A,N/A
1,propionic_BoB_power_2_cutoff_3.0_Sqrt,3metaldesc_metalbondcnt,krr,0.15281874380549088,0.03803477802614382,0.1566418319943244,N/A,N/A
2,propionic_BoB_power_2_cutoff_3.0_Sqrt,3metaldesc_metalbondcnt,ridge,0.3105316244020868,0.05556886627414024,0.2769170125997221,N/A,N/A
3,propionic_BoB_power_2_cutoff_3.0_Sqrt,3metaldesc_metalbondcnt,lasso,0.3063872162064294,0.03284111286846604,0.27146488996488627,N/A,N/A
4,propionic_BoB_power_2_cutoff_3.0_Sqrt,3metaldesc_metalbondcnt,elastic,0.333071739324144,0.058254635082029375,0.2952906594575311,N/A,N/A
5,propionic_BoB_power_2_cutoff_3.0_Sqrt,3metaldesc_metalbondcnt,gp,0.15084445145009487,0.0355754828817958,0.18257279051350264,0.4071574501889634,0.44714805064889296
