,case,subcase,algo,mean of MAEs,std of MAEs,SD of AEs,mean of Stds,std of Stds
0,propionic_CM_power_3_cutoff_6.0_Sqrt,2metaldesc,svr,0.3578718368525947,0.06958617456533589,0.3392578887142964,N/A,N/A
1,propionic_CM_power_3_cutoff_6.0_Sqrt,2metaldesc,krr,0.3695368863078873,0.05838498522405285,0.32988101073235826,N/A,N/A
2,propionic_CM_power_3_cutoff_6.0_Sqrt,2metaldesc,ridge,0.37501740721574534,0.055282921969506224,0.3342531123264641,N/A,N/A
3,propionic_CM_power_3_cutoff_6.0_Sqrt,2metaldesc,lasso,0.3857763741785591,0.07532377614296366,0.359844363746012,N/A,N/A
4,propionic_CM_power_3_cutoff_6.0_Sqrt,2metaldesc,elastic,0.3632059933451317,0.05352868809836511,0.34839307163522476,N/A,N/A
5,propionic_CM_power_3_cutoff_6.0_Sqrt,2metaldesc,gp,0.3853023089835842,0.04961305245370923,0.35082138371790417,0.257061417134564,0.7829866026827506
