,case,subcase,algo,mean of MAEs,std of MAEs,SD of AEs,mean of Stds,std of Stds
0,propionic_BoB_power_2_cutoff_5.0_Log,2metaldesc_metalbondcnt,svr,0.1792842839483602,0.04141937591666145,0.20490848994937422,N/A,N/A
1,propionic_BoB_power_2_cutoff_5.0_Log,2metaldesc_metalbondcnt,krr,0.19704226084470355,0.035796133382683566,0.20007419377059776,N/A,N/A
2,propionic_BoB_power_2_cutoff_5.0_Log,2metaldesc_metalbondcnt,ridge,0.30954851079919266,0.030917875636626128,0.2671232234149255,N/A,N/A
3,propionic_BoB_power_2_cutoff_5.0_Log,2metaldesc_metalbondcnt,lasso,0.3131971935754939,0.03367086277181426,0.26163066806524127,N/A,N/A
4,propionic_BoB_power_2_cutoff_5.0_Log,2metaldesc_metalbondcnt,elastic,0.2963247014440942,0.04146703685747374,0.24627658776646705,N/A,N/A
5,propionic_BoB_power_2_cutoff_5.0_Log,2metaldesc_metalbondcnt,gp,0.17255910266682284,0.029374783525927286,0.17668425600801557,0.7307455810661773,0.2965516786237226
