,case,subcase,algo,mean of MAEs,std of MAEs,SD of AEs,mean of Stds,std of Stds
0,propionic_CM_power_4_cutoff_3.0_Log,3metaldesc,svr,0.31752560893841764,0.056919634073709174,0.33319130845546296,N/A,N/A
1,propionic_CM_power_4_cutoff_3.0_Log,3metaldesc,krr,0.3036513885777904,0.06322633682963724,0.293049791926055,N/A,N/A
2,propionic_CM_power_4_cutoff_3.0_Log,3metaldesc,ridge,0.3903223551941095,0.058908918138854155,0.3333577465925021,N/A,N/A
3,propionic_CM_power_4_cutoff_3.0_Log,3metaldesc,lasso,0.38801395399843996,0.04382469021478425,0.31311509530789194,N/A,N/A
4,propionic_CM_power_4_cutoff_3.0_Log,3metaldesc,elastic,0.3650543217589171,0.04953015053037685,0.3130079211778956,N/A,N/A
5,propionic_CM_power_4_cutoff_3.0_Log,3metaldesc,gp,0.3270839165887353,0.05261379337899794,0.35143502264297605,0.061098224198515946,0.130105506912852
