,case,subcase,algo,mean of MAEs,std of MAEs,SD of AEs,mean of Stds,std of Stds
0,propionic_BoB_power_1_cutoff_6.0_Log,3metaldesc,svr,0.17186038273083704,0.03662850473424439,0.17570704000269902,N/A,N/A
1,propionic_BoB_power_1_cutoff_6.0_Log,3metaldesc,krr,0.21964060894191598,0.039970652115776835,0.20948140150905542,N/A,N/A
2,propionic_BoB_power_1_cutoff_6.0_Log,3metaldesc,ridge,0.30201488863953246,0.03013659725138462,0.2510792335134576,N/A,N/A
3,propionic_BoB_power_1_cutoff_6.0_Log,3metaldesc,lasso,0.2933508460729813,0.042096265820670435,0.25451050768833433,N/A,N/A
4,propionic_BoB_power_1_cutoff_6.0_Log,3metaldesc,elastic,0.30722033081562583,0.05120479796347583,0.2747962505695773,N/A,N/A
5,propionic_BoB_power_1_cutoff_6.0_Log,3metaldesc,gp,0.173861113341173,0.027448157367543163,0.18225628487574647,0.689650497956179,0.68949259690087
