,case,subcase,algo,mean of MAEs,std of MAEs,SD of AEs,mean of Stds,std of Stds
0,propionic_CM_power_1_cutoff_5.5_Sqrt,2metaldesc,svr,0.487107733701958,0.08758653438159444,0.43610714807941886,N/A,N/A
1,propionic_CM_power_1_cutoff_5.5_Sqrt,2metaldesc,krr,0.4992176134615849,0.07034785376462202,0.4214427165708837,N/A,N/A
2,propionic_CM_power_1_cutoff_5.5_Sqrt,2metaldesc,ridge,0.4975123186528359,0.05784151829013949,0.4304333641907795,N/A,N/A
3,propionic_CM_power_1_cutoff_5.5_Sqrt,2metaldesc,lasso,0.4635998875816621,0.05321347551060317,0.39027857053020953,N/A,N/A
4,propionic_CM_power_1_cutoff_5.5_Sqrt,2metaldesc,elastic,0.4652861921338436,0.05473233647496499,0.43978017897998045,N/A,N/A
5,propionic_CM_power_1_cutoff_5.5_Sqrt,2metaldesc,gp,0.5126522228858447,0.0760324827750261,0.44071052792199106,1.4436015091038896,1.700418195245142
