,case,subcase,algo,mean of MAEs,std of MAEs,SD of AEs,mean of Stds,std of Stds
0,propionic_BoB_power_2_cutoff_5.0_Log,3metaldesc,svr,0.14051677974796084,0.030560081102771922,0.14118081205458233,N/A,N/A
1,propionic_BoB_power_2_cutoff_5.0_Log,3metaldesc,krr,0.18778367401408602,0.03632098201378097,0.1952138220839178,N/A,N/A
2,propionic_BoB_power_2_cutoff_5.0_Log,3metaldesc,ridge,0.29891504647113093,0.051076656613344616,0.26509741940821524,N/A,N/A
3,propionic_BoB_power_2_cutoff_5.0_Log,3metaldesc,lasso,0.3035460247909336,0.04074486420488801,0.2791725264856682,N/A,N/A
4,propionic_BoB_power_2_cutoff_5.0_Log,3metaldesc,elastic,0.31480540718395916,0.05042805713147989,0.292076065203431,N/A,N/A
5,propionic_BoB_power_2_cutoff_5.0_Log,3metaldesc,gp,0.1484211759229753,0.0351891188315786,0.15529506188878578,0.8171061198006616,0.3481034951057886
