,case,subcase,algo,mean of MAEs,std of MAEs,SD of AEs,mean of Stds,std of Stds
0,propionic_CM_power_5_cutoff_2.5_Log,3metaldesc,svr,0.32594972247734844,0.06049137511424897,0.3423415994659077,N/A,N/A
1,propionic_CM_power_5_cutoff_2.5_Log,3metaldesc,krr,0.3113448890562828,0.05581828643215213,0.31889561541867234,N/A,N/A
2,propionic_CM_power_5_cutoff_2.5_Log,3metaldesc,ridge,0.3658882924091342,0.04360036694178168,0.3135143154370276,N/A,N/A
3,propionic_CM_power_5_cutoff_2.5_Log,3metaldesc,lasso,0.3945774273419627,0.0530431052085374,0.31967870915224905,N/A,N/A
4,propionic_CM_power_5_cutoff_2.5_Log,3metaldesc,elastic,0.36786749686404296,0.06198536740163646,0.3005910025471207,N/A,N/A
5,propionic_CM_power_5_cutoff_2.5_Log,3metaldesc,gp,0.30399349674307163,0.04446171212131439,0.31678527781638754,0.03167577495601599,0.031249065461669653
