,case,subcase,algo,mean of MAEs,std of MAEs,SD of AEs,mean of Stds,std of Stds
0,propionic_CM_power_2_cutoff_2.5_Sqrt,3metaldesc,svr,0.36324853682916824,0.06510655020313913,0.35086241223925946,N/A,N/A
1,propionic_CM_power_2_cutoff_2.5_Sqrt,3metaldesc,krr,0.34643680790466297,0.06447493482038615,0.31932914050306016,N/A,N/A
2,propionic_CM_power_2_cutoff_2.5_Sqrt,3metaldesc,ridge,0.4150588656515816,0.06261755564208016,0.3522752852763099,N/A,N/A
3,propionic_CM_power_2_cutoff_2.5_Sqrt,3metaldesc,lasso,0.41842350416171503,0.06175663297329068,0.3555440263201882,N/A,N/A
4,propionic_CM_power_2_cutoff_2.5_Sqrt,3metaldesc,elastic,0.3969717804502779,0.053873894537510784,0.3542792474327378,N/A,N/A
5,propionic_CM_power_2_cutoff_2.5_Sqrt,3metaldesc,gp,0.3848766529712535,0.056154701558956625,0.354643226290845,0.5331695953875013,0.7460092729167943
