,case,subcase,algo,mean of MAEs,std of MAEs,SD of AEs,mean of Stds,std of Stds
0,propionic_CM_power_4_cutoff_4.5_Log,3metaldesc_metalbondcnt,svr,0.32814623107990565,0.04860346428752543,0.31124731401964917,N/A,N/A
1,propionic_CM_power_4_cutoff_4.5_Log,3metaldesc_metalbondcnt,krr,0.29247433863312616,0.044484285852939884,0.2903807844782695,N/A,N/A
2,propionic_CM_power_4_cutoff_4.5_Log,3metaldesc_metalbondcnt,ridge,0.36882009935822063,0.04408012658592266,0.3076799038940155,N/A,N/A
3,propionic_CM_power_4_cutoff_4.5_Log,3metaldesc_metalbondcnt,lasso,0.37580363659378674,0.058634463580136506,0.3115267959688612,N/A,N/A
4,propionic_CM_power_4_cutoff_4.5_Log,3metaldesc_metalbondcnt,elastic,0.36119978129392855,0.04125335870765891,0.28458391270950045,N/A,N/A
5,propionic_CM_power_4_cutoff_4.5_Log,3metaldesc_metalbondcnt,gp,0.3005026230512037,0.04421240131178139,0.2937525135209965,0.03812690920858991,0.03665871226649694
