,case,subcase,algo,mean of MAEs,std of MAEs,SD of AEs,mean of Stds,std of Stds
0,propionic_BoB_power_5_cutoff_4.5_Log,2metaldesc,svr,0.17059320019687996,0.045644571658596415,0.2210746185597489,N/A,N/A
1,propionic_BoB_power_5_cutoff_4.5_Log,2metaldesc,krr,0.15611815641695392,0.027801572292567207,0.14549012184015966,N/A,N/A
2,propionic_BoB_power_5_cutoff_4.5_Log,2metaldesc,ridge,0.327356463721217,0.030119790835069712,0.27324164661677836,N/A,N/A
3,propionic_BoB_power_5_cutoff_4.5_Log,2metaldesc,lasso,0.30830605999397553,0.04427233535189947,0.27865934817026133,N/A,N/A
4,propionic_BoB_power_5_cutoff_4.5_Log,2metaldesc,elastic,0.30081450705860446,0.032214375704476356,0.27039552389219856,N/A,N/A
5,propionic_BoB_power_5_cutoff_4.5_Log,2metaldesc,gp,0.1526939436761055,0.029239136152867353,0.18710643179877173,0.30464366843032925,0.25714899041615963
