,case,subcase,algo,mean of MAEs,std of MAEs,SD of AEs,mean of Stds,std of Stds
0,propionic_BoB_power_3_cutoff_4.5_Sqrt,3metaldesc,svr,0.13553019714384162,0.02426557735682552,0.12484633568899439,N/A,N/A
1,propionic_BoB_power_3_cutoff_4.5_Sqrt,3metaldesc,krr,0.1776320638523516,0.029570603469031384,0.1667039823826032,N/A,N/A
2,propionic_BoB_power_3_cutoff_4.5_Sqrt,3metaldesc,ridge,0.3084438018113549,0.04368744493984192,0.27540879590656037,N/A,N/A
3,propionic_BoB_power_3_cutoff_4.5_Sqrt,3metaldesc,lasso,0.303361138529183,0.05307731744230031,0.2695009966096837,N/A,N/A
4,propionic_BoB_power_3_cutoff_4.5_Sqrt,3metaldesc,elastic,0.32858544014196783,0.045798298601848725,0.28542031417635405,N/A,N/A
5,propionic_BoB_power_3_cutoff_4.5_Sqrt,3metaldesc,gp,0.1457396860541599,0.022903469642682802,0.15478718558671928,0.774328071384063,0.405102735844734
