,case,subcase,algo,mean of MAEs,std of MAEs,SD of AEs,mean of Stds,std of Stds
0,propionic_BoB_power_5_cutoff_5.0_Log,2metaldesc_fullbondcnt,svr,0.1650091851623629,0.047605457173992484,0.28177639355784423,N/A,N/A
1,propionic_BoB_power_5_cutoff_5.0_Log,2metaldesc_fullbondcnt,krr,0.14491494510543076,0.021938923168309043,0.1426421465966981,N/A,N/A
2,propionic_BoB_power_5_cutoff_5.0_Log,2metaldesc_fullbondcnt,ridge,0.3134742180700584,0.03339118737199452,0.26534370973058385,N/A,N/A
3,propionic_BoB_power_5_cutoff_5.0_Log,2metaldesc_fullbondcnt,lasso,0.30274448221854056,0.044668135324239855,0.24464112597656135,N/A,N/A
4,propionic_BoB_power_5_cutoff_5.0_Log,2metaldesc_fullbondcnt,elastic,0.30789658896266536,0.034881197324631026,0.2647522577967822,N/A,N/A
5,propionic_BoB_power_5_cutoff_5.0_Log,2metaldesc_fullbondcnt,gp,0.13260523410675365,0.026232869651890516,0.1394847474087798,0.3840363269130965,0.24350330090455533
