,case,subcase,algo,mean of MAEs,std of MAEs,SD of AEs,mean of Stds,std of Stds
0,propionic_CM_power_3_cutoff_2.5_Log,2metaldesc,svr,0.33765815838188407,0.08317782952459253,0.3570913903192126,N/A,N/A
1,propionic_CM_power_3_cutoff_2.5_Log,2metaldesc,krr,0.2996867836495853,0.057145183135032016,0.3106408828753818,N/A,N/A
2,propionic_CM_power_3_cutoff_2.5_Log,2metaldesc,ridge,0.35538420509538293,0.047240457216847095,0.30792430742435356,N/A,N/A
3,propionic_CM_power_3_cutoff_2.5_Log,2metaldesc,lasso,0.3667372804423369,0.04257617014917249,0.31532087082713944,N/A,N/A
4,propionic_CM_power_3_cutoff_2.5_Log,2metaldesc,elastic,0.3840956946760359,0.05448351401677339,0.3120776065278945,N/A,N/A
5,propionic_CM_power_3_cutoff_2.5_Log,2metaldesc,gp,0.3144352931903988,0.04596541571977535,0.297796775790392,0.05667640212659953,0.1064203878849377
