,case,subcase,algo,mean of MAEs,std of MAEs,SD of AEs,mean of Stds,std of Stds
0,propionic_CM_power_5_cutoff_5.0_Log,2metaldesc,svr,0.33537942551285993,0.06306916734417667,0.35394462260556986,N/A,N/A
1,propionic_CM_power_5_cutoff_5.0_Log,2metaldesc,krr,0.3314335741932377,0.05279516876423715,0.357721849009594,N/A,N/A
2,propionic_CM_power_5_cutoff_5.0_Log,2metaldesc,ridge,0.37289841291098486,0.04893575631761919,0.3200304082225663,N/A,N/A
3,propionic_CM_power_5_cutoff_5.0_Log,2metaldesc,lasso,0.3952695752356766,0.05597720937254269,0.3314942994075839,N/A,N/A
4,propionic_CM_power_5_cutoff_5.0_Log,2metaldesc,elastic,0.3636606720170987,0.04994697895150985,0.2906065503246502,N/A,N/A
5,propionic_CM_power_5_cutoff_5.0_Log,2metaldesc,gp,0.31522573608304677,0.05569857984696457,0.32925609507365333,0.0367858482810028,0.028573185771849318
