,case,subcase,algo,mean of MAEs,std of MAEs,SD of AEs,mean of Stds,std of Stds
0,propionic_BoB_power_2_cutoff_5.0_Log,2metaldesc,svr,0.1698180698934826,0.02188071694489924,0.16927382767825166,N/A,N/A
1,propionic_BoB_power_2_cutoff_5.0_Log,2metaldesc,krr,0.2051461988899801,0.03661132052423776,0.21695066175588032,N/A,N/A
2,propionic_BoB_power_2_cutoff_5.0_Log,2metaldesc,ridge,0.3040512886207989,0.04806701304977055,0.26207859300848896,N/A,N/A
3,propionic_BoB_power_2_cutoff_5.0_Log,2metaldesc,lasso,0.30232933060505174,0.04120297322870967,0.2795961471550709,N/A,N/A
4,propionic_BoB_power_2_cutoff_5.0_Log,2metaldesc,elastic,0.30994158512609105,0.03389812251953327,0.2731689215029603,N/A,N/A
5,propionic_BoB_power_2_cutoff_5.0_Log,2metaldesc,gp,0.1692268155718228,0.03245828656375041,0.1779788195630561,0.6302268607134909,0.2752874311583443
