,case,subcase,algo,mean of MAEs,std of MAEs,SD of AEs,mean of Stds,std of Stds
0,propionic_CM_power_1_cutoff_5.5_Log,3metaldesc,svr,0.38252944465714883,0.05667518295532122,0.34062369977619095,N/A,N/A
1,propionic_CM_power_1_cutoff_5.5_Log,3metaldesc,krr,0.37959727314825864,0.0527290726411508,0.37894346975432336,N/A,N/A
2,propionic_CM_power_1_cutoff_5.5_Log,3metaldesc,ridge,0.37159618187335236,0.05032735753176368,0.32347804356843757,N/A,N/A
3,propionic_CM_power_1_cutoff_5.5_Log,3metaldesc,lasso,0.3689502960618998,0.049176281375272475,0.3274632410126881,N/A,N/A
4,propionic_CM_power_1_cutoff_5.5_Log,3metaldesc,elastic,0.37903311650978266,0.05542660551857993,0.3400594764340738,N/A,N/A
5,propionic_CM_power_1_cutoff_5.5_Log,3metaldesc,gp,0.3650458415683112,0.04340355236369738,0.3358435536177204,0.18692641463606513,0.2970799368417475
