,case,subcase,algo,mean of MAEs,std of MAEs,SD of AEs,mean of Stds,std of Stds
0,propionic_BoB_power_4_cutoff_5.0_Sqrt,2metaldesc,svr,0.16927909561115892,0.03332767891303893,0.19095800239834726,N/A,N/A
1,propionic_BoB_power_4_cutoff_5.0_Sqrt,2metaldesc,krr,0.17147466552563784,0.046063723075091906,0.20488712608687606,N/A,N/A
2,propionic_BoB_power_4_cutoff_5.0_Sqrt,2metaldesc,ridge,0.31082421335971927,0.04505066280695122,0.2981816789813529,N/A,N/A
3,propionic_BoB_power_4_cutoff_5.0_Sqrt,2metaldesc,lasso,0.29983539989985863,0.041885706248457236,0.2907713320025312,N/A,N/A
4,propionic_BoB_power_4_cutoff_5.0_Sqrt,2metaldesc,elastic,0.31661344039660144,0.050384042007073894,0.2823807276587486,N/A,N/A
5,propionic_BoB_power_4_cutoff_5.0_Sqrt,2metaldesc,gp,0.16470354471364307,0.034690641353403336,0.1771822403021418,0.5260715895978593,0.28981528749468716
