,case,subcase,algo,mean of MAEs,std of MAEs,SD of AEs,mean of Stds,std of Stds
0,propionic_CM_power_1_cutoff_4.0_Sqrt,2metaldesc,svr,0.45975385599932167,0.048798188255401755,0.39448913934117086,N/A,N/A
1,propionic_CM_power_1_cutoff_4.0_Sqrt,2metaldesc,krr,0.46517519443598965,0.10276725388394653,0.4150152439723264,N/A,N/A
2,propionic_CM_power_1_cutoff_4.0_Sqrt,2metaldesc,ridge,0.467385912352025,0.08390124439001159,0.4095838428814349,N/A,N/A
3,propionic_CM_power_1_cutoff_4.0_Sqrt,2metaldesc,lasso,0.4892448452526945,0.0549941826246428,0.43560859186024437,N/A,N/A
4,propionic_CM_power_1_cutoff_4.0_Sqrt,2metaldesc,elastic,0.45403135493699964,0.05651022927236457,0.3879900988935238,N/A,N/A
5,propionic_CM_power_1_cutoff_4.0_Sqrt,2metaldesc,gp,0.4346342695376616,0.06275151446074995,0.38744103335881436,0.7977278110269959,0.5767369665696723
