,case,subcase,algo,mean of MAEs,std of MAEs,SD of AEs,mean of Stds,std of Stds
0,propionic_CM_power_4_cutoff_5.5_Sqrt,3metaldesc,svr,0.36601692499248734,0.07019974877338392,0.42168840251872386,N/A,N/A
1,propionic_CM_power_4_cutoff_5.5_Sqrt,3metaldesc,krr,0.347203298974156,0.06329417522184916,0.3499466904166652,N/A,N/A
2,propionic_CM_power_4_cutoff_5.5_Sqrt,3metaldesc,ridge,0.39883125977130746,0.055009943892312764,0.35650805497603244,N/A,N/A
3,propionic_CM_power_4_cutoff_5.5_Sqrt,3metaldesc,lasso,0.3771367122417707,0.054428103402552074,0.32561873475642505,N/A,N/A
4,propionic_CM_power_4_cutoff_5.5_Sqrt,3metaldesc,elastic,0.36722436214363163,0.06196993178999497,0.3209909120233604,N/A,N/A
5,propionic_CM_power_4_cutoff_5.5_Sqrt,3metaldesc,gp,0.3983710201012402,0.0710425572170096,0.3979274315218811,0.14556096745414546,0.4239929490198851
