,case,subcase,algo,mean of MAEs,std of MAEs,SD of AEs,mean of Stds,std of Stds
0,propionic_BoB_power_1_cutoff_5.5_Sqrt,3metaldesc_metalbondcnt,svr,0.2202929844830403,0.04770845967172516,0.255354941415206,N/A,N/A
1,propionic_BoB_power_1_cutoff_5.5_Sqrt,3metaldesc_metalbondcnt,krr,0.27331196320865814,0.06247097428959484,0.2684167311353237,N/A,N/A
2,propionic_BoB_power_1_cutoff_5.5_Sqrt,3metaldesc_metalbondcnt,ridge,0.3230078618512564,0.04542034427847266,0.25731896017863176,N/A,N/A
3,propionic_BoB_power_1_cutoff_5.5_Sqrt,3metaldesc_metalbondcnt,lasso,0.31731323450406235,0.03219237503736676,0.25420656111720835,N/A,N/A
4,propionic_BoB_power_1_cutoff_5.5_Sqrt,3metaldesc_metalbondcnt,elastic,0.3105998186975855,0.04756285226491566,0.28644975084257024,N/A,N/A
5,propionic_BoB_power_1_cutoff_5.5_Sqrt,3metaldesc_metalbondcnt,gp,0.18271333800700645,0.03273334437419152,0.1773943799189377,0.45432343252343166,0.2722334197445047
