,case,subcase,algo,mean of MAEs,std of MAEs,SD of AEs,mean of Stds,std of Stds
0,propionic_CM_power_3_cutoff_3.0_Log,2metaldesc,svr,0.35520439568504814,0.08775096148640425,0.3962069336937315,N/A,N/A
1,propionic_CM_power_3_cutoff_3.0_Log,2metaldesc,krr,0.29997474474032243,0.046007221332105566,0.2760409449071976,N/A,N/A
2,propionic_CM_power_3_cutoff_3.0_Log,2metaldesc,ridge,0.37539842131080015,0.05189096392298722,0.3145139308789166,N/A,N/A
3,propionic_CM_power_3_cutoff_3.0_Log,2metaldesc,lasso,0.36814343290186813,0.03513778038807665,0.3216930122886346,N/A,N/A
4,propionic_CM_power_3_cutoff_3.0_Log,2metaldesc,elastic,0.381702898911685,0.05889132177842697,0.3139744772932391,N/A,N/A
5,propionic_CM_power_3_cutoff_3.0_Log,2metaldesc,gp,0.3258561742881308,0.04466855960816461,0.30044997535683843,0.05356586694429092,0.052176211731010204
