,case,subcase,algo,mean of MAEs,std of MAEs,SD of AEs,mean of Stds,std of Stds
0,propionic_CM_power_3_cutoff_5.0_Sqrt,2metaldesc,svr,0.3792927643625889,0.06185140018888507,0.3615728609091402,N/A,N/A
1,propionic_CM_power_3_cutoff_5.0_Sqrt,2metaldesc,krr,0.3794069997103031,0.057235684193270714,0.3536641920459685,N/A,N/A
2,propionic_CM_power_3_cutoff_5.0_Sqrt,2metaldesc,ridge,0.398931645043821,0.06084961753896732,0.35774592873890826,N/A,N/A
3,propionic_CM_power_3_cutoff_5.0_Sqrt,2metaldesc,lasso,0.3899680014841796,0.047316648377981135,0.34671632525508844,N/A,N/A
4,propionic_CM_power_3_cutoff_5.0_Sqrt,2metaldesc,elastic,0.36207257166945506,0.05396316022539261,0.3411842589605361,N/A,N/A
5,propionic_CM_power_3_cutoff_5.0_Sqrt,2metaldesc,gp,0.38127334245409406,0.04715415987037961,0.35409047894574736,0.21010559057506242,0.5433653415585741
