,case,subcase,algo,mean of MAEs,std of MAEs,SD of AEs,mean of Stds,std of Stds
0,propionic_BoB_power_5_cutoff_2.5_Log,2metaldesc,svr,0.19111386480627604,0.0427109852452165,0.26638324602852476,N/A,N/A
1,propionic_BoB_power_5_cutoff_2.5_Log,2metaldesc,krr,0.174039491957002,0.03145255065054422,0.18688479606240857,N/A,N/A
2,propionic_BoB_power_5_cutoff_2.5_Log,2metaldesc,ridge,0.3094000650538914,0.03642343766417578,0.26613652564069923,N/A,N/A
3,propionic_BoB_power_5_cutoff_2.5_Log,2metaldesc,lasso,0.3278562426923039,0.0462439983236761,0.2822439845726742,N/A,N/A
4,propionic_BoB_power_5_cutoff_2.5_Log,2metaldesc,elastic,0.30882904817436235,0.045376555866549866,0.264796071976279,N/A,N/A
5,propionic_BoB_power_5_cutoff_2.5_Log,2metaldesc,gp,0.15996251120719854,0.03295407548347524,0.16423865331338916,0.26392767576185533,0.24260963006233563
