,case,subcase,algo,mean of MAEs,std of MAEs,SD of AEs,mean of Stds,std of Stds
0,propionic_BoB_power_3_cutoff_6.0_Log,2metaldesc,svr,0.18363399307139083,0.028648976558462155,0.21021824667422623,N/A,N/A
1,propionic_BoB_power_3_cutoff_6.0_Log,2metaldesc,krr,0.1734494374051817,0.025331813678666337,0.17567777728818376,N/A,N/A
2,propionic_BoB_power_3_cutoff_6.0_Log,2metaldesc,ridge,0.2891973853840381,0.04188507950055094,0.2548950739709858,N/A,N/A
3,propionic_BoB_power_3_cutoff_6.0_Log,2metaldesc,lasso,0.2880587479633109,0.0438112358946273,0.2692320668268205,N/A,N/A
4,propionic_BoB_power_3_cutoff_6.0_Log,2metaldesc,elastic,0.31667151783678577,0.04284180584478014,0.29958495192342544,N/A,N/A
5,propionic_BoB_power_3_cutoff_6.0_Log,2metaldesc,gp,0.16454401469537736,0.029858514882353786,0.18555632884072276,0.5950340828405203,0.244128697821602
