,case,subcase,algo,mean of MAEs,std of MAEs,SD of AEs,mean of Stds,std of Stds
0,propionic_CM_power_1_cutoff_3.5_Sqrt,2metaldesc,svr,0.3993390682223771,0.06420959245016705,0.35971683509585023,N/A,N/A
1,propionic_CM_power_1_cutoff_3.5_Sqrt,2metaldesc,krr,0.4432883212222682,0.0594222313350007,0.3731473134287218,N/A,N/A
2,propionic_CM_power_1_cutoff_3.5_Sqrt,2metaldesc,ridge,0.5069306674773373,0.056432467885230604,0.4026809595549567,N/A,N/A
3,propionic_CM_power_1_cutoff_3.5_Sqrt,2metaldesc,lasso,0.5384794498731947,0.07064317098532462,0.42200172227423677,N/A,N/A
4,propionic_CM_power_1_cutoff_3.5_Sqrt,2metaldesc,elastic,0.461670194607137,0.04630178652875367,0.36529510043047897,N/A,N/A
5,propionic_CM_power_1_cutoff_3.5_Sqrt,2metaldesc,gp,0.38284575890440303,0.05519495965675724,0.36846300891162115,0.5326298621520781,0.40115053870691647
