,case,subcase,algo,mean of MAEs,std of MAEs,SD of AEs,mean of Stds,std of Stds
0,propionic_BoB_power_3_cutoff_4.0_Log,2metaldesc,svr,0.16062822812410232,0.03722049569431874,0.18854193937803274,N/A,N/A
1,propionic_BoB_power_3_cutoff_4.0_Log,2metaldesc,krr,0.1683628087617864,0.024114700201366527,0.15496994832737954,N/A,N/A
2,propionic_BoB_power_3_cutoff_4.0_Log,2metaldesc,ridge,0.3234868401802513,0.027761517902380482,0.2830651516274461,N/A,N/A
3,propionic_BoB_power_3_cutoff_4.0_Log,2metaldesc,lasso,0.29923660297870813,0.03530351893762517,0.27793887150103846,N/A,N/A
4,propionic_BoB_power_3_cutoff_4.0_Log,2metaldesc,elastic,0.2944271336850536,0.03539427610417247,0.2658209153590004,N/A,N/A
5,propionic_BoB_power_3_cutoff_4.0_Log,2metaldesc,gp,0.16689539009985746,0.026208577761138534,0.19100285276805515,0.5214037188314227,0.3176691773263365
