,case,subcase,algo,mean of MAEs,std of MAEs,SD of AEs,mean of Stds,std of Stds
0,propionic_CM_power_1_cutoff_4.0_Log,2metaldesc,svr,0.4013074567923537,0.06370253892240091,0.37244164725026324,N/A,N/A
1,propionic_CM_power_1_cutoff_4.0_Log,2metaldesc,krr,0.34637207584183793,0.043294908362262643,0.33088333457304225,N/A,N/A
2,propionic_CM_power_1_cutoff_4.0_Log,2metaldesc,ridge,0.43598325034082214,0.049969420437375324,0.358477412708039,N/A,N/A
3,propionic_CM_power_1_cutoff_4.0_Log,2metaldesc,lasso,0.40904139923130606,0.06060305988922145,0.34922154931051624,N/A,N/A
4,propionic_CM_power_1_cutoff_4.0_Log,2metaldesc,elastic,0.411396488739383,0.03753082019347935,0.3471372936280996,N/A,N/A
5,propionic_CM_power_1_cutoff_4.0_Log,2metaldesc,gp,0.39559925740782687,0.06340942994490353,0.3511341422719387,0.16540384867280586,0.25514862490748624
