,case,subcase,algo,mean of MAEs,std of MAEs,SD of AEs,mean of Stds,std of Stds
0,propionic_CM_power_4_cutoff_5.0_Sqrt,2metaldesc,svr,0.38509635629129063,0.07035255339718832,0.4110814291293172,N/A,N/A
1,propionic_CM_power_4_cutoff_5.0_Sqrt,2metaldesc,krr,0.3593532641555135,0.058836470203827054,0.3698250350439668,N/A,N/A
2,propionic_CM_power_4_cutoff_5.0_Sqrt,2metaldesc,ridge,0.3837733457604643,0.0509830252305872,0.3341915713368729,N/A,N/A
3,propionic_CM_power_4_cutoff_5.0_Sqrt,2metaldesc,lasso,0.3895039009057343,0.04723742238375981,0.34584992251451846,N/A,N/A
4,propionic_CM_power_4_cutoff_5.0_Sqrt,2metaldesc,elastic,0.3822261489667489,0.05126430983975113,0.3298745003703797,N/A,N/A
5,propionic_CM_power_4_cutoff_5.0_Sqrt,2metaldesc,gp,0.40190272026276935,0.05350168523613725,0.3650616740101998,0.10488650436530582,0.27655456358850156
