,case,subcase,algo,mean of MAEs,std of MAEs,SD of AEs,mean of Stds,std of Stds
0,propionic_BoB_power_5_cutoff_2.5_Log,3metaldesc,svr,0.16005645511842762,0.03778203746910526,0.1687605973153343,N/A,N/A
1,propionic_BoB_power_5_cutoff_2.5_Log,3metaldesc,krr,0.16537246452724694,0.04270203741433283,0.1655099779179739,N/A,N/A
2,propionic_BoB_power_5_cutoff_2.5_Log,3metaldesc,ridge,0.3278752891974155,0.04218505997704931,0.2806766212240011,N/A,N/A
3,propionic_BoB_power_5_cutoff_2.5_Log,3metaldesc,lasso,0.30044226620803605,0.0419973761587056,0.26445795259348986,N/A,N/A
4,propionic_BoB_power_5_cutoff_2.5_Log,3metaldesc,elastic,0.31386148388379576,0.04147883303924956,0.2649118685090197,N/A,N/A
5,propionic_BoB_power_5_cutoff_2.5_Log,3metaldesc,gp,0.16218458010704512,0.04652213122658532,0.18975843322049687,0.4553907778882121,0.24469841794258607
