,case,subcase,algo,mean of MAEs,std of MAEs,SD of AEs,mean of Stds,std of Stds
0,propionic_CM_power_4_cutoff_6.0_Log,2metaldesc,svr,0.3294249253262664,0.06904129461544799,0.34502100396731233,N/A,N/A
1,propionic_CM_power_4_cutoff_6.0_Log,2metaldesc,krr,0.31599755108114463,0.050949022642887865,0.3191546170099228,N/A,N/A
2,propionic_CM_power_4_cutoff_6.0_Log,2metaldesc,ridge,0.3887966430925202,0.052217868801232144,0.3301095289992508,N/A,N/A
3,propionic_CM_power_4_cutoff_6.0_Log,2metaldesc,lasso,0.37485921817828305,0.043798652521851646,0.33973451457621023,N/A,N/A
4,propionic_CM_power_4_cutoff_6.0_Log,2metaldesc,elastic,0.37079807381062657,0.0463386176739289,0.312310430749654,N/A,N/A
5,propionic_CM_power_4_cutoff_6.0_Log,2metaldesc,gp,0.31313285516595857,0.059209984638923296,0.3247641674312978,0.05111204336366252,0.04232303319126046
