,case,subcase,algo,mean of MAEs,std of MAEs,SD of AEs,mean of Stds,std of Stds
0,propionic_CM_power_1_cutoff_5.0_Sqrt,3metaldesc,svr,0.48976416562651276,0.06061381433500864,0.4032076403928106,N/A,N/A
1,propionic_CM_power_1_cutoff_5.0_Sqrt,3metaldesc,krr,0.4647485769445913,0.06796166773451126,0.39203835810041443,N/A,N/A
2,propionic_CM_power_1_cutoff_5.0_Sqrt,3metaldesc,ridge,0.47122278058103084,0.0606700646549938,0.4164108588304686,N/A,N/A
3,propionic_CM_power_1_cutoff_5.0_Sqrt,3metaldesc,lasso,0.4735603047017661,0.0741174348412258,0.4261050366679625,N/A,N/A
4,propionic_CM_power_1_cutoff_5.0_Sqrt,3metaldesc,elastic,0.47566062938231163,0.06947685406780664,0.4302474733347305,N/A,N/A
5,propionic_CM_power_1_cutoff_5.0_Sqrt,3metaldesc,gp,0.5200313247665691,0.07977874189188666,0.437609822106282,0.7292766151209317,0.6020798850353949
