,case,subcase,algo,mean of MAEs,std of MAEs,SD of AEs,mean of Stds,std of Stds
0,propionic_BoB_power_2_cutoff_5.5_Sqrt,2metaldesc,svr,0.20543319343973324,0.035066251871305236,0.21936689033273984,N/A,N/A
1,propionic_BoB_power_2_cutoff_5.5_Sqrt,2metaldesc,krr,0.22848973197688735,0.032431564302803154,0.21618647857466994,N/A,N/A
2,propionic_BoB_power_2_cutoff_5.5_Sqrt,2metaldesc,ridge,0.3059280776347655,0.04568102022694014,0.2593461032075433,N/A,N/A
3,propionic_BoB_power_2_cutoff_5.5_Sqrt,2metaldesc,lasso,0.3030623738215845,0.0499961069948274,0.24813040014553994,N/A,N/A
4,propionic_BoB_power_2_cutoff_5.5_Sqrt,2metaldesc,elastic,0.3077112845463758,0.053687330658965596,0.2838145859947913,N/A,N/A
5,propionic_BoB_power_2_cutoff_5.5_Sqrt,2metaldesc,gp,0.1996065074601406,0.029020176812886857,0.2012628175116544,0.5056000893793401,0.43034648456442187
