,case,subcase,algo,mean of MAEs,std of MAEs,SD of AEs,mean of Stds,std of Stds
0,propionic_CM_power_2_cutoff_4.5_Sqrt,2metaldesc_fullbondcnt,svr,0.36667787169862676,0.08026960581013022,0.35784780051816334,N/A,N/A
1,propionic_CM_power_2_cutoff_4.5_Sqrt,2metaldesc_fullbondcnt,krr,0.3608819820159568,0.049443813388995145,0.32890690336281775,N/A,N/A
2,propionic_CM_power_2_cutoff_4.5_Sqrt,2metaldesc_fullbondcnt,ridge,0.30709126683073124,0.05159527544051487,0.28691643389257565,N/A,N/A
3,propionic_CM_power_2_cutoff_4.5_Sqrt,2metaldesc_fullbondcnt,lasso,0.33535647898196713,0.04572237120176746,0.31529212502488785,N/A,N/A
4,propionic_CM_power_2_cutoff_4.5_Sqrt,2metaldesc_fullbondcnt,elastic,0.3219274757590584,0.04575913342333337,0.29352713394465435,N/A,N/A
5,propionic_CM_power_2_cutoff_4.5_Sqrt,2metaldesc_fullbondcnt,gp,0.35977973101994964,0.060975326015729865,0.32823341968478,0.19949965333760672,0.45624359624180444
