,case,subcase,algo,mean of MAEs,std of MAEs,SD of AEs,mean of Stds,std of Stds
0,propionic_CM_power_3_cutoff_5.5_Log,3metaldesc_metalbondcnt,svr,0.3537491243384527,0.0859279789594007,0.35408752431678325,N/A,N/A
1,propionic_CM_power_3_cutoff_5.5_Log,3metaldesc_metalbondcnt,krr,0.28610540995773515,0.05490893326280125,0.2654571737730032,N/A,N/A
2,propionic_CM_power_3_cutoff_5.5_Log,3metaldesc_metalbondcnt,ridge,0.3528909692568034,0.040691272308692406,0.302800965931226,N/A,N/A
3,propionic_CM_power_3_cutoff_5.5_Log,3metaldesc_metalbondcnt,lasso,0.36268281345207853,0.06525675975825947,0.3183168556488632,N/A,N/A
4,propionic_CM_power_3_cutoff_5.5_Log,3metaldesc_metalbondcnt,elastic,0.35415547579085527,0.04253192359811432,0.30102486021860264,N/A,N/A
5,propionic_CM_power_3_cutoff_5.5_Log,3metaldesc_metalbondcnt,gp,0.30766359094252244,0.07094608257875959,0.3375629227647721,0.05194939489343817,0.04868136740960022
