,case,subcase,algo,mean of MAEs,std of MAEs,SD of AEs,mean of Stds,std of Stds
0,propionic_CM_power_3_cutoff_4.0_Log,3metaldesc_fullbondcnt,svr,0.25126895114699593,0.039961113307071194,0.25039571239922714,N/A,N/A
1,propionic_CM_power_3_cutoff_4.0_Log,3metaldesc_fullbondcnt,krr,0.2758144629270869,0.04627652037030246,0.2613819108556967,N/A,N/A
2,propionic_CM_power_3_cutoff_4.0_Log,3metaldesc_fullbondcnt,ridge,0.3254387364375216,0.04486727427760224,0.2856207487874419,N/A,N/A
3,propionic_CM_power_3_cutoff_4.0_Log,3metaldesc_fullbondcnt,lasso,0.3248418110890837,0.03753835978858851,0.283086170795961,N/A,N/A
4,propionic_CM_power_3_cutoff_4.0_Log,3metaldesc_fullbondcnt,elastic,0.3110755232034117,0.04216598715484147,0.26796680782752264,N/A,N/A
5,propionic_CM_power_3_cutoff_4.0_Log,3metaldesc_fullbondcnt,gp,0.26727778243999994,0.05872092913202506,0.3313706451050939,0.2011350011302554,0.2763096990787314
