,case,subcase,algo,mean of MAEs,std of MAEs,SD of AEs,mean of Stds,std of Stds
0,propionic_BoB_power_3_cutoff_6.0_Log,3metaldesc,svr,0.1396517784865083,0.023429863935837056,0.14196145995121492,N/A,N/A
1,propionic_BoB_power_3_cutoff_6.0_Log,3metaldesc,krr,0.15921786536887927,0.02516341142651644,0.17264807303424873,N/A,N/A
2,propionic_BoB_power_3_cutoff_6.0_Log,3metaldesc,ridge,0.3056116970091141,0.045865686785053476,0.26957481644390247,N/A,N/A
3,propionic_BoB_power_3_cutoff_6.0_Log,3metaldesc,lasso,0.3145449644437707,0.03302609406530478,0.3000621525203842,N/A,N/A
4,propionic_BoB_power_3_cutoff_6.0_Log,3metaldesc,elastic,0.3207123131941092,0.035068911888836644,0.28676268174444886,N/A,N/A
5,propionic_BoB_power_3_cutoff_6.0_Log,3metaldesc,gp,0.1404340076186549,0.03771524737491105,0.1542131535366656,0.6089685525107872,0.2958740394277827
