,case,subcase,algo,mean of MAEs,std of MAEs,SD of AEs,mean of Stds,std of Stds
0,propionic_BoB_power_2_cutoff_3.5_Log,2metaldesc_fullbondcnt,svr,0.17344925843323045,0.03935266268407234,0.2013185894026401,N/A,N/A
1,propionic_BoB_power_2_cutoff_3.5_Log,2metaldesc_fullbondcnt,krr,0.16728006430480435,0.024200187950031465,0.14534563357951086,N/A,N/A
2,propionic_BoB_power_2_cutoff_3.5_Log,2metaldesc_fullbondcnt,ridge,0.3053034542267501,0.038640191762305875,0.27207108522774415,N/A,N/A
3,propionic_BoB_power_2_cutoff_3.5_Log,2metaldesc_fullbondcnt,lasso,0.29693317998553953,0.0368130441815999,0.26284458609878775,N/A,N/A
4,propionic_BoB_power_2_cutoff_3.5_Log,2metaldesc_fullbondcnt,elastic,0.30786569449612977,0.044367937482640216,0.27824155477608586,N/A,N/A
5,propionic_BoB_power_2_cutoff_3.5_Log,2metaldesc_fullbondcnt,gp,0.17789874788926485,0.029740267239708466,0.21457639680155388,0.6317266392242087,0.37390851662313396
