,case,subcase,algo,mean of MAEs,std of MAEs,SD of AEs,mean of Stds,std of Stds
0,propionic_BoB_power_4_cutoff_3.0_Log,3metaldesc,svr,0.15045641946593993,0.02915379765630084,0.16592913438706486,N/A,N/A
1,propionic_BoB_power_4_cutoff_3.0_Log,3metaldesc,krr,0.15983257649453145,0.02827612598327076,0.15625630508678617,N/A,N/A
2,propionic_BoB_power_4_cutoff_3.0_Log,3metaldesc,ridge,0.32062109585214954,0.048279167002277565,0.28033020397847036,N/A,N/A
3,propionic_BoB_power_4_cutoff_3.0_Log,3metaldesc,lasso,0.3066436254885448,0.034106381946329443,0.26872868544464784,N/A,N/A
4,propionic_BoB_power_4_cutoff_3.0_Log,3metaldesc,elastic,0.29841204689966505,0.04803232198456825,0.2643072549659889,N/A,N/A
5,propionic_BoB_power_4_cutoff_3.0_Log,3metaldesc,gp,0.14314728866078,0.026775289878255264,0.15753824486823367,0.4265462848753313,0.24935473404823866
