,case,subcase,algo,mean of MAEs,std of MAEs,SD of AEs,mean of Stds,std of Stds
0,propionic_CM_power_4_cutoff_2.5_Log,2metaldesc,svr,0.33608621829803886,0.056993365026969514,0.3551350995922414,N/A,N/A
1,propionic_CM_power_4_cutoff_2.5_Log,2metaldesc,krr,0.2902441111198367,0.042290110273545595,0.2833531250722053,N/A,N/A
2,propionic_CM_power_4_cutoff_2.5_Log,2metaldesc,ridge,0.38758304454234266,0.05799304410949193,0.3357786912756656,N/A,N/A
3,propionic_CM_power_4_cutoff_2.5_Log,2metaldesc,lasso,0.3707498751906989,0.0570150304706808,0.31112892917545926,N/A,N/A
4,propionic_CM_power_4_cutoff_2.5_Log,2metaldesc,elastic,0.3764399299704762,0.054720965599663746,0.3233788642451223,N/A,N/A
5,propionic_CM_power_4_cutoff_2.5_Log,2metaldesc,gp,0.3072015162196953,0.041973044458604586,0.27971104599841673,0.040591995117846835,0.0395666925515718
