,case,subcase,algo,mean of MAEs,std of MAEs,SD of AEs,mean of Stds,std of Stds
0,propionic_BoB_power_5_cutoff_4.0_Log,3metaldesc,svr,0.15260647203724928,0.026035021163963005,0.161318569954826,N/A,N/A
1,propionic_BoB_power_5_cutoff_4.0_Log,3metaldesc,krr,0.1521112738388109,0.030016249034220465,0.17358154707791745,N/A,N/A
2,propionic_BoB_power_5_cutoff_4.0_Log,3metaldesc,ridge,0.320378876914521,0.031310213152420475,0.29122648650251204,N/A,N/A
3,propionic_BoB_power_5_cutoff_4.0_Log,3metaldesc,lasso,0.2985853524576316,0.03853821892241152,0.26446916003913656,N/A,N/A
4,propionic_BoB_power_5_cutoff_4.0_Log,3metaldesc,elastic,0.3127992446037621,0.03226360019289794,0.27609255691537216,N/A,N/A
5,propionic_BoB_power_5_cutoff_4.0_Log,3metaldesc,gp,0.14164841474232406,0.021198379142250978,0.1483063936243836,0.45460756254490825,0.2898281078807884
