,case,subcase,algo,mean of MAEs,std of MAEs,SD of AEs,mean of Stds,std of Stds
0,propionic_BoB_power_3_cutoff_3.5_Sqrt,2metaldesc_fullbondcnt,svr,0.1675309557570993,0.03893895957167901,0.18298952724240797,N/A,N/A
1,propionic_BoB_power_3_cutoff_3.5_Sqrt,2metaldesc_fullbondcnt,krr,0.16144757967182308,0.03319797280412403,0.1639703264561137,N/A,N/A
2,propionic_BoB_power_3_cutoff_3.5_Sqrt,2metaldesc_fullbondcnt,ridge,0.3019502603852389,0.039506016037968265,0.26167375194057174,N/A,N/A
3,propionic_BoB_power_3_cutoff_3.5_Sqrt,2metaldesc_fullbondcnt,lasso,0.3131740029221429,0.04385900673782277,0.2788744877487748,N/A,N/A
4,propionic_BoB_power_3_cutoff_3.5_Sqrt,2metaldesc_fullbondcnt,elastic,0.32757596943445877,0.04889890510011801,0.3133399978018945,N/A,N/A
5,propionic_BoB_power_3_cutoff_3.5_Sqrt,2metaldesc_fullbondcnt,gp,0.1579546325243649,0.03258299906124963,0.17673796628761573,0.5974118257202446,0.33323074711279466
