,case,subcase,algo,mean of MAEs,std of MAEs,SD of AEs,mean of Stds,std of Stds
0,propionic_CM_power_3_cutoff_5.5_Log,2metaldesc,svr,0.3477985978690485,0.057648170790471014,0.36519784155914997,N/A,N/A
1,propionic_CM_power_3_cutoff_5.5_Log,2metaldesc,krr,0.30997773659606975,0.05619596536407789,0.3013177298578059,N/A,N/A
2,propionic_CM_power_3_cutoff_5.5_Log,2metaldesc,ridge,0.40013702245553573,0.04488927055747023,0.34537788809975334,N/A,N/A
3,propionic_CM_power_3_cutoff_5.5_Log,2metaldesc,lasso,0.3745687229888493,0.05809921210988512,0.3412754173860458,N/A,N/A
4,propionic_CM_power_3_cutoff_5.5_Log,2metaldesc,elastic,0.3798883882462098,0.04594285840977751,0.3300314552557794,N/A,N/A
5,propionic_CM_power_3_cutoff_5.5_Log,2metaldesc,gp,0.32580825167315647,0.037436735316109825,0.31051477714457665,0.09097929891962844,0.2417212113569872
