,case,subcase,algo,mean of MAEs,std of MAEs,SD of AEs,mean of Stds,std of Stds
0,propionic_CM_power_5_cutoff_6.0_Log,2metaldesc,svr,0.33586766697553366,0.059616284274219035,0.3477383849542453,N/A,N/A
1,propionic_CM_power_5_cutoff_6.0_Log,2metaldesc,krr,0.3176340948181693,0.07268197090388434,0.3204019823353392,N/A,N/A
2,propionic_CM_power_5_cutoff_6.0_Log,2metaldesc,ridge,0.3736363674439906,0.040603828534723045,0.30931402360875726,N/A,N/A
3,propionic_CM_power_5_cutoff_6.0_Log,2metaldesc,lasso,0.3784861275047535,0.052226893546883715,0.3178365737930295,N/A,N/A
4,propionic_CM_power_5_cutoff_6.0_Log,2metaldesc,elastic,0.3660972992700855,0.04930026130509337,0.30028354926066125,N/A,N/A
5,propionic_CM_power_5_cutoff_6.0_Log,2metaldesc,gp,0.31545569116691363,0.0456451017348997,0.3066156456202757,0.05066998443118952,0.04662133048168614
