,case,subcase,algo,mean of MAEs,std of MAEs,SD of AEs,mean of Stds,std of Stds
0,propionic_CM_power_1_cutoff_4.0_Sqrt,3metaldesc_fullbondcnt,svr,0.394329383533104,0.05688082000885808,0.3518202739982483,N/A,N/A
1,propionic_CM_power_1_cutoff_4.0_Sqrt,3metaldesc_fullbondcnt,krr,0.3976145177657673,0.038502984802285214,0.36344974900180027,N/A,N/A
2,propionic_CM_power_1_cutoff_4.0_Sqrt,3metaldesc_fullbondcnt,ridge,0.32149252620952046,0.045042011584205684,0.28834312525338984,N/A,N/A
3,propionic_CM_power_1_cutoff_4.0_Sqrt,3metaldesc_fullbondcnt,lasso,0.3335380423517,0.04138386170228724,0.30780185239521646,N/A,N/A
4,propionic_CM_power_1_cutoff_4.0_Sqrt,3metaldesc_fullbondcnt,elastic,0.31627711937758,0.048248604177387,0.2878562053880343,N/A,N/A
5,propionic_CM_power_1_cutoff_4.0_Sqrt,3metaldesc_fullbondcnt,gp,0.39435494821749034,0.04255935265447356,0.3321877143159581,0.40787862264855457,0.4527066954965509
