,case,subcase,algo,mean of MAEs,std of MAEs,SD of AEs,mean of Stds,std of Stds
0,propionic_CM_power_2_cutoff_3.5_Log,3metaldesc,svr,0.3713269101197872,0.055766212384458023,0.38500797740053927,N/A,N/A
1,propionic_CM_power_2_cutoff_3.5_Log,3metaldesc,krr,0.31128124691871284,0.05839445958475544,0.3264235079452845,N/A,N/A
2,propionic_CM_power_2_cutoff_3.5_Log,3metaldesc,ridge,0.37038581844899277,0.055713944603051395,0.31951277683838536,N/A,N/A
3,propionic_CM_power_2_cutoff_3.5_Log,3metaldesc,lasso,0.3769161317364069,0.045500898253347064,0.3336731972335704,N/A,N/A
4,propionic_CM_power_2_cutoff_3.5_Log,3metaldesc,elastic,0.35713845266733885,0.03648607327141353,0.3086938288047519,N/A,N/A
5,propionic_CM_power_2_cutoff_3.5_Log,3metaldesc,gp,0.34533717068107594,0.05548330206570163,0.34116302418637134,0.0861947022389807,0.05384275657265171
