,case,subcase,algo,mean of MAEs,std of MAEs,SD of AEs,mean of Stds,std of Stds
0,propionic_CM_power_5_cutoff_6.0_Sqrt,2metaldesc_fullbondcnt,svr,0.31162208689667825,0.05323362870460786,0.3338466894669999,N/A,N/A
1,propionic_CM_power_5_cutoff_6.0_Sqrt,2metaldesc_fullbondcnt,krr,0.31028611996584343,0.05815680781702888,0.30240748973358217,N/A,N/A
2,propionic_CM_power_5_cutoff_6.0_Sqrt,2metaldesc_fullbondcnt,ridge,0.3226922153139605,0.04363055175509403,0.28805424491546977,N/A,N/A
3,propionic_CM_power_5_cutoff_6.0_Sqrt,2metaldesc_fullbondcnt,lasso,0.31878507304338305,0.03640955070959831,0.27434638252747384,N/A,N/A
4,propionic_CM_power_5_cutoff_6.0_Sqrt,2metaldesc_fullbondcnt,elastic,0.31017569398264866,0.0433634060980802,0.2828329265147617,N/A,N/A
5,propionic_CM_power_5_cutoff_6.0_Sqrt,2metaldesc_fullbondcnt,gp,0.35758833024846454,0.08533591037656661,0.3441171600761868,0.5647706787271357,0.9137225106992409
