,case,subcase,algo,mean of MAEs,std of MAEs,SD of AEs,mean of Stds,std of Stds
0,propionic_CM_power_5_cutoff_3.5_Log,2metaldesc_fullbondcnt,svr,0.25739032167072284,0.03549481486900659,0.272491132204893,N/A,N/A
1,propionic_CM_power_5_cutoff_3.5_Log,2metaldesc_fullbondcnt,krr,0.27547130692236793,0.04878966400157507,0.2497644548591007,N/A,N/A
2,propionic_CM_power_5_cutoff_3.5_Log,2metaldesc_fullbondcnt,ridge,0.3036179592953866,0.044973342077606025,0.2844979094907751,N/A,N/A
3,propionic_CM_power_5_cutoff_3.5_Log,2metaldesc_fullbondcnt,lasso,0.3062548235555498,0.040637936199402085,0.2792464317667443,N/A,N/A
4,propionic_CM_power_5_cutoff_3.5_Log,2metaldesc_fullbondcnt,elastic,0.2847443746697755,0.03605270067648738,0.2649221411240734,N/A,N/A
5,propionic_CM_power_5_cutoff_3.5_Log,2metaldesc_fullbondcnt,gp,0.2687202852618902,0.0338739203329675,0.3033105777635332,0.039457014123024464,0.07581851684825518
