,case,subcase,algo,mean of MAEs,std of MAEs,SD of AEs,mean of Stds,std of Stds
0,propionic_CM_power_2_cutoff_2.5_Sqrt,2metaldesc,svr,0.3533586819455126,0.05455355685615368,0.3436618657005515,N/A,N/A
1,propionic_CM_power_2_cutoff_2.5_Sqrt,2metaldesc,krr,0.34767295489902006,0.059635166030471844,0.3058812524234343,N/A,N/A
2,propionic_CM_power_2_cutoff_2.5_Sqrt,2metaldesc,ridge,0.400175132207939,0.04695871675760755,0.3384175310284031,N/A,N/A
3,propionic_CM_power_2_cutoff_2.5_Sqrt,2metaldesc,lasso,0.41688478983600974,0.05480739984936484,0.3660790138852195,N/A,N/A
4,propionic_CM_power_2_cutoff_2.5_Sqrt,2metaldesc,elastic,0.38525213780571976,0.05207135843419659,0.35631944873947363,N/A,N/A
5,propionic_CM_power_2_cutoff_2.5_Sqrt,2metaldesc,gp,0.39229665270435743,0.06689792925980453,0.3555333378501963,0.4295817830691383,0.791670578254311
