,case,subcase,algo,mean of MAEs,std of MAEs,SD of AEs,mean of Stds,std of Stds
0,propionic_CM_power_4_cutoff_3.5_Sqrt,2metaldesc,svr,0.3614100863522426,0.05755213339047596,0.3703465977953612,N/A,N/A
1,propionic_CM_power_4_cutoff_3.5_Sqrt,2metaldesc,krr,0.36764753729781297,0.06687531426261277,0.36080870988751285,N/A,N/A
2,propionic_CM_power_4_cutoff_3.5_Sqrt,2metaldesc,ridge,0.3874360507556351,0.05492767024197133,0.3298829384665335,N/A,N/A
3,propionic_CM_power_4_cutoff_3.5_Sqrt,2metaldesc,lasso,0.387252442252352,0.05624431319992734,0.33160934257855196,N/A,N/A
4,propionic_CM_power_4_cutoff_3.5_Sqrt,2metaldesc,elastic,0.3762899515967203,0.06041058397707428,0.344249964358935,N/A,N/A
5,propionic_CM_power_4_cutoff_3.5_Sqrt,2metaldesc,gp,0.36951815645388825,0.05199224183478608,0.3262502452800816,0.08512133238928651,0.2335711637057969
