,case,subcase,algo,mean of MAEs,std of MAEs,SD of AEs,mean of Stds,std of Stds
0,propionic_BoB_power_5_cutoff_4.0_Sqrt,2metaldesc,svr,0.17521589864579948,0.028909311394131006,0.2219214963254189,N/A,N/A
1,propionic_BoB_power_5_cutoff_4.0_Sqrt,2metaldesc,krr,0.1551106063233035,0.03497302566617568,0.17345868164200043,N/A,N/A
2,propionic_BoB_power_5_cutoff_4.0_Sqrt,2metaldesc,ridge,0.3016095312478011,0.047131581500695185,0.26828258922503306,N/A,N/A
3,propionic_BoB_power_5_cutoff_4.0_Sqrt,2metaldesc,lasso,0.29745182692394123,0.04020480075868329,0.25638649664836405,N/A,N/A
4,propionic_BoB_power_5_cutoff_4.0_Sqrt,2metaldesc,elastic,0.3238758989437413,0.037507487326289425,0.2956825643906227,N/A,N/A
5,propionic_BoB_power_5_cutoff_4.0_Sqrt,2metaldesc,gp,0.16024814758344325,0.02470931829624572,0.1854486635175507,0.2839128393846542,0.2928789510401593
