,case,subcase,algo,mean of MAEs,std of MAEs,SD of AEs,mean of Stds,std of Stds
0,propionic_CM_power_2_cutoff_3.5_Log,2metaldesc,svr,0.3760742788294934,0.07938719043540547,0.43137663810016,N/A,N/A
1,propionic_CM_power_2_cutoff_3.5_Log,2metaldesc,krr,0.29454550492342074,0.04477498184636452,0.30004213851307127,N/A,N/A
2,propionic_CM_power_2_cutoff_3.5_Log,2metaldesc,ridge,0.3826857917886997,0.04694767945609427,0.33961458361662666,N/A,N/A
3,propionic_CM_power_2_cutoff_3.5_Log,2metaldesc,lasso,0.3803930995990622,0.04403458091484749,0.3369303822265231,N/A,N/A
4,propionic_CM_power_2_cutoff_3.5_Log,2metaldesc,elastic,0.3656548397518944,0.04430294177119866,0.30715231438346563,N/A,N/A
5,propionic_CM_power_2_cutoff_3.5_Log,2metaldesc,gp,0.32869681058006983,0.032159622731807246,0.31707116138707786,0.09666790638284979,0.0625839708336419
