,case,subcase,algo,mean of MAEs,std of MAEs,SD of AEs,mean of Stds,std of Stds
0,propionic_BoB_power_3_cutoff_2.5_Log,2metaldesc,svr,0.18372069789501436,0.04647495688421866,0.22753047444015362,N/A,N/A
1,propionic_BoB_power_3_cutoff_2.5_Log,2metaldesc,krr,0.18626777404245726,0.0392785713870691,0.18253501473039366,N/A,N/A
2,propionic_BoB_power_3_cutoff_2.5_Log,2metaldesc,ridge,0.31385333165479323,0.04137393269530566,0.2769386074953591,N/A,N/A
3,propionic_BoB_power_3_cutoff_2.5_Log,2metaldesc,lasso,0.30698290926326366,0.04244342266035259,0.2651280856547056,N/A,N/A
4,propionic_BoB_power_3_cutoff_2.5_Log,2metaldesc,elastic,0.3088099596483502,0.04051200954214666,0.26917670897202983,N/A,N/A
5,propionic_BoB_power_3_cutoff_2.5_Log,2metaldesc,gp,0.17022056408276282,0.0348384924727023,0.17039051347798076,0.26913183187755924,0.3091419396314069
