,case,subcase,algo,mean of MAEs,std of MAEs,SD of AEs,mean of Stds,std of Stds
0,propionic_BoB_power_1_cutoff_5.0_Log,2metaldesc,svr,0.20642340705035633,0.038027653479599965,0.21284386588431123,N/A,N/A
1,propionic_BoB_power_1_cutoff_5.0_Log,2metaldesc,krr,0.219582843152263,0.039425490757474056,0.21588071158330616,N/A,N/A
2,propionic_BoB_power_1_cutoff_5.0_Log,2metaldesc,ridge,0.2978168862209023,0.03419556820079916,0.2624212605484702,N/A,N/A
3,propionic_BoB_power_1_cutoff_5.0_Log,2metaldesc,lasso,0.29601877260501097,0.04623920770760625,0.2668455131158942,N/A,N/A
4,propionic_BoB_power_1_cutoff_5.0_Log,2metaldesc,elastic,0.3067910879343516,0.044181292164861996,0.27169982098559364,N/A,N/A
5,propionic_BoB_power_1_cutoff_5.0_Log,2metaldesc,gp,0.21891731420402002,0.03999812465096966,0.22699693485080522,0.5619039412066401,0.4355849584363069
