,case,subcase,algo,mean of MAEs,std of MAEs,SD of AEs,mean of Stds,std of Stds
0,propionic_BoB_power_2_cutoff_2.5_Log,3metaldesc,svr,0.15498989491973264,0.037002437789676115,0.17103541519899434,N/A,N/A
1,propionic_BoB_power_2_cutoff_2.5_Log,3metaldesc,krr,0.16886890677617714,0.022690774100093857,0.15758993098622034,N/A,N/A
2,propionic_BoB_power_2_cutoff_2.5_Log,3metaldesc,ridge,0.3091718152811518,0.041788183648677556,0.26768376381336073,N/A,N/A
3,propionic_BoB_power_2_cutoff_2.5_Log,3metaldesc,lasso,0.3026690118528677,0.0387255015705373,0.26670898419510447,N/A,N/A
4,propionic_BoB_power_2_cutoff_2.5_Log,3metaldesc,elastic,0.30534736977612215,0.03442820080424732,0.2708626730048147,N/A,N/A
5,propionic_BoB_power_2_cutoff_2.5_Log,3metaldesc,gp,0.15228894037066137,0.025541632804794673,0.16140616471954836,0.6363128065728619,0.4672917629642534
