,case,subcase,algo,mean of MAEs,std of MAEs,SD of AEs,mean of Stds,std of Stds
0,propionic_CM_power_2_cutoff_2.5_Log,3metaldesc,svr,0.33327298133866173,0.059498011454179156,0.3398054701908627,N/A,N/A
1,propionic_CM_power_2_cutoff_2.5_Log,3metaldesc,krr,0.28958445079652295,0.04769133133307481,0.28090019540805317,N/A,N/A
2,propionic_CM_power_2_cutoff_2.5_Log,3metaldesc,ridge,0.38892803584062674,0.05234239133778361,0.34287715332844165,N/A,N/A
3,propionic_CM_power_2_cutoff_2.5_Log,3metaldesc,lasso,0.38083328330911614,0.0470147277219487,0.32107989858796226,N/A,N/A
4,propionic_CM_power_2_cutoff_2.5_Log,3metaldesc,elastic,0.3672749905275489,0.05575463230276877,0.30857920858284094,N/A,N/A
5,propionic_CM_power_2_cutoff_2.5_Log,3metaldesc,gp,0.32186188219887873,0.05408784829396868,0.33143623522421206,0.08668956859660223,0.15387930889694523
