,case,subcase,algo,mean of MAEs,std of MAEs,SD of AEs,mean of Stds,std of Stds
0,propionic_CM_power_5_cutoff_4.5_Sqrt,3metaldesc,svr,0.3882397892658647,0.062247297133576004,0.4220521544646279,N/A,N/A
1,propionic_CM_power_5_cutoff_4.5_Sqrt,3metaldesc,krr,0.3769464872747473,0.08114039847476716,0.3859207990893732,N/A,N/A
2,propionic_CM_power_5_cutoff_4.5_Sqrt,3metaldesc,ridge,0.38042143994825106,0.04475337015350247,0.30505726990915494,N/A,N/A
3,propionic_CM_power_5_cutoff_4.5_Sqrt,3metaldesc,lasso,0.3907726127969998,0.04862288881986017,0.3235438910652393,N/A,N/A
4,propionic_CM_power_5_cutoff_4.5_Sqrt,3metaldesc,elastic,0.38219694067513993,0.043060950862825235,0.30316464078186195,N/A,N/A
5,propionic_CM_power_5_cutoff_4.5_Sqrt,3metaldesc,gp,0.3874474067543916,0.06228897057915127,0.3535582950174239,0.044367204747625545,0.02485553251276269
