,case,subcase,algo,mean of MAEs,std of MAEs,SD of AEs,mean of Stds,std of Stds
0,propionic_CM_power_4_cutoff_5.5_Log,2metaldesc_fullbondcnt,svr,0.29974842197130375,0.06211687097989697,0.30651975801222064,N/A,N/A
1,propionic_CM_power_4_cutoff_5.5_Log,2metaldesc_fullbondcnt,krr,0.28757350844167334,0.0504520910531859,0.28002045753887983,N/A,N/A
2,propionic_CM_power_4_cutoff_5.5_Log,2metaldesc_fullbondcnt,ridge,0.29697598536272213,0.04456867287888182,0.27092044485676947,N/A,N/A
3,propionic_CM_power_4_cutoff_5.5_Log,2metaldesc_fullbondcnt,lasso,0.3105731204290155,0.04527438048221006,0.2888414913495855,N/A,N/A
4,propionic_CM_power_4_cutoff_5.5_Log,2metaldesc_fullbondcnt,elastic,0.3204923034724164,0.04162721317866241,0.2938127855891924,N/A,N/A
5,propionic_CM_power_4_cutoff_5.5_Log,2metaldesc_fullbondcnt,gp,0.27764310725225816,0.036201166548104007,0.291485800692819,0.08815104542026994,0.14128467115405993
