,case,subcase,algo,mean of MAEs,std of MAEs,SD of AEs,mean of Stds,std of Stds
0,propionic_CM_power_5_cutoff_4.0_Sqrt,3metaldesc,svr,0.3794758155261181,0.0729251160291199,0.37804166784368676,N/A,N/A
1,propionic_CM_power_5_cutoff_4.0_Sqrt,3metaldesc,krr,0.3766256512343631,0.05939343612798952,0.381981012257136,N/A,N/A
2,propionic_CM_power_5_cutoff_4.0_Sqrt,3metaldesc,ridge,0.3840547748196927,0.039767499868993195,0.3128114429122185,N/A,N/A
3,propionic_CM_power_5_cutoff_4.0_Sqrt,3metaldesc,lasso,0.39494074745547136,0.04450624302759185,0.327961401463115,N/A,N/A
4,propionic_CM_power_5_cutoff_4.0_Sqrt,3metaldesc,elastic,0.37753908919390433,0.05672087095075216,0.3095554714535329,N/A,N/A
5,propionic_CM_power_5_cutoff_4.0_Sqrt,3metaldesc,gp,0.3413756333896302,0.04280300427821754,0.29965286320414025,0.03878967399750242,0.007213596475650932
