,case,subcase,algo,mean of MAEs,std of MAEs,SD of AEs,mean of Stds,std of Stds
0,propionic_BoB_power_2_cutoff_4.5_Sqrt,3metaldesc,svr,0.17369494510856,0.0356938462638264,0.1994966986249428,N/A,N/A
1,propionic_BoB_power_2_cutoff_4.5_Sqrt,3metaldesc,krr,0.1944508439657474,0.026949485030301056,0.18938101268605992,N/A,N/A
2,propionic_BoB_power_2_cutoff_4.5_Sqrt,3metaldesc,ridge,0.3201409685698327,0.042119243828888306,0.27493017070132003,N/A,N/A
3,propionic_BoB_power_2_cutoff_4.5_Sqrt,3metaldesc,lasso,0.3111982058195463,0.039712405630502545,0.2663982203306259,N/A,N/A
4,propionic_BoB_power_2_cutoff_4.5_Sqrt,3metaldesc,elastic,0.31085146592719826,0.03937315692307007,0.28727998963716617,N/A,N/A
5,propionic_BoB_power_2_cutoff_4.5_Sqrt,3metaldesc,gp,0.1818138342457999,0.032304275718607084,0.1823068521130144,0.2862087466177499,0.20307347151587013
