,case,subcase,algo,mean of MAEs,std of MAEs,SD of AEs,mean of Stds,std of Stds
0,propionic_CM_power_2_cutoff_3.0_Sqrt,2metaldesc,svr,0.36237053518708884,0.05572579744755685,0.3164895277514534,N/A,N/A
1,propionic_CM_power_2_cutoff_3.0_Sqrt,2metaldesc,krr,0.3382128263534575,0.04578339601098795,0.29050482698325475,N/A,N/A
2,propionic_CM_power_2_cutoff_3.0_Sqrt,2metaldesc,ridge,0.3983253099210887,0.0464802642585305,0.34326348453265243,N/A,N/A
3,propionic_CM_power_2_cutoff_3.0_Sqrt,2metaldesc,lasso,0.3790647477549905,0.05717372779255104,0.33056152840811315,N/A,N/A
4,propionic_CM_power_2_cutoff_3.0_Sqrt,2metaldesc,elastic,0.3789985257442056,0.03910315723871291,0.3392622210661403,N/A,N/A
5,propionic_CM_power_2_cutoff_3.0_Sqrt,2metaldesc,gp,0.3888000146579387,0.055438764674212306,0.3637412638020809,0.6287502403729403,0.6278281689282909
