,case,subcase,algo,mean of MAEs,std of MAEs,SD of AEs,mean of Stds,std of Stds
0,propionic_BoB_power_2_cutoff_4.0_Log,3metaldesc,svr,0.141474808449361,0.027882189994122165,0.14994999856737146,N/A,N/A
1,propionic_BoB_power_2_cutoff_4.0_Log,3metaldesc,krr,0.17693433700423764,0.03228948096911229,0.1822450478482773,N/A,N/A
2,propionic_BoB_power_2_cutoff_4.0_Log,3metaldesc,ridge,0.3084138905377549,0.035881390742932034,0.28251887368554535,N/A,N/A
3,propionic_BoB_power_2_cutoff_4.0_Log,3metaldesc,lasso,0.289958398178558,0.052335868376717304,0.2663957836503304,N/A,N/A
4,propionic_BoB_power_2_cutoff_4.0_Log,3metaldesc,elastic,0.3100668076637396,0.04042626501679984,0.2794538501985709,N/A,N/A
5,propionic_BoB_power_2_cutoff_4.0_Log,3metaldesc,gp,0.13735759661688457,0.027460947152788788,0.14480755074622612,0.6908168202982953,0.36604335299641694
