,case,subcase,algo,mean of MAEs,std of MAEs,SD of AEs,mean of Stds,std of Stds
0,propionic_BoB_power_2_cutoff_6.0_Log,3metaldesc_fullbondcnt,svr,0.15535778817130216,0.03887524876143428,0.17812744461592794,N/A,N/A
1,propionic_BoB_power_2_cutoff_6.0_Log,3metaldesc_fullbondcnt,krr,0.18410071762579336,0.03183179542157652,0.17664952615895105,N/A,N/A
2,propionic_BoB_power_2_cutoff_6.0_Log,3metaldesc_fullbondcnt,ridge,0.2927904086256233,0.03275123986476731,0.25614276961861193,N/A,N/A
3,propionic_BoB_power_2_cutoff_6.0_Log,3metaldesc_fullbondcnt,lasso,0.31041637047671394,0.04858275726110022,0.2888436263109567,N/A,N/A
4,propionic_BoB_power_2_cutoff_6.0_Log,3metaldesc_fullbondcnt,elastic,0.33907713380008153,0.03929848721127103,0.2799179126089324,N/A,N/A
5,propionic_BoB_power_2_cutoff_6.0_Log,3metaldesc_fullbondcnt,gp,0.14853847456955438,0.022836289740812445,0.1536276155128309,0.8079982578028768,0.3194819062986265
