,case,subcase,algo,mean of MAEs,std of MAEs,SD of AEs,mean of Stds,std of Stds
0,propionic_CM_power_5_cutoff_4.0_Log,2metaldesc,svr,0.33998269376751833,0.04608077889545309,0.34653728878979645,N/A,N/A
1,propionic_CM_power_5_cutoff_4.0_Log,2metaldesc,krr,0.31067326469598316,0.05921627215936505,0.3023548817674567,N/A,N/A
2,propionic_CM_power_5_cutoff_4.0_Log,2metaldesc,ridge,0.3799007406082904,0.04463021249803611,0.32690191206587876,N/A,N/A
3,propionic_CM_power_5_cutoff_4.0_Log,2metaldesc,lasso,0.3997786600995346,0.03794017135430434,0.34325845107426106,N/A,N/A
4,propionic_CM_power_5_cutoff_4.0_Log,2metaldesc,elastic,0.39569366929001015,0.037264302905675346,0.32603062140385725,N/A,N/A
5,propionic_CM_power_5_cutoff_4.0_Log,2metaldesc,gp,0.31036573238895493,0.05304801735905778,0.32886707835491114,0.03893545454899049,0.04230058511988584
