,case,subcase,algo,mean of MAEs,std of MAEs,SD of AEs,mean of Stds,std of Stds
0,propionic_BoB_power_3_cutoff_4.0_Log,3metaldesc,svr,0.13981660137089919,0.026097405135179975,0.1365768476609248,N/A,N/A
1,propionic_BoB_power_3_cutoff_4.0_Log,3metaldesc,krr,0.16225771037017422,0.030326009190694194,0.17583154061291556,N/A,N/A
2,propionic_BoB_power_3_cutoff_4.0_Log,3metaldesc,ridge,0.30797015257972954,0.03095021068524667,0.2757152290883678,N/A,N/A
3,propionic_BoB_power_3_cutoff_4.0_Log,3metaldesc,lasso,0.3044983938323044,0.03422504145043632,0.2726841638279263,N/A,N/A
4,propionic_BoB_power_3_cutoff_4.0_Log,3metaldesc,elastic,0.3133177435413131,0.04273120341286571,0.2908735593776668,N/A,N/A
5,propionic_BoB_power_3_cutoff_4.0_Log,3metaldesc,gp,0.13863059988160029,0.029291368984184572,0.16669041951631947,0.6100294740299087,0.3889412185221154
