,case,subcase,algo,mean of MAEs,std of MAEs,SD of AEs,mean of Stds,std of Stds
0,propionic_CM_power_4_cutoff_3.0_Sqrt,2metaldesc,svr,0.4022788953020327,0.09466169219194151,0.4407366624859249,N/A,N/A
1,propionic_CM_power_4_cutoff_3.0_Sqrt,2metaldesc,krr,0.34745652748317535,0.060298754660136254,0.3378463166588577,N/A,N/A
2,propionic_CM_power_4_cutoff_3.0_Sqrt,2metaldesc,ridge,0.3628481518632863,0.057648747113858735,0.3131309130773063,N/A,N/A
3,propionic_CM_power_4_cutoff_3.0_Sqrt,2metaldesc,lasso,0.3537788461781329,0.04290252478557812,0.3104304183387464,N/A,N/A
4,propionic_CM_power_4_cutoff_3.0_Sqrt,2metaldesc,elastic,0.3801800806937639,0.046263040689285974,0.32868406750905593,N/A,N/A
5,propionic_CM_power_4_cutoff_3.0_Sqrt,2metaldesc,gp,0.35490815374769424,0.0653190802265849,0.32414943878841757,0.03787205692141362,0.010587683261627293
