,case,subcase,algo,mean of MAEs,std of MAEs,SD of AEs,mean of Stds,std of Stds
0,propionic_BoB_power_5_cutoff_4.5_Log,2metaldesc_metalbondcnt,svr,0.1791315943177077,0.04355664025926428,0.27152901396203916,N/A,N/A
1,propionic_BoB_power_5_cutoff_4.5_Log,2metaldesc_metalbondcnt,krr,0.1690064942677262,0.027410166234936598,0.18780578788166644,N/A,N/A
2,propionic_BoB_power_5_cutoff_4.5_Log,2metaldesc_metalbondcnt,ridge,0.29870654643825273,0.044304112537119494,0.2623846192284374,N/A,N/A
3,propionic_BoB_power_5_cutoff_4.5_Log,2metaldesc_metalbondcnt,lasso,0.2987691604527527,0.04044789134487923,0.25469617324784555,N/A,N/A
4,propionic_BoB_power_5_cutoff_4.5_Log,2metaldesc_metalbondcnt,elastic,0.29942696097152927,0.04275856494395789,0.23462885325211816,N/A,N/A
5,propionic_BoB_power_5_cutoff_4.5_Log,2metaldesc_metalbondcnt,gp,0.14488468645409774,0.032567496230403045,0.17317586108362742,0.40829457627352106,0.2576252014633073
