,case,subcase,algo,mean of MAEs,std of MAEs,SD of AEs,mean of Stds,std of Stds
0,propionic_CM_power_1_cutoff_6.0_Sqrt,3metaldesc,svr,0.5105847206831703,0.06353501137420223,0.464650392197831,N/A,N/A
1,propionic_CM_power_1_cutoff_6.0_Sqrt,3metaldesc,krr,0.4784522071039754,0.059470404033931355,0.4312121005186563,N/A,N/A
2,propionic_CM_power_1_cutoff_6.0_Sqrt,3metaldesc,ridge,0.4838972732906748,0.06935275649845146,0.41728623755148186,N/A,N/A
3,propionic_CM_power_1_cutoff_6.0_Sqrt,3metaldesc,lasso,0.4731887062090959,0.059994962598209155,0.41129785738493807,N/A,N/A
4,propionic_CM_power_1_cutoff_6.0_Sqrt,3metaldesc,elastic,0.4257222114040431,0.06217015795688629,0.3949300180681626,N/A,N/A
5,propionic_CM_power_1_cutoff_6.0_Sqrt,3metaldesc,gp,0.5511678901775536,0.11900718548149815,0.49797311018308327,1.0738031265671864,1.001049482337483
