,case,subcase,algo,mean of MAEs,std of MAEs,SD of AEs,mean of Stds,std of Stds
0,propionic_CM_power_5_cutoff_5.0_Log,3metaldesc,svr,0.3179674686371097,0.0611056366768213,0.32840797403612193,N/A,N/A
1,propionic_CM_power_5_cutoff_5.0_Log,3metaldesc,krr,0.32018313936377196,0.06564864972723537,0.3261672050805883,N/A,N/A
2,propionic_CM_power_5_cutoff_5.0_Log,3metaldesc,ridge,0.38385756198721244,0.04432850318800831,0.31473884374995126,N/A,N/A
3,propionic_CM_power_5_cutoff_5.0_Log,3metaldesc,lasso,0.39671445043900716,0.05453158581902102,0.3270822118270647,N/A,N/A
4,propionic_CM_power_5_cutoff_5.0_Log,3metaldesc,elastic,0.37434584795810394,0.042775656837603565,0.3167788337779005,N/A,N/A
5,propionic_CM_power_5_cutoff_5.0_Log,3metaldesc,gp,0.31402269511123637,0.063543963278689,0.32078337812584634,0.03979780420608141,0.03993729808578914
