,case,subcase,algo,mean of MAEs,std of MAEs,SD of AEs,mean of Stds,std of Stds
0,propionic_CM_power_4_cutoff_4.5_Log,2metaldesc,svr,0.3141041598411086,0.05098427377696892,0.3273062263498253,N/A,N/A
1,propionic_CM_power_4_cutoff_4.5_Log,2metaldesc,krr,0.30717458409671056,0.058748325854950205,0.3124623292592918,N/A,N/A
2,propionic_CM_power_4_cutoff_4.5_Log,2metaldesc,ridge,0.3950692696316052,0.05420154405762045,0.3257600468938801,N/A,N/A
3,propionic_CM_power_4_cutoff_4.5_Log,2metaldesc,lasso,0.38812368179822954,0.06078151236549073,0.31922489926158376,N/A,N/A
4,propionic_CM_power_4_cutoff_4.5_Log,2metaldesc,elastic,0.37883178371820164,0.049130767253141375,0.32792648351215703,N/A,N/A
5,propionic_CM_power_4_cutoff_4.5_Log,2metaldesc,gp,0.2974381961311812,0.053763426102419395,0.30613310394562493,0.06749434175865615,0.046188351155797155
