,case,subcase,algo,mean of MAEs,std of MAEs,SD of AEs,mean of Stds,std of Stds
0,propionic_CM_power_3_cutoff_5.5_Sqrt,3metaldesc,svr,0.36035643451614713,0.06768113526533782,0.3410149867105944,N/A,N/A
1,propionic_CM_power_3_cutoff_5.5_Sqrt,3metaldesc,krr,0.3558795007536611,0.04058467488501315,0.31347086119222545,N/A,N/A
2,propionic_CM_power_3_cutoff_5.5_Sqrt,3metaldesc,ridge,0.38322853508974264,0.06073717053293552,0.3600366906813591,N/A,N/A
3,propionic_CM_power_3_cutoff_5.5_Sqrt,3metaldesc,lasso,0.3763360293137973,0.07021493861114737,0.3631028472610319,N/A,N/A
4,propionic_CM_power_3_cutoff_5.5_Sqrt,3metaldesc,elastic,0.3506632188679813,0.051482722764758695,0.33420350362944373,N/A,N/A
5,propionic_CM_power_3_cutoff_5.5_Sqrt,3metaldesc,gp,0.3730099409573257,0.04416458844503077,0.32623924362849877,0.5341533652072081,1.0408913195031457
