,case,subcase,algo,mean of MAEs,std of MAEs,SD of AEs,mean of Stds,std of Stds
0,propionic_CM_power_2_cutoff_4.0_Log,3metaldesc,svr,0.37900199695460657,0.07233790844352234,0.4071705548779174,N/A,N/A
1,propionic_CM_power_2_cutoff_4.0_Log,3metaldesc,krr,0.2978365410418668,0.05526353377216927,0.316395856752156,N/A,N/A
2,propionic_CM_power_2_cutoff_4.0_Log,3metaldesc,ridge,0.36108462968533844,0.04782511793228831,0.32813133506366565,N/A,N/A
3,propionic_CM_power_2_cutoff_4.0_Log,3metaldesc,lasso,0.3835721684432684,0.03577975934652572,0.35774643999471584,N/A,N/A
4,propionic_CM_power_2_cutoff_4.0_Log,3metaldesc,elastic,0.3727586138931079,0.04629337820871919,0.31444864027759106,N/A,N/A
5,propionic_CM_power_2_cutoff_4.0_Log,3metaldesc,gp,0.3488729566590038,0.05350411988770379,0.3301761337488273,0.08121187494382295,0.0531170231755604
