,case,subcase,algo,mean of MAEs,std of MAEs,SD of AEs,mean of Stds,std of Stds
0,propionic_CM_power_1_cutoff_3.5_Sqrt,3metaldesc,svr,0.4029783614570418,0.04983228674276635,0.33766992266342566,N/A,N/A
1,propionic_CM_power_1_cutoff_3.5_Sqrt,3metaldesc,krr,0.4223108207265802,0.053172016546423756,0.3660019124872031,N/A,N/A
2,propionic_CM_power_1_cutoff_3.5_Sqrt,3metaldesc,ridge,0.5377657953235644,0.06268784964668332,0.3868791123218347,N/A,N/A
3,propionic_CM_power_1_cutoff_3.5_Sqrt,3metaldesc,lasso,0.5339967904669504,0.05592431826084567,0.412031275810762,N/A,N/A
4,propionic_CM_power_1_cutoff_3.5_Sqrt,3metaldesc,elastic,0.5089563318565493,0.05892130331205115,0.39760925525314406,N/A,N/A
5,propionic_CM_power_1_cutoff_3.5_Sqrt,3metaldesc,gp,0.38999745370959554,0.06171967465621198,0.35222148855274144,0.5793765587267388,0.4555609910014404
