,case,subcase,algo,mean of MAEs,std of MAEs,SD of AEs,mean of Stds,std of Stds
0,propionic_BoB_power_5_cutoff_3.0_Log,3metaldesc,svr,0.16134430713750247,0.02950837660896612,0.18919824479105984,N/A,N/A
1,propionic_BoB_power_5_cutoff_3.0_Log,3metaldesc,krr,0.1600464334581684,0.02757097118223535,0.1644548743549344,N/A,N/A
2,propionic_BoB_power_5_cutoff_3.0_Log,3metaldesc,ridge,0.3252718708304766,0.041817100055359026,0.27839326680839216,N/A,N/A
3,propionic_BoB_power_5_cutoff_3.0_Log,3metaldesc,lasso,0.31850777896945737,0.05388368914750039,0.2856763705155435,N/A,N/A
4,propionic_BoB_power_5_cutoff_3.0_Log,3metaldesc,elastic,0.2968005111513465,0.03967559531605268,0.26291087862342305,N/A,N/A
5,propionic_BoB_power_5_cutoff_3.0_Log,3metaldesc,gp,0.1408437288163546,0.020370966432709515,0.13640405326020144,0.4345961288294095,0.281162724861369
