,case,subcase,algo,mean of MAEs,std of MAEs,SD of AEs,mean of Stds,std of Stds
0,propionic_BoB_power_4_cutoff_5.0_Log,3metaldesc_metalbondcnt,svr,0.14670175791812254,0.026368601530298564,0.14920967828917664,N/A,N/A
1,propionic_BoB_power_4_cutoff_5.0_Log,3metaldesc_metalbondcnt,krr,0.15092226748718315,0.019499291591148944,0.13564835915290405,N/A,N/A
2,propionic_BoB_power_4_cutoff_5.0_Log,3metaldesc_metalbondcnt,ridge,0.30279449307596656,0.04468660454171933,0.28547449281440174,N/A,N/A
3,propionic_BoB_power_4_cutoff_5.0_Log,3metaldesc_metalbondcnt,lasso,0.29212442815153206,0.04403006260211229,0.2688765116105135,N/A,N/A
4,propionic_BoB_power_4_cutoff_5.0_Log,3metaldesc_metalbondcnt,elastic,0.29993721230265513,0.03924816013557011,0.26415128460118287,N/A,N/A
5,propionic_BoB_power_4_cutoff_5.0_Log,3metaldesc_metalbondcnt,gp,0.15228999732637596,0.03839005625228756,0.18407797077717994,0.6232781244951006,0.24512917882538798
