,case,subcase,algo,mean of MAEs,std of MAEs,SD of AEs,mean of Stds,std of Stds
0,propionic_CM_power_3_cutoff_5.5_Log,3metaldesc,svr,0.3230859142441054,0.055917602393513996,0.3304993728902825,N/A,N/A
1,propionic_CM_power_3_cutoff_5.5_Log,3metaldesc,krr,0.2937447109492629,0.0528772671375076,0.29034526307782393,N/A,N/A
2,propionic_CM_power_3_cutoff_5.5_Log,3metaldesc,ridge,0.3770144467664348,0.04854501127637441,0.32909177432926157,N/A,N/A
3,propionic_CM_power_3_cutoff_5.5_Log,3metaldesc,lasso,0.38369502520239024,0.05377861105289006,0.33768793718570295,N/A,N/A
4,propionic_CM_power_3_cutoff_5.5_Log,3metaldesc,elastic,0.3850307511000816,0.04447869736421111,0.32674728185461693,N/A,N/A
5,propionic_CM_power_3_cutoff_5.5_Log,3metaldesc,gp,0.3340058345140509,0.04790897334156862,0.30984962181604003,0.04545577132352428,0.037522452735915465
