,case,subcase,algo,mean of MAEs,std of MAEs,SD of AEs,mean of Stds,std of Stds
0,propionic_BoB_power_5_cutoff_5.0_Log,2metaldesc,svr,0.16236736299864613,0.036541877064447816,0.20784662598131776,N/A,N/A
1,propionic_BoB_power_5_cutoff_5.0_Log,2metaldesc,krr,0.1607205818683935,0.021095918959496612,0.1583815027401416,N/A,N/A
2,propionic_BoB_power_5_cutoff_5.0_Log,2metaldesc,ridge,0.3139939427239963,0.05071279435755054,0.2818985584136961,N/A,N/A
3,propionic_BoB_power_5_cutoff_5.0_Log,2metaldesc,lasso,0.3017991983032574,0.04276146367042706,0.2639927305191148,N/A,N/A
4,propionic_BoB_power_5_cutoff_5.0_Log,2metaldesc,elastic,0.31063411718688505,0.03392743787868625,0.26855980332345064,N/A,N/A
5,propionic_BoB_power_5_cutoff_5.0_Log,2metaldesc,gp,0.15136061638954063,0.028426583892969003,0.16521772310519534,0.36732727944901633,0.27527672829521554
