,case,subcase,algo,mean of MAEs,std of MAEs,SD of AEs,mean of Stds,std of Stds
0,propionic_CM_power_1_cutoff_6.0_Sqrt,2metaldesc,svr,0.5174686791666825,0.08395772868060099,0.42928484317227633,N/A,N/A
1,propionic_CM_power_1_cutoff_6.0_Sqrt,2metaldesc,krr,0.46525933185775564,0.06468461440649792,0.3998429366796541,N/A,N/A
2,propionic_CM_power_1_cutoff_6.0_Sqrt,2metaldesc,ridge,0.5011160277053459,0.07222813865148718,0.4374555927025766,N/A,N/A
3,propionic_CM_power_1_cutoff_6.0_Sqrt,2metaldesc,lasso,0.4926706885860729,0.0626286081035674,0.4241898094306593,N/A,N/A
4,propionic_CM_power_1_cutoff_6.0_Sqrt,2metaldesc,elastic,0.4480027216677817,0.07032393635866271,0.404933950763694,N/A,N/A
5,propionic_CM_power_1_cutoff_6.0_Sqrt,2metaldesc,gp,0.5198813046416837,0.07569612557304774,0.4447898377732707,1.3847206095461644,1.1976701533910397
