,case,subcase,algo,mean of MAEs,std of MAEs,SD of AEs,mean of Stds,std of Stds
0,propionic_BoB_power_2_cutoff_3.5_Sqrt,3metaldesc_metalbondcnt,svr,0.13657169273295636,0.02778929453107516,0.1469056697244926,N/A,N/A
1,propionic_BoB_power_2_cutoff_3.5_Sqrt,3metaldesc_metalbondcnt,krr,0.1722551433003975,0.030999806959376434,0.17154357089109057,N/A,N/A
2,propionic_BoB_power_2_cutoff_3.5_Sqrt,3metaldesc_metalbondcnt,ridge,0.30743797857046706,0.06275010056651027,0.27962094036928226,N/A,N/A
3,propionic_BoB_power_2_cutoff_3.5_Sqrt,3metaldesc_metalbondcnt,lasso,0.30225932522191346,0.035786552750566296,0.26243622247315757,N/A,N/A
4,propionic_BoB_power_2_cutoff_3.5_Sqrt,3metaldesc_metalbondcnt,elastic,0.29897400768812515,0.03937991452377058,0.25303188313389186,N/A,N/A
5,propionic_BoB_power_2_cutoff_3.5_Sqrt,3metaldesc_metalbondcnt,gp,0.1641207758706547,0.04435915389343996,0.22530089246972865,0.5376825092177604,0.5819640483092785
