,case,subcase,algo,mean of MAEs,std of MAEs,SD of AEs,mean of Stds,std of Stds
0,propionic_CM_power_2_cutoff_5.5_Log,2metaldesc,svr,0.40012608561800606,0.06180170316755286,0.3792854805697711,N/A,N/A
1,propionic_CM_power_2_cutoff_5.5_Log,2metaldesc,krr,0.3041548619926654,0.05673217127891561,0.3196058646477219,N/A,N/A
2,propionic_CM_power_2_cutoff_5.5_Log,2metaldesc,ridge,0.3833903073247433,0.045593375972932705,0.36897134540488646,N/A,N/A
3,propionic_CM_power_2_cutoff_5.5_Log,2metaldesc,lasso,0.3819007674151237,0.05943922773921551,0.3558437258302104,N/A,N/A
4,propionic_CM_power_2_cutoff_5.5_Log,2metaldesc,elastic,0.3720123905323106,0.04966805170264012,0.32696350237911037,N/A,N/A
5,propionic_CM_power_2_cutoff_5.5_Log,2metaldesc,gp,0.34003288968419826,0.046700424614933705,0.3235715726294147,0.08924605341401072,0.08565965141639897
