,case,subcase,algo,mean of MAEs,std of MAEs,SD of AEs,mean of Stds,std of Stds
0,propionic_BoB_power_2_cutoff_6.0_Log,2metaldesc,svr,0.17626489943197476,0.043312464733299805,0.19651459021087617,N/A,N/A
1,propionic_BoB_power_2_cutoff_6.0_Log,2metaldesc,krr,0.20350904443635776,0.03878478467329994,0.20708867500906683,N/A,N/A
2,propionic_BoB_power_2_cutoff_6.0_Log,2metaldesc,ridge,0.3148614630929507,0.035577121840209364,0.27186298268525727,N/A,N/A
3,propionic_BoB_power_2_cutoff_6.0_Log,2metaldesc,lasso,0.3086261938096826,0.04773155805409459,0.28548729478073187,N/A,N/A
4,propionic_BoB_power_2_cutoff_6.0_Log,2metaldesc,elastic,0.2949028130196736,0.04002542825133938,0.2588894633549452,N/A,N/A
5,propionic_BoB_power_2_cutoff_6.0_Log,2metaldesc,gp,0.17434753736712075,0.037087007001411175,0.16810275914106096,0.7588219889978747,0.3623314348879046
