,case,subcase,algo,mean of MAEs,std of MAEs,SD of AEs,mean of Stds,std of Stds
0,propionic_CM_power_3_cutoff_5.5_Sqrt,3metaldesc_metalbondcnt,svr,0.36013792457283017,0.060955480471000335,0.33176057164760653,N/A,N/A
1,propionic_CM_power_3_cutoff_5.5_Sqrt,3metaldesc_metalbondcnt,krr,0.3512695741583527,0.06491311202764054,0.32155834365145364,N/A,N/A
2,propionic_CM_power_3_cutoff_5.5_Sqrt,3metaldesc_metalbondcnt,ridge,0.38402058506171644,0.05503497759833672,0.33614827152305954,N/A,N/A
3,propionic_CM_power_3_cutoff_5.5_Sqrt,3metaldesc_metalbondcnt,lasso,0.36921869456775314,0.040446580987979236,0.3161203931193996,N/A,N/A
4,propionic_CM_power_3_cutoff_5.5_Sqrt,3metaldesc_metalbondcnt,elastic,0.350604652825878,0.060669611090576614,0.3159325110887749,N/A,N/A
5,propionic_CM_power_3_cutoff_5.5_Sqrt,3metaldesc_metalbondcnt,gp,0.40354508749098505,0.08459271622341057,0.3742961302337199,0.2073251541235138,0.577592061892506
