,case,subcase,algo,mean of MAEs,std of MAEs,SD of AEs,mean of Stds,std of Stds
0,propionic_BoB_power_3_cutoff_4.5_Log,2metaldesc_metalbondcnt,svr,0.16145181809158918,0.028800275678176012,0.17845816084208757,N/A,N/A
1,propionic_BoB_power_3_cutoff_4.5_Log,2metaldesc_metalbondcnt,krr,0.17535003755048137,0.03448033158258925,0.17768692072316436,N/A,N/A
2,propionic_BoB_power_3_cutoff_4.5_Log,2metaldesc_metalbondcnt,ridge,0.3075882505565492,0.04542758729027937,0.2741338343457,N/A,N/A
3,propionic_BoB_power_3_cutoff_4.5_Log,2metaldesc_metalbondcnt,lasso,0.314112689044266,0.04618997989383879,0.2776940208403702,N/A,N/A
4,propionic_BoB_power_3_cutoff_4.5_Log,2metaldesc_metalbondcnt,elastic,0.3171852908799922,0.055612852259504846,0.281856579396214,N/A,N/A
5,propionic_BoB_power_3_cutoff_4.5_Log,2metaldesc_metalbondcnt,gp,0.16729993058692158,0.033669818444999416,0.1710551810650483,0.42387997907056657,0.2918001622141092
