,case,subcase,algo,mean of MAEs,std of MAEs,SD of AEs,mean of Stds,std of Stds
0,propionic_CM_power_1_cutoff_5.5_Log,2metaldesc,svr,0.404118648883581,0.06515283074459506,0.35290779136417716,N/A,N/A
1,propionic_CM_power_1_cutoff_5.5_Log,2metaldesc,krr,0.3736191454758355,0.06526482033735635,0.36562439069715263,N/A,N/A
2,propionic_CM_power_1_cutoff_5.5_Log,2metaldesc,ridge,0.3617285006402868,0.03779643744268887,0.3044876105532827,N/A,N/A
3,propionic_CM_power_1_cutoff_5.5_Log,2metaldesc,lasso,0.37320806339120743,0.05859749045726924,0.3235632792637257,N/A,N/A
4,propionic_CM_power_1_cutoff_5.5_Log,2metaldesc,elastic,0.3840314285449427,0.05933521303811553,0.34868799732193423,N/A,N/A
5,propionic_CM_power_1_cutoff_5.5_Log,2metaldesc,gp,0.37640845713616455,0.05293682002030547,0.3116349808863946,0.0765427629139869,0.11572464060765156
