,case,subcase,algo,mean of MAEs,std of MAEs,SD of AEs,mean of Stds,std of Stds
0,propionic_CM_power_4_cutoff_3.5_Sqrt,3metaldesc,svr,0.36531708618447645,0.08436228767787594,0.3998816019666656,N/A,N/A
1,propionic_CM_power_4_cutoff_3.5_Sqrt,3metaldesc,krr,0.3411453931924905,0.06088544243656427,0.3318003946344473,N/A,N/A
2,propionic_CM_power_4_cutoff_3.5_Sqrt,3metaldesc,ridge,0.3956078080609362,0.05948243433762246,0.344966668534559,N/A,N/A
3,propionic_CM_power_4_cutoff_3.5_Sqrt,3metaldesc,lasso,0.3776115736276033,0.042431468794689606,0.3165658379156863,N/A,N/A
4,propionic_CM_power_4_cutoff_3.5_Sqrt,3metaldesc,elastic,0.382114502595295,0.051304580370645225,0.339584641074951,N/A,N/A
5,propionic_CM_power_4_cutoff_3.5_Sqrt,3metaldesc,gp,0.3663164554418688,0.05210667601068355,0.34738240229595707,0.10556783066432857,0.30716871287566144
