,case,subcase,algo,mean of MAEs,std of MAEs,SD of AEs,mean of Stds,std of Stds
0,propionic_CM_power_1_cutoff_6.0_Log,3metaldesc,svr,0.3967471255957685,0.04712694136961011,0.34575630114951333,N/A,N/A
1,propionic_CM_power_1_cutoff_6.0_Log,3metaldesc,krr,0.3676138895878375,0.0568954414526064,0.35540091971569054,N/A,N/A
2,propionic_CM_power_1_cutoff_6.0_Log,3metaldesc,ridge,0.3896062425917822,0.05056994854554497,0.3361319639470158,N/A,N/A
3,propionic_CM_power_1_cutoff_6.0_Log,3metaldesc,lasso,0.38147454200860076,0.05486633501666528,0.3251343675048002,N/A,N/A
4,propionic_CM_power_1_cutoff_6.0_Log,3metaldesc,elastic,0.4120599770744058,0.05012653230449607,0.34916554414184736,N/A,N/A
5,propionic_CM_power_1_cutoff_6.0_Log,3metaldesc,gp,0.4031795824434116,0.04721221550120724,0.35472481239330617,0.09002429592104741,0.16791401367642517
