,case,subcase,algo,mean of MAEs,std of MAEs,SD of AEs,mean of Stds,std of Stds
0,propionic_CM_power_1_cutoff_3.0_Log,2metaldesc,svr,0.40945771365853184,0.07690123224839862,0.4049681835565312,N/A,N/A
1,propionic_CM_power_1_cutoff_3.0_Log,2metaldesc,krr,0.3484102621312724,0.04906281569451331,0.29775064388140066,N/A,N/A
2,propionic_CM_power_1_cutoff_3.0_Log,2metaldesc,ridge,0.43003704874065596,0.06145652973119836,0.35624436829941,N/A,N/A
3,propionic_CM_power_1_cutoff_3.0_Log,2metaldesc,lasso,0.4229029788989896,0.045953005863611,0.34552439250341876,N/A,N/A
4,propionic_CM_power_1_cutoff_3.0_Log,2metaldesc,elastic,0.39677378767992266,0.05131498021375298,0.3266872821301145,N/A,N/A
5,propionic_CM_power_1_cutoff_3.0_Log,2metaldesc,gp,0.35984308378939306,0.05377419727985651,0.3200319382955904,0.05193541020239104,0.167420901116683
