,case,subcase,algo,mean of MAEs,std of MAEs,SD of AEs,mean of Stds,std of Stds
0,propionic_CM_power_2_cutoff_4.5_Log,2metaldesc,svr,0.3664252205083626,0.055120055686687354,0.3453215516844181,N/A,N/A
1,propionic_CM_power_2_cutoff_4.5_Log,2metaldesc,krr,0.29392424533046013,0.04884604848660417,0.29947249411652166,N/A,N/A
2,propionic_CM_power_2_cutoff_4.5_Log,2metaldesc,ridge,0.37962510894787754,0.05916493712434609,0.3496602544797407,N/A,N/A
3,propionic_CM_power_2_cutoff_4.5_Log,2metaldesc,lasso,0.3689525816005279,0.0644271403446415,0.32520373728062146,N/A,N/A
4,propionic_CM_power_2_cutoff_4.5_Log,2metaldesc,elastic,0.36722455834804685,0.03297157893741378,0.33290671787614745,N/A,N/A
5,propionic_CM_power_2_cutoff_4.5_Log,2metaldesc,gp,0.3452063916967005,0.053537964118979015,0.3231746584766431,0.0622420966140047,0.08920100977856278
