,case,subcase,algo,mean of MAEs,std of MAEs,SD of AEs,mean of Stds,std of Stds
0,propionic_BoB_power_1_cutoff_3.5_Sqrt,3metaldesc,svr,0.16955444405042974,0.038048870840621786,0.21223138566768862,N/A,N/A
1,propionic_BoB_power_1_cutoff_3.5_Sqrt,3metaldesc,krr,0.1747941350305571,0.02878544165376473,0.17860269650926938,N/A,N/A
2,propionic_BoB_power_1_cutoff_3.5_Sqrt,3metaldesc,ridge,0.28769495974364917,0.028966250523854077,0.24283605919414378,N/A,N/A
3,propionic_BoB_power_1_cutoff_3.5_Sqrt,3metaldesc,lasso,0.31144020669688094,0.03918298102067942,0.2549122674776729,N/A,N/A
4,propionic_BoB_power_1_cutoff_3.5_Sqrt,3metaldesc,elastic,0.3221922658805623,0.03966815924677454,0.29517066725668467,N/A,N/A
5,propionic_BoB_power_1_cutoff_3.5_Sqrt,3metaldesc,gp,0.17961164846711597,0.04979262041603515,0.2873621215822531,0.21345097993883497,0.16491231282380173
