,case,subcase,algo,mean of MAEs,std of MAEs,SD of AEs,mean of Stds,std of Stds
0,propionic_CM_power_1_cutoff_4.5_Log,2metaldesc,svr,0.4112650658134986,0.06336294467605676,0.3814601895641487,N/A,N/A
1,propionic_CM_power_1_cutoff_4.5_Log,2metaldesc,krr,0.3462623547019708,0.08639002885443026,0.3576685312177497,N/A,N/A
2,propionic_CM_power_1_cutoff_4.5_Log,2metaldesc,ridge,0.3986288560033647,0.044950415942488345,0.3452110147400985,N/A,N/A
3,propionic_CM_power_1_cutoff_4.5_Log,2metaldesc,lasso,0.4164238495851195,0.06348128307526697,0.3536060930187171,N/A,N/A
4,propionic_CM_power_1_cutoff_4.5_Log,2metaldesc,elastic,0.40987306428806713,0.06725941638821135,0.35438551117978667,N/A,N/A
5,propionic_CM_power_1_cutoff_4.5_Log,2metaldesc,gp,0.3907630102857458,0.042481976518032996,0.3322148646300058,0.14358868285223875,0.25623292436624195
