,case,subcase,algo,mean of MAEs,std of MAEs,SD of AEs,mean of Stds,std of Stds
0,propionic_BoB_power_2_cutoff_5.0_Log,2metaldesc_fullbondcnt,svr,0.17537882982030492,0.028173663985584733,0.19642050895288604,N/A,N/A
1,propionic_BoB_power_2_cutoff_5.0_Log,2metaldesc_fullbondcnt,krr,0.20369794500937705,0.03413473197841037,0.19863839102010394,N/A,N/A
2,propionic_BoB_power_2_cutoff_5.0_Log,2metaldesc_fullbondcnt,ridge,0.30519620831619454,0.037031224954420135,0.25183016416336484,N/A,N/A
3,propionic_BoB_power_2_cutoff_5.0_Log,2metaldesc_fullbondcnt,lasso,0.30598047707123066,0.041415306945975915,0.2708151334118995,N/A,N/A
4,propionic_BoB_power_2_cutoff_5.0_Log,2metaldesc_fullbondcnt,elastic,0.3171034081678901,0.03947635291183769,0.25974006440656133,N/A,N/A
5,propionic_BoB_power_2_cutoff_5.0_Log,2metaldesc_fullbondcnt,gp,0.18054326813734856,0.036002548677969995,0.19914676662636668,0.7304599197040205,0.26406362902539665
