,case,subcase,algo,mean of MAEs,std of MAEs,SD of AEs,mean of Stds,std of Stds
0,propionic_BoB_power_3_cutoff_3.5_Sqrt,2metaldesc,svr,0.18857106194380854,0.03581414596552877,0.20430853740551583,N/A,N/A
1,propionic_BoB_power_3_cutoff_3.5_Sqrt,2metaldesc,krr,0.17696854824282937,0.03239318469393583,0.17917409657400596,N/A,N/A
2,propionic_BoB_power_3_cutoff_3.5_Sqrt,2metaldesc,ridge,0.30301902185237256,0.04030376074551434,0.2782573612927172,N/A,N/A
3,propionic_BoB_power_3_cutoff_3.5_Sqrt,2metaldesc,lasso,0.2905127651464648,0.04521410977770899,0.2568815590572105,N/A,N/A
4,propionic_BoB_power_3_cutoff_3.5_Sqrt,2metaldesc,elastic,0.3096790574199609,0.04774071751402756,0.28189686604559816,N/A,N/A
5,propionic_BoB_power_3_cutoff_3.5_Sqrt,2metaldesc,gp,0.17011396553700042,0.03251791405710668,0.2008538981799797,0.7571630056635573,0.405673169071009
