,case,subcase,algo,mean of MAEs,std of MAEs,SD of AEs,mean of Stds,std of Stds
0,propionic_CM_power_5_cutoff_5.0_Sqrt,2metaldesc,svr,0.40979441034292885,0.06567160269734794,0.4135669375175112,N/A,N/A
1,propionic_CM_power_5_cutoff_5.0_Sqrt,2metaldesc,krr,0.3675660008021857,0.07530144766748958,0.36287248910214687,N/A,N/A
2,propionic_CM_power_5_cutoff_5.0_Sqrt,2metaldesc,ridge,0.38354661260600387,0.04361069896280055,0.3205685354285264,N/A,N/A
3,propionic_CM_power_5_cutoff_5.0_Sqrt,2metaldesc,lasso,0.3638691987111855,0.04114798639910975,0.3005712048994866,N/A,N/A
4,propionic_CM_power_5_cutoff_5.0_Sqrt,2metaldesc,elastic,0.3788048103339354,0.05289158653491152,0.31054640125264354,N/A,N/A
5,propionic_CM_power_5_cutoff_5.0_Sqrt,2metaldesc,gp,0.3588726133364614,0.055232125827686177,0.3338714497064597,0.03855227128079328,0.010003334773229249
