,case,subcase,algo,mean of MAEs,std of MAEs,SD of AEs,mean of Stds,std of Stds
0,propionic_CM_power_3_cutoff_4.5_Sqrt,2metaldesc,svr,0.36543521537935425,0.06223193991192842,0.3514266727729288,N/A,N/A
1,propionic_CM_power_3_cutoff_4.5_Sqrt,2metaldesc,krr,0.3610996153424232,0.050407783595178286,0.3274017558354171,N/A,N/A
2,propionic_CM_power_3_cutoff_4.5_Sqrt,2metaldesc,ridge,0.413640570575323,0.05569374673060929,0.3775824141485868,N/A,N/A
3,propionic_CM_power_3_cutoff_4.5_Sqrt,2metaldesc,lasso,0.4013127202866298,0.06627196312186699,0.365663816603463,N/A,N/A
4,propionic_CM_power_3_cutoff_4.5_Sqrt,2metaldesc,elastic,0.3663025515976174,0.056365308785349524,0.3447923247775047,N/A,N/A
5,propionic_CM_power_3_cutoff_4.5_Sqrt,2metaldesc,gp,0.39350531359892293,0.05831744019551651,0.3460417812776798,0.31486596613310847,0.731395333803682
