,case,subcase,algo,mean of MAEs,std of MAEs,SD of AEs,mean of Stds,std of Stds
0,propionic_BoB_power_4_cutoff_5.0_Log,2metaldesc,svr,0.16863729016949466,0.0363055924005245,0.21535239319789176,N/A,N/A
1,propionic_BoB_power_4_cutoff_5.0_Log,2metaldesc,krr,0.15693573760715754,0.02856353830070973,0.15940532484507905,N/A,N/A
2,propionic_BoB_power_4_cutoff_5.0_Log,2metaldesc,ridge,0.29779712192480234,0.04469993351267584,0.26227797660179647,N/A,N/A
3,propionic_BoB_power_4_cutoff_5.0_Log,2metaldesc,lasso,0.30625268649945486,0.049868517588649096,0.2719217587765177,N/A,N/A
4,propionic_BoB_power_4_cutoff_5.0_Log,2metaldesc,elastic,0.31864182780450767,0.050290049645886785,0.2769579328057646,N/A,N/A
5,propionic_BoB_power_4_cutoff_5.0_Log,2metaldesc,gp,0.16695848788368037,0.03272363709870893,0.19858183347194905,0.5129484081410388,0.2940312258070352
