,case,subcase,algo,mean of MAEs,std of MAEs,SD of AEs,mean of Stds,std of Stds
0,propionic_CM_power_3_cutoff_5.0_Log,2metaldesc_fullbondcnt,svr,0.27142766402370233,0.04267901867185826,0.2632390693765518,N/A,N/A
1,propionic_CM_power_3_cutoff_5.0_Log,2metaldesc_fullbondcnt,krr,0.27792811246508675,0.05094090450696838,0.26875066520427054,N/A,N/A
2,propionic_CM_power_3_cutoff_5.0_Log,2metaldesc_fullbondcnt,ridge,0.33379205084705377,0.04032559965554069,0.29059681979853974,N/A,N/A
3,propionic_CM_power_3_cutoff_5.0_Log,2metaldesc_fullbondcnt,lasso,0.31828404765627727,0.05004082106090414,0.2750329844794471,N/A,N/A
4,propionic_CM_power_3_cutoff_5.0_Log,2metaldesc_fullbondcnt,elastic,0.30811624470113735,0.04432086473340046,0.28542068139214577,N/A,N/A
5,propionic_CM_power_3_cutoff_5.0_Log,2metaldesc_fullbondcnt,gp,0.3032872837173422,0.033299031458572215,0.31843094456254645,0.143335342599598,0.2717109150764964
