,case,subcase,algo,mean of MAEs,std of MAEs,SD of AEs,mean of Stds,std of Stds
0,propionic_CM_power_4_cutoff_5.5_Log,3metaldesc,svr,0.3288994575372159,0.06029128655288506,0.3416631781177887,N/A,N/A
1,propionic_CM_power_4_cutoff_5.5_Log,3metaldesc,krr,0.3004947605499766,0.057398034849208766,0.3114735809449305,N/A,N/A
2,propionic_CM_power_4_cutoff_5.5_Log,3metaldesc,ridge,0.3853432864040933,0.04327352797762748,0.3277531071377275,N/A,N/A
3,propionic_CM_power_4_cutoff_5.5_Log,3metaldesc,lasso,0.3913470424545677,0.04507193029379222,0.3256573098709093,N/A,N/A
4,propionic_CM_power_4_cutoff_5.5_Log,3metaldesc,elastic,0.38869342504760385,0.045610390982317575,0.3308851702067318,N/A,N/A
5,propionic_CM_power_4_cutoff_5.5_Log,3metaldesc,gp,0.3100511766799984,0.04709377387550063,0.31489211347938684,0.051391956125961896,0.04394436645959024
