,case,subcase,algo,mean of MAEs,std of MAEs,SD of AEs,mean of Stds,std of Stds
0,propionic_CM_power_5_cutoff_2.5_Sqrt,2metaldesc,svr,0.3818643715975212,0.07294082607043038,0.3844691842229547,N/A,N/A
1,propionic_CM_power_5_cutoff_2.5_Sqrt,2metaldesc,krr,0.34127441102516487,0.07567845374197009,0.34600169956508464,N/A,N/A
2,propionic_CM_power_5_cutoff_2.5_Sqrt,2metaldesc,ridge,0.3933062508065913,0.06370108531836963,0.32403017584282706,N/A,N/A
3,propionic_CM_power_5_cutoff_2.5_Sqrt,2metaldesc,lasso,0.3742857685282659,0.05180402938756144,0.3205765878960377,N/A,N/A
4,propionic_CM_power_5_cutoff_2.5_Sqrt,2metaldesc,elastic,0.38892176193377964,0.05990343534741419,0.3334353534113029,N/A,N/A
5,propionic_CM_power_5_cutoff_2.5_Sqrt,2metaldesc,gp,0.38217231436762406,0.06599132616969985,0.3465150242885474,0.03126984084068096,0.014887494874713431
