,case,subcase,algo,mean of MAEs,std of MAEs,SD of AEs,mean of Stds,std of Stds
0,propionic_CM_power_4_cutoff_5.0_Log,2metaldesc,svr,0.3350374685087531,0.06880483747882224,0.3276334268963384,N/A,N/A
1,propionic_CM_power_4_cutoff_5.0_Log,2metaldesc,krr,0.3184317152398537,0.06891643985321777,0.3340263648101022,N/A,N/A
2,propionic_CM_power_4_cutoff_5.0_Log,2metaldesc,ridge,0.39681862181796396,0.05605225582265312,0.33154339427243695,N/A,N/A
3,propionic_CM_power_4_cutoff_5.0_Log,2metaldesc,lasso,0.4151201918277345,0.05570208210048058,0.3428932654317108,N/A,N/A
4,propionic_CM_power_4_cutoff_5.0_Log,2metaldesc,elastic,0.3919008144009571,0.05239924847593324,0.3212978784700343,N/A,N/A
5,propionic_CM_power_4_cutoff_5.0_Log,2metaldesc,gp,0.3068375034155185,0.040467566170184245,0.3146890003756805,0.043876194847299814,0.038811521548691996
