,case,subcase,algo,mean of MAEs,std of MAEs,SD of AEs,mean of Stds,std of Stds
0,propionic_BoB_power_3_cutoff_5.0_Log,3metaldesc,svr,0.1401873483998129,0.030721291123062554,0.13713407685097356,N/A,N/A
1,propionic_BoB_power_3_cutoff_5.0_Log,3metaldesc,krr,0.16573444219626446,0.023948223085440052,0.16181789580890102,N/A,N/A
2,propionic_BoB_power_3_cutoff_5.0_Log,3metaldesc,ridge,0.3025458799709977,0.03748320053707152,0.27177947040311307,N/A,N/A
3,propionic_BoB_power_3_cutoff_5.0_Log,3metaldesc,lasso,0.31100114984588,0.05015166049974233,0.2859657346951829,N/A,N/A
4,propionic_BoB_power_3_cutoff_5.0_Log,3metaldesc,elastic,0.3317919135355028,0.05310367450555379,0.2942550985657909,N/A,N/A
5,propionic_BoB_power_3_cutoff_5.0_Log,3metaldesc,gp,0.14119082739819808,0.030947103440234828,0.175656804613802,0.6762526378635709,0.35666855641702755
