,case,subcase,algo,mean of MAEs,std of MAEs,SD of AEs,mean of Stds,std of Stds
0,propionic_CM_power_5_cutoff_5.0_Log,3metaldesc_fullbondcnt,svr,0.25245394534820464,0.03988059262643202,0.2827618650363973,N/A,N/A
1,propionic_CM_power_5_cutoff_5.0_Log,3metaldesc_fullbondcnt,krr,0.27295191863067475,0.04629141662385859,0.2750170344204841,N/A,N/A
2,propionic_CM_power_5_cutoff_5.0_Log,3metaldesc_fullbondcnt,ridge,0.3013131048387988,0.055041061447355835,0.28586272399057644,N/A,N/A
3,propionic_CM_power_5_cutoff_5.0_Log,3metaldesc_fullbondcnt,lasso,0.3122329776579117,0.03099022970201682,0.29682415883253,N/A,N/A
4,propionic_CM_power_5_cutoff_5.0_Log,3metaldesc_fullbondcnt,elastic,0.2926538761513001,0.045201883115100774,0.26590094075571336,N/A,N/A
5,propionic_CM_power_5_cutoff_5.0_Log,3metaldesc_fullbondcnt,gp,0.2583362575307807,0.05535472251401295,0.36622299585456203,0.03143850672447581,0.02481974474501795
