,case,subcase,algo,mean of MAEs,std of MAEs,SD of AEs,mean of Stds,std of Stds
0,propionic_CM_power_1_cutoff_5.5_Sqrt,2metaldesc_fullbondcnt,svr,0.42898447060273026,0.07561932634782469,0.3687701985720252,N/A,N/A
1,propionic_CM_power_1_cutoff_5.5_Sqrt,2metaldesc_fullbondcnt,krr,0.4057031823322794,0.07918856996533996,0.3572932326595794,N/A,N/A
2,propionic_CM_power_1_cutoff_5.5_Sqrt,2metaldesc_fullbondcnt,ridge,0.32881435048284763,0.04722952626506808,0.29142348100519583,N/A,N/A
3,propionic_CM_power_1_cutoff_5.5_Sqrt,2metaldesc_fullbondcnt,lasso,0.347066839359981,0.03402004752403617,0.27644178751701326,N/A,N/A
4,propionic_CM_power_1_cutoff_5.5_Sqrt,2metaldesc_fullbondcnt,elastic,0.326337839882947,0.05684280129712269,0.2745865115372249,N/A,N/A
5,propionic_CM_power_1_cutoff_5.5_Sqrt,2metaldesc_fullbondcnt,gp,0.40835111527558143,0.04672733525495022,0.345900753705881,0.23595346149087587,0.2430244488472978
