,case,subcase,algo,mean of MAEs,std of MAEs,SD of AEs,mean of Stds,std of Stds
0,propionic_BoB_power_1_cutoff_4.0_Sqrt,2metaldesc,svr,0.2210616009794093,0.04022491343491185,0.23807255133303945,N/A,N/A
1,propionic_BoB_power_1_cutoff_4.0_Sqrt,2metaldesc,krr,0.2141223708250574,0.04302002298930102,0.20722068790210854,N/A,N/A
2,propionic_BoB_power_1_cutoff_4.0_Sqrt,2metaldesc,ridge,0.3045524573622967,0.0387930783461141,0.26358612074103344,N/A,N/A
3,propionic_BoB_power_1_cutoff_4.0_Sqrt,2metaldesc,lasso,0.3152461867934685,0.043874709990977485,0.2747390176861657,N/A,N/A
4,propionic_BoB_power_1_cutoff_4.0_Sqrt,2metaldesc,elastic,0.301369394564384,0.047917101080516646,0.27905842201578385,N/A,N/A
5,propionic_BoB_power_1_cutoff_4.0_Sqrt,2metaldesc,gp,0.2089588384991785,0.04005184403249196,0.1936141234794337,0.40535503648771803,0.20184316370351515
