,case,subcase,algo,mean of MAEs,std of MAEs,SD of AEs,mean of Stds,std of Stds
0,propionic_BoB_power_3_cutoff_3.0_Sqrt,3metaldesc_metalbondcnt,svr,0.14293046798255749,0.029110791261361093,0.1548328466730258,N/A,N/A
1,propionic_BoB_power_3_cutoff_3.0_Sqrt,3metaldesc_metalbondcnt,krr,0.14817207227260012,0.019969046358783847,0.13842896938164337,N/A,N/A
2,propionic_BoB_power_3_cutoff_3.0_Sqrt,3metaldesc_metalbondcnt,ridge,0.3215239511689381,0.044273719511675136,0.2726443109106097,N/A,N/A
3,propionic_BoB_power_3_cutoff_3.0_Sqrt,3metaldesc_metalbondcnt,lasso,0.3280010277769695,0.051398581168533956,0.29005352861341227,N/A,N/A
4,propionic_BoB_power_3_cutoff_3.0_Sqrt,3metaldesc_metalbondcnt,elastic,0.3159839449564711,0.03991228672111301,0.2846523109752136,N/A,N/A
5,propionic_BoB_power_3_cutoff_3.0_Sqrt,3metaldesc_metalbondcnt,gp,0.15017458959765076,0.03331348494034627,0.2109447269719726,0.589138932091839,0.4165604423351575
