,case,subcase,algo,mean of MAEs,std of MAEs,SD of AEs,mean of Stds,std of Stds
0,propionic_CM_power_5_cutoff_4.0_Sqrt,2metaldesc,svr,0.3852226896542059,0.06924140519872027,0.38030985410562135,N/A,N/A
1,propionic_CM_power_5_cutoff_4.0_Sqrt,2metaldesc,krr,0.35422404571924426,0.06467781281358935,0.3357107847535031,N/A,N/A
2,propionic_CM_power_5_cutoff_4.0_Sqrt,2metaldesc,ridge,0.4082819741553798,0.05588233952793163,0.3290491759722952,N/A,N/A
3,propionic_CM_power_5_cutoff_4.0_Sqrt,2metaldesc,lasso,0.40650875167601414,0.0551050574804134,0.33068284467712633,N/A,N/A
4,propionic_CM_power_5_cutoff_4.0_Sqrt,2metaldesc,elastic,0.36816668449566237,0.05342562198579145,0.2999570659717759,N/A,N/A
5,propionic_CM_power_5_cutoff_4.0_Sqrt,2metaldesc,gp,0.3451789000729103,0.05581281069247238,0.3035220708985464,0.03375711760105747,0.012797702577192736
