,case,subcase,algo,mean of MAEs,std of MAEs,SD of AEs,mean of Stds,std of Stds
0,propionic_CM_exclMetals_power_1,3metaldesc,svr,0.1690552106468418,0.03490104514936129,0.1729921794836883,N/A,N/A
1,propionic_CM_exclMetals_power_1,3metaldesc,krr,0.1740413362005799,0.031694431039747395,0.18062212511068287,N/A,N/A
2,propionic_CM_exclMetals_power_1,3metaldesc,ridge,0.37669824602915825,0.06127255755723717,0.37555780148746504,N/A,N/A
3,propionic_CM_exclMetals_power_1,3metaldesc,lasso,0.38184536588222096,0.048377292432006065,0.37629918910928617,N/A,N/A
4,propionic_CM_exclMetals_power_1,3metaldesc,elastic,0.3661464915733287,0.058157808980540675,0.36319446352845364,N/A,N/A
5,propionic_CM_exclMetals_power_1,3metaldesc,gp,0.1735745561648449,0.030427718975665357,0.1791531337917024,0.1574365152614944,0.11561839305854008
