,case,subcase,algo,mean of MAEs,std of MAEs,SD of AEs,mean of Stds,std of Stds
0,propionic_BoB_exclMetals_power_5,3metaldesc_fullbondcnt,svr,0.153067433830512,0.029173844008205572,0.16349888935566328,N/A,N/A
1,propionic_BoB_exclMetals_power_5,3metaldesc_fullbondcnt,krr,0.14921023840038913,0.02731762488430003,0.15329497918463847,N/A,N/A
2,propionic_BoB_exclMetals_power_5,3metaldesc_fullbondcnt,ridge,0.30954011383762126,0.0417902126125219,0.2821100858115169,N/A,N/A
3,propionic_BoB_exclMetals_power_5,3metaldesc_fullbondcnt,lasso,0.3009573004264653,0.038954622744169075,0.2693811957401757,N/A,N/A
4,propionic_BoB_exclMetals_power_5,3metaldesc_fullbondcnt,elastic,0.3125041629730937,0.04834806044007646,0.27939316604136116,N/A,N/A
5,propionic_BoB_exclMetals_power_5,3metaldesc_fullbondcnt,gp,0.13916654351328284,0.02675132759608241,0.13991668386718714,0.34912686968954737,0.39311552426005314
