,case,subcase,algo,mean of MAEs,std of MAEs,SD of AEs,mean of Stds,std of Stds
0,propionic_BoB_exclMetals_power_2,2metaldesc_fullbondcnt,svr,0.16495162738603558,0.03417092420083893,0.2007216499713113,N/A,N/A
1,propionic_BoB_exclMetals_power_2,2metaldesc_fullbondcnt,krr,0.1630708961932721,0.028632650802472594,0.1861844527757154,N/A,N/A
2,propionic_BoB_exclMetals_power_2,2metaldesc_fullbondcnt,ridge,0.28840385377651623,0.052456131982477366,0.26282201521076415,N/A,N/A
3,propionic_BoB_exclMetals_power_2,2metaldesc_fullbondcnt,lasso,0.2934736668010716,0.041416616498541385,0.27243739465715167,N/A,N/A
4,propionic_BoB_exclMetals_power_2,2metaldesc_fullbondcnt,elastic,0.3006702572443006,0.04481158466519816,0.26402791494088623,N/A,N/A
5,propionic_BoB_exclMetals_power_2,2metaldesc_fullbondcnt,gp,0.1614724380941641,0.029616874647404114,0.18585291296532308,0.4445446002014281,0.3881845503603143
