,case,subcase,algo,mean of MAEs,std of MAEs,SD of AEs,mean of Stds,std of Stds
0,propionic_BoB_exclMetals_power_1,3metaldesc_metalbondcnt,svr,0.14451602270770444,0.02639878972727779,0.15476779396896426,N/A,N/A
1,propionic_BoB_exclMetals_power_1,3metaldesc_metalbondcnt,krr,0.1398132068371949,0.028722816722792106,0.15879854250868072,N/A,N/A
2,propionic_BoB_exclMetals_power_1,3metaldesc_metalbondcnt,ridge,0.30806062542947266,0.04453652449225092,0.2743219457210202,N/A,N/A
3,propionic_BoB_exclMetals_power_1,3metaldesc_metalbondcnt,lasso,0.3044727468020719,0.045507109509014536,0.27514023501369356,N/A,N/A
4,propionic_BoB_exclMetals_power_1,3metaldesc_metalbondcnt,elastic,0.3082322828510291,0.046747845784709564,0.278865956028725,N/A,N/A
5,propionic_BoB_exclMetals_power_1,3metaldesc_metalbondcnt,gp,0.14394748161701457,0.02764887688424833,0.15504543601555473,0.5229274159179881,0.2744498750102198
