,case,subcase,algo,mean of MAEs,std of MAEs,SD of AEs,mean of Stds,std of Stds
0,propionic_CM_exclMetals_power_3,2metaldesc,svr,0.18575117878519273,0.04193119289856386,0.23959231314041757,N/A,N/A
1,propionic_CM_exclMetals_power_3,2metaldesc,krr,0.2019795658252733,0.04519203061537222,0.24802100012138453,N/A,N/A
2,propionic_CM_exclMetals_power_3,2metaldesc,ridge,0.36180645982556753,0.04856355170996745,0.3257684854259044,N/A,N/A
3,propionic_CM_exclMetals_power_3,2metaldesc,lasso,0.35849619148510536,0.04939338066797074,0.3227090268261256,N/A,N/A
4,propionic_CM_exclMetals_power_3,2metaldesc,elastic,0.3641442431704358,0.05679372917777336,0.3271226692470043,N/A,N/A
5,propionic_CM_exclMetals_power_3,2metaldesc,gp,0.2027055474382847,0.048026833753215654,0.3092672515146001,0.14845133189557744,0.09808420050838373
