,case,subcase,algo,mean of MAEs,std of MAEs,SD of AEs,mean of Stds,std of Stds
0,propionic_BoB_exclMetals_power_4,3metaldesc,svr,0.15681175480171405,0.032946700519414236,0.16119560782896702,N/A,N/A
1,propionic_BoB_exclMetals_power_4,3metaldesc,krr,0.15893773826506302,0.026000490650022627,0.15409643509048015,N/A,N/A
2,propionic_BoB_exclMetals_power_4,3metaldesc,ridge,0.3129709912305167,0.04032916556399167,0.27775015413542803,N/A,N/A
3,propionic_BoB_exclMetals_power_4,3metaldesc,lasso,0.3036555323957994,0.041284767619498536,0.26801928510141443,N/A,N/A
4,propionic_BoB_exclMetals_power_4,3metaldesc,elastic,0.30024043426451374,0.04269807881204064,0.2725512947113526,N/A,N/A
5,propionic_BoB_exclMetals_power_4,3metaldesc,gp,0.15236507025211518,0.029553035865810172,0.15828359177307974,0.3619501784131262,0.298291250574133
