,case,subcase,algo,mean of MAEs,std of MAEs,SD of AEs,mean of Stds,std of Stds
0,propionic_CM_exclMetals_power_2,3metaldesc,svr,0.1841433291973232,0.03739463658603888,0.19525405423285686,N/A,N/A
1,propionic_CM_exclMetals_power_2,3metaldesc,krr,0.18265241681140182,0.03879253112592945,0.2051852799485575,N/A,N/A
2,propionic_CM_exclMetals_power_2,3metaldesc,ridge,0.3722898211796244,0.056783861434494806,0.3418274273963665,N/A,N/A
3,propionic_CM_exclMetals_power_2,3metaldesc,lasso,0.3717234654627523,0.05581963539549259,0.35400592590841534,N/A,N/A
4,propionic_CM_exclMetals_power_2,3metaldesc,elastic,0.36311191292857714,0.060194496539861586,0.349914976222724,N/A,N/A
5,propionic_CM_exclMetals_power_2,3metaldesc,gp,0.17591249452176608,0.036374785666976515,0.1901471036313358,0.1874319732861444,0.12041984613668268
