,case,subcase,algo,mean of MAEs,std of MAEs,SD of AEs,mean of Stds,std of Stds
0,propionic_CM_exclMetals_power_1,2metaldesc,svr,0.17455906392879578,0.03435396194633203,0.2010564748037767,N/A,N/A
1,propionic_CM_exclMetals_power_1,2metaldesc,krr,0.16280852570154533,0.030507687463853083,0.17891244553423943,N/A,N/A
2,propionic_CM_exclMetals_power_1,2metaldesc,ridge,0.383651946363507,0.05993639306988962,0.372924366349329,N/A,N/A
3,propionic_CM_exclMetals_power_1,2metaldesc,lasso,0.38748575715067546,0.05095908919688371,0.3834757768280363,N/A,N/A
4,propionic_CM_exclMetals_power_1,2metaldesc,elastic,0.3724013557496624,0.05691797770197677,0.36105613272348347,N/A,N/A
5,propionic_CM_exclMetals_power_1,2metaldesc,gp,0.17956906801432734,0.05326731244713965,0.22889805913257394,0.09537313271005494,0.07354913685969561
