,case,subcase,algo,mean of MAEs,std of MAEs,SD of AEs,mean of Stds,std of Stds
0,propionic_CM_exclMetals_power_5,3metaldesc_fullbondcnt,svr,0.15319244868614035,0.025318856519890163,0.16481761981649762,N/A,N/A
1,propionic_CM_exclMetals_power_5,3metaldesc_fullbondcnt,krr,0.1481757841642,0.028608537472306052,0.15281434689699552,N/A,N/A
2,propionic_CM_exclMetals_power_5,3metaldesc_fullbondcnt,ridge,0.30247056635001784,0.04489695317515687,0.27682788021744864,N/A,N/A
3,propionic_CM_exclMetals_power_5,3metaldesc_fullbondcnt,lasso,0.29808146496843785,0.0476754183614455,0.2695277407102039,N/A,N/A
4,propionic_CM_exclMetals_power_5,3metaldesc_fullbondcnt,elastic,0.30315501051938953,0.04190966001701455,0.28024503952494867,N/A,N/A
5,propionic_CM_exclMetals_power_5,3metaldesc_fullbondcnt,gp,0.15045653045168236,0.035410644779825765,0.16017322100477627,0.25876626746643927,0.21291466752830032
