,case,subcase,algo,mean of MAEs,std of MAEs,SD of AEs,mean of Stds,std of Stds
0,propionic_BoB_exclMetals_power_2,3metaldesc,svr,0.1592406255430361,0.0300155309800405,0.16660124403173002,N/A,N/A
1,propionic_BoB_exclMetals_power_2,3metaldesc,krr,0.15989742464199386,0.03299578418916798,0.17283132725257264,N/A,N/A
2,propionic_BoB_exclMetals_power_2,3metaldesc,ridge,0.31031688906408234,0.03791263723053229,0.2761377527098194,N/A,N/A
3,propionic_BoB_exclMetals_power_2,3metaldesc,lasso,0.30698515611007865,0.0491598621937085,0.27826588286856985,N/A,N/A
4,propionic_BoB_exclMetals_power_2,3metaldesc,elastic,0.2966152011501323,0.04388412035828785,0.26794844342252605,N/A,N/A
5,propionic_BoB_exclMetals_power_2,3metaldesc,gp,0.14773312234959524,0.033104738283250855,0.1664904105692977,0.3811203090461067,0.29218755797974877
