,case,subcase,algo,mean of MAEs,std of MAEs,SD of AEs,mean of Stds,std of Stds
0,propionic_CM_exclMetals_power_5,2metaldesc,svr,0.19900766392116037,0.04654883731982679,0.26500139210604273,N/A,N/A
1,propionic_CM_exclMetals_power_5,2metaldesc,krr,0.19994677279378636,0.03557797457243083,0.24197105483673428,N/A,N/A
2,propionic_CM_exclMetals_power_5,2metaldesc,ridge,0.38041436866231904,0.0475787313910672,0.3167805460639629,N/A,N/A
3,propionic_CM_exclMetals_power_5,2metaldesc,lasso,0.3721852522905443,0.0534804395141827,0.3160211253527169,N/A,N/A
4,propionic_CM_exclMetals_power_5,2metaldesc,elastic,0.3710320487380644,0.0424053152333483,0.30789855669792626,N/A,N/A
5,propionic_CM_exclMetals_power_5,2metaldesc,gp,0.2078289466362655,0.04006066982440839,0.2833787180470083,0.12520537087612085,0.07730783331036967
