,case,subcase,algo,mean of MAEs,std of MAEs,SD of AEs,mean of Stds,std of Stds
0,propionic_BoB_exclMetals_power_4,2metaldesc,svr,0.17540626972841117,0.03651975452499674,0.21646664000004726,N/A,N/A
1,propionic_BoB_exclMetals_power_4,2metaldesc,krr,0.16736390679577254,0.03443094231572925,0.18555722464445626,N/A,N/A
2,propionic_BoB_exclMetals_power_4,2metaldesc,ridge,0.310909608276564,0.046724409243737365,0.28072663730909575,N/A,N/A
3,propionic_BoB_exclMetals_power_4,2metaldesc,lasso,0.3039831864214715,0.04001310798246963,0.280809744412926,N/A,N/A
4,propionic_BoB_exclMetals_power_4,2metaldesc,elastic,0.305896878959778,0.04454800957790945,0.27565342400325465,N/A,N/A
5,propionic_BoB_exclMetals_power_4,2metaldesc,gp,0.18033114743740455,0.03603767468581266,0.20120212863674997,0.4862373213297763,0.46885545612740437
