,case,subcase,algo,mean of MAEs,std of MAEs,SD of AEs,mean of Stds,std of Stds
0,propionic_CM_exclMetals_power_3,2metaldesc_metalbondcnt,svr,0.19405170383879636,0.04859269424294744,0.26502735406860384,N/A,N/A
1,propionic_CM_exclMetals_power_3,2metaldesc_metalbondcnt,krr,0.19015308744075018,0.0363497643543778,0.22463713872824906,N/A,N/A
2,propionic_CM_exclMetals_power_3,2metaldesc_metalbondcnt,ridge,0.34334209361202384,0.04961886238976423,0.2991904588273122,N/A,N/A
3,propionic_CM_exclMetals_power_3,2metaldesc_metalbondcnt,lasso,0.34351576951233315,0.05434131830610073,0.2989906859560134,N/A,N/A
4,propionic_CM_exclMetals_power_3,2metaldesc_metalbondcnt,elastic,0.3462335730967754,0.04767267843877138,0.2940482516421414,N/A,N/A
5,propionic_CM_exclMetals_power_3,2metaldesc_metalbondcnt,gp,0.20002966734460959,0.04919891878647757,0.302464339734494,0.16448950918157504,0.1662960868473313
