,case,subcase,algo,mean of MAEs,std of MAEs,SD of AEs,mean of Stds,std of Stds
0,propionic_CM_exclMetals_power_5,2metaldesc_metalbondcnt,svr,0.19732166976532153,0.05170412473877257,0.2542346969383388,N/A,N/A
1,propionic_CM_exclMetals_power_5,2metaldesc_metalbondcnt,krr,0.2042675814296063,0.03688644061020307,0.23473961812144703,N/A,N/A
2,propionic_CM_exclMetals_power_5,2metaldesc_metalbondcnt,ridge,0.36736148407187463,0.04272408432672238,0.2988853595402219,N/A,N/A
3,propionic_CM_exclMetals_power_5,2metaldesc_metalbondcnt,lasso,0.36841594958453183,0.046520448369711746,0.2938641862933198,N/A,N/A
4,propionic_CM_exclMetals_power_5,2metaldesc_metalbondcnt,elastic,0.3700762489799841,0.045637036639121685,0.2965273934059035,N/A,N/A
5,propionic_CM_exclMetals_power_5,2metaldesc_metalbondcnt,gp,0.208198094434382,0.05046392271459151,0.29013997261533364,0.15247713461644788,0.12157671039934025
