,case,subcase,algo,mean of MAEs,std of MAEs,SD of AEs,mean of Stds,std of Stds
0,propionic_BoB_exclMetals_power_3,2metaldesc,svr,0.1816539819430949,0.03464630245778979,0.23702389963157672,N/A,N/A
1,propionic_BoB_exclMetals_power_3,2metaldesc,krr,0.17378470755207812,0.03538740501520277,0.1992927027415573,N/A,N/A
2,propionic_BoB_exclMetals_power_3,2metaldesc,ridge,0.30678749384656384,0.040093174168523045,0.28428315393291875,N/A,N/A
3,propionic_BoB_exclMetals_power_3,2metaldesc,lasso,0.3053333598188656,0.04496653054359691,0.2786108547724361,N/A,N/A
4,propionic_BoB_exclMetals_power_3,2metaldesc,elastic,0.3059777881358796,0.042685534943766756,0.2834941294946256,N/A,N/A
5,propionic_BoB_exclMetals_power_3,2metaldesc,gp,0.17822041317572498,0.037390673958123136,0.208258388282327,0.46165790829241504,0.5072144886593287
