,case,subcase,algo,mean of MAEs,std of MAEs,SD of AEs,mean of Stds,std of Stds
0,propionic_CM_exclMetals_power_5,3metaldesc_metalbondcnt,svr,0.188067887855107,0.03355357835640578,0.1871654804148452,N/A,N/A
1,propionic_CM_exclMetals_power_5,3metaldesc_metalbondcnt,krr,0.18909432193445805,0.03787593435003493,0.20179694807178966,N/A,N/A
2,propionic_CM_exclMetals_power_5,3metaldesc_metalbondcnt,ridge,0.3626813707598399,0.04645960068342195,0.29157607175493433,N/A,N/A
3,propionic_CM_exclMetals_power_5,3metaldesc_metalbondcnt,lasso,0.36150579764796503,0.04911997654491492,0.3002355831872139,N/A,N/A
4,propionic_CM_exclMetals_power_5,3metaldesc_metalbondcnt,elastic,0.35971182531060775,0.04836613343670615,0.29199483855618613,N/A,N/A
5,propionic_CM_exclMetals_power_5,3metaldesc_metalbondcnt,gp,0.18351296222409566,0.028899044065168866,0.18518462068725366,0.21734940296661004,0.15292471372628072
