,case,subcase,algo,mean of MAEs,std of MAEs,SD of AEs,mean of Stds,std of Stds
0,propionic_CM_exclMetals_power_5,3metaldesc,svr,0.1924775944364909,0.038355509808702816,0.21410191850463853,N/A,N/A
1,propionic_CM_exclMetals_power_5,3metaldesc,krr,0.18388331983112008,0.039293997340975086,0.1925885753586404,N/A,N/A
2,propionic_CM_exclMetals_power_5,3metaldesc,ridge,0.3849365657468969,0.051974975092155144,0.32128120683073624,N/A,N/A
3,propionic_CM_exclMetals_power_5,3metaldesc,lasso,0.3674684174147499,0.04879422566831236,0.3107845974188104,N/A,N/A
4,propionic_CM_exclMetals_power_5,3metaldesc,elastic,0.37736414026154647,0.04718839393171204,0.320564504274117,N/A,N/A
5,propionic_CM_exclMetals_power_5,3metaldesc,gp,0.17679983122159787,0.028799309590499273,0.16836192362958863,0.15896679851419063,0.10022160748735047
