,case,subcase,algo,mean of MAEs,std of MAEs,SD of AEs,mean of Stds,std of Stds
0,propionic_BoB_exclMetals_power_2,2metaldesc,svr,0.17916275330614495,0.04195862133247011,0.21263415155830728,N/A,N/A
1,propionic_BoB_exclMetals_power_2,2metaldesc,krr,0.1788466014430891,0.03839673250185318,0.204265532623203,N/A,N/A
2,propionic_BoB_exclMetals_power_2,2metaldesc,ridge,0.29852494239524985,0.04116636524075229,0.27541226339740515,N/A,N/A
3,propionic_BoB_exclMetals_power_2,2metaldesc,lasso,0.29919308738213674,0.04954505436679942,0.2757446715148221,N/A,N/A
4,propionic_BoB_exclMetals_power_2,2metaldesc,elastic,0.29556854923979886,0.038764968516573385,0.2753221808380832,N/A,N/A
5,propionic_BoB_exclMetals_power_2,2metaldesc,gp,0.1723296301602144,0.03565731820566213,0.19736253619239363,0.4563284294058558,0.41608779588184214
