,case,subcase,algo,mean of MAEs,std of MAEs,SD of AEs,mean of Stds,std of Stds
0,propionic_BoB_exclMetals_power_3,2metaldesc_fullbondcnt,svr,0.16840135491493569,0.03924802931228142,0.20986373533821606,N/A,N/A
1,propionic_BoB_exclMetals_power_3,2metaldesc_fullbondcnt,krr,0.16682286085843376,0.034632926977897285,0.19048697291419614,N/A,N/A
2,propionic_BoB_exclMetals_power_3,2metaldesc_fullbondcnt,ridge,0.29271651614827005,0.041329466605577986,0.26446760610595427,N/A,N/A
3,propionic_BoB_exclMetals_power_3,2metaldesc_fullbondcnt,lasso,0.2983194259078411,0.04271821038538059,0.2776644194841882,N/A,N/A
4,propionic_BoB_exclMetals_power_3,2metaldesc_fullbondcnt,elastic,0.30252288487798645,0.04489706873439666,0.2796663061432422,N/A,N/A
5,propionic_BoB_exclMetals_power_3,2metaldesc_fullbondcnt,gp,0.17019845984326973,0.035913835887803294,0.19222047268030948,0.45870983500306667,0.5271034727533671
