,case,subcase,algo,mean of MAEs,std of MAEs,SD of AEs,mean of Stds,std of Stds
0,propionic_BoB_exclMetals_power_5,3metaldesc,svr,0.15680599456620598,0.027316729237170677,0.15440964561893297,N/A,N/A
1,propionic_BoB_exclMetals_power_5,3metaldesc,krr,0.16281654191542333,0.032241528387330784,0.16493088099265107,N/A,N/A
2,propionic_BoB_exclMetals_power_5,3metaldesc,ridge,0.31034098254347053,0.049819935498300126,0.28044887920133954,N/A,N/A
3,propionic_BoB_exclMetals_power_5,3metaldesc,lasso,0.30833331986025436,0.04637198985288973,0.27795374928546457,N/A,N/A
4,propionic_BoB_exclMetals_power_5,3metaldesc,elastic,0.30478160314990577,0.04673551166001161,0.2677721309031473,N/A,N/A
5,propionic_BoB_exclMetals_power_5,3metaldesc,gp,0.14916445816492813,0.025794611009965416,0.14603205497772154,0.3410176976705542,0.26851642828312616
