,case,subcase,algo,mean of MAEs,std of MAEs,SD of AEs,mean of Stds,std of Stds
0,propionic_BoB_exclMetals_power_1,3metaldesc,svr,0.1588305154644402,0.03221534515129784,0.17586897155826667,N/A,N/A
1,propionic_BoB_exclMetals_power_1,3metaldesc,krr,0.15941089279987428,0.03760112134330694,0.18328638094464822,N/A,N/A
2,propionic_BoB_exclMetals_power_1,3metaldesc,ridge,0.30657619986455464,0.042546553442693966,0.28682053676062375,N/A,N/A
3,propionic_BoB_exclMetals_power_1,3metaldesc,lasso,0.30249016294005265,0.044743671763294086,0.28063700626515864,N/A,N/A
4,propionic_BoB_exclMetals_power_1,3metaldesc,elastic,0.30917682606978064,0.042915479107612536,0.27609960557545404,N/A,N/A
5,propionic_BoB_exclMetals_power_1,3metaldesc,gp,0.1464603950234147,0.030403157943121085,0.16653040986880074,0.48127735026663954,0.25634616403397315
