,case,subcase,algo,mean of MAEs,std of MAEs,SD of AEs,mean of Stds,std of Stds
0,propionic_BoB_exclMetals_power_2,3metaldesc_fullbondcnt,svr,0.15002121647637834,0.02492495093445053,0.15508022220957318,N/A,N/A
1,propionic_BoB_exclMetals_power_2,3metaldesc_fullbondcnt,krr,0.15220205418165378,0.03754871108647614,0.17643115069705897,N/A,N/A
2,propionic_BoB_exclMetals_power_2,3metaldesc_fullbondcnt,ridge,0.2991007008193034,0.04704401124386161,0.28413970056826204,N/A,N/A
3,propionic_BoB_exclMetals_power_2,3metaldesc_fullbondcnt,lasso,0.3060955312290572,0.04174878509293107,0.28072201374920025,N/A,N/A
4,propionic_BoB_exclMetals_power_2,3metaldesc_fullbondcnt,elastic,0.3021993964977634,0.03899006919140542,0.2710181209220258,N/A,N/A
5,propionic_BoB_exclMetals_power_2,3metaldesc_fullbondcnt,gp,0.14145964347398818,0.025115669981173955,0.13628965230640816,0.4425446108207297,0.2840706374838483
