,case,subcase,algo,mean of MAEs,std of MAEs,SD of AEs,mean of Stds,std of Stds
0,propionic_BoB_exclMetals_power_3,3metaldesc,svr,0.1584048599033005,0.02965759274066305,0.15901655810114892,N/A,N/A
1,propionic_BoB_exclMetals_power_3,3metaldesc,krr,0.15832977765886266,0.02790426738948618,0.15606066693468937,N/A,N/A
2,propionic_BoB_exclMetals_power_3,3metaldesc,ridge,0.3047418910175898,0.046588121747644144,0.2697046721156193,N/A,N/A
3,propionic_BoB_exclMetals_power_3,3metaldesc,lasso,0.31075277049266586,0.04212258620486541,0.28540290509460503,N/A,N/A
4,propionic_BoB_exclMetals_power_3,3metaldesc,elastic,0.3053263208134581,0.0360434655397736,0.27228231942959713,N/A,N/A
5,propionic_BoB_exclMetals_power_3,3metaldesc,gp,0.1574271707101265,0.034137725865060066,0.17760591481104077,0.36452997573991525,0.30196592126251975
