,case,subcase,algo,mean of MAEs,std of MAEs,SD of AEs,mean of Stds,std of Stds
0,propionic_CM_exclMetals_power_2,2metaldesc,svr,0.19181334905611577,0.04737029944073901,0.25044760171621233,N/A,N/A
1,propionic_CM_exclMetals_power_2,2metaldesc,krr,0.19239041964680983,0.03891072188295609,0.23167441094189348,N/A,N/A
2,propionic_CM_exclMetals_power_2,2metaldesc,ridge,0.35493950172089456,0.04983886063352677,0.33627252096876786,N/A,N/A
3,propionic_CM_exclMetals_power_2,2metaldesc,lasso,0.36862133056652796,0.05379682821272787,0.3450933835919383,N/A,N/A
4,propionic_CM_exclMetals_power_2,2metaldesc,elastic,0.3530887732532775,0.05546856223287565,0.3375637630480985,N/A,N/A
5,propionic_CM_exclMetals_power_2,2metaldesc,gp,0.1850358563533044,0.048019149098026244,0.2588777238952125,0.14514038901417484,0.2395071640758875
