,case,subcase,algo,mean of MAEs,std of MAEs,SD of AEs,mean of Stds,std of Stds
0,propionic_CM_exclMetals_power_4,2metaldesc,svr,0.19229649247559133,0.044282052663703456,0.2425567168320933,N/A,N/A
1,propionic_CM_exclMetals_power_4,2metaldesc,krr,0.1980703607444698,0.03765695929616235,0.24060341524623638,N/A,N/A
2,propionic_CM_exclMetals_power_4,2metaldesc,ridge,0.3693954147360033,0.05075081019596846,0.31237173392728,N/A,N/A
3,propionic_CM_exclMetals_power_4,2metaldesc,lasso,0.3678430310447806,0.051904571612119095,0.32381350866884584,N/A,N/A
4,propionic_CM_exclMetals_power_4,2metaldesc,elastic,0.36345900089281147,0.05362223333858197,0.3180185007741522,N/A,N/A
5,propionic_CM_exclMetals_power_4,2metaldesc,gp,0.2095183871313683,0.054788988969346857,0.3101789775863627,0.15701583728198476,0.13926465709992605
