,case,subcase,algo,mean of MAEs,std of MAEs,SD of AEs,mean of Stds,std of Stds
0,propionic_BoB_exclMetals_power_5,2metaldesc,svr,0.18182502821660107,0.04569063761198403,0.2432630442702525,N/A,N/A
1,propionic_BoB_exclMetals_power_5,2metaldesc,krr,0.16832948989615176,0.036294012869375385,0.17726863063746334,N/A,N/A
2,propionic_BoB_exclMetals_power_5,2metaldesc,ridge,0.31495678091511997,0.053656133467070266,0.29031398156257004,N/A,N/A
3,propionic_BoB_exclMetals_power_5,2metaldesc,lasso,0.30448829537645533,0.04479166418627835,0.27991446861107677,N/A,N/A
4,propionic_BoB_exclMetals_power_5,2metaldesc,elastic,0.30878440830540144,0.04817826502109693,0.2826129209779445,N/A,N/A
5,propionic_BoB_exclMetals_power_5,2metaldesc,gp,0.1752320743463703,0.03684597145326247,0.19902281661956972,0.5400543546729257,0.5580310775967479
