,case,subcase,algo,mean of MAEs,std of MAEs,SD of AEs,mean of Stds,std of Stds
0,propionic_BoB_exclMetals_power_2,3metaldesc_metalbondcnt,svr,0.1528403461421232,0.02794419743613287,0.1590915192044988,N/A,N/A
1,propionic_BoB_exclMetals_power_2,3metaldesc_metalbondcnt,krr,0.15740946215239746,0.04001224456846132,0.1780026450551906,N/A,N/A
2,propionic_BoB_exclMetals_power_2,3metaldesc_metalbondcnt,ridge,0.3059586700243721,0.04305689813472493,0.2715067552840107,N/A,N/A
3,propionic_BoB_exclMetals_power_2,3metaldesc_metalbondcnt,lasso,0.29891810843146344,0.043366845656909,0.2681781782168616,N/A,N/A
4,propionic_BoB_exclMetals_power_2,3metaldesc_metalbondcnt,elastic,0.3044794752873262,0.039584306150951,0.2767101974107444,N/A,N/A
5,propionic_BoB_exclMetals_power_2,3metaldesc_metalbondcnt,gp,0.1419191366421426,0.02636393267351606,0.1471521508376415,0.3846844880052223,0.27767226721113036
