,case,subcase,algo,mean of MAEs,std of MAEs,SD of AEs,mean of Stds,std of Stds
0,propionic_CM_exclMetals_power_3,3metaldesc,svr,0.19472483426327275,0.04018083360396922,0.21696266803239359,N/A,N/A
1,propionic_CM_exclMetals_power_3,3metaldesc,krr,0.18625744132789357,0.03785257980925626,0.21322063378869752,N/A,N/A
2,propionic_CM_exclMetals_power_3,3metaldesc,ridge,0.37177188720009213,0.051619446335444026,0.338376854062008,N/A,N/A
3,propionic_CM_exclMetals_power_3,3metaldesc,lasso,0.35633386427502883,0.05353626813035638,0.33136815064978375,N/A,N/A
4,propionic_CM_exclMetals_power_3,3metaldesc,elastic,0.35155709692668424,0.051466182260800825,0.3191883353562701,N/A,N/A
5,propionic_CM_exclMetals_power_3,3metaldesc,gp,0.17918049214883522,0.03941098150222099,0.19660378761850342,0.1931429367694486,0.13868155151804354
