,case,subcase,algo,mean of MAEs,std of MAEs,SD of AEs,mean of Stds,std of Stds
0,propionic_BoB_exclMetals_power_4,3metaldesc_fullbondcnt,svr,0.1418751762440534,0.02375460309753099,0.13387762717322543,N/A,N/A
1,propionic_BoB_exclMetals_power_4,3metaldesc_fullbondcnt,krr,0.14772216097842977,0.029456082285922777,0.14670543934078306,N/A,N/A
2,propionic_BoB_exclMetals_power_4,3metaldesc_fullbondcnt,ridge,0.3069602826658717,0.04947890052728691,0.27309228564566146,N/A,N/A
3,propionic_BoB_exclMetals_power_4,3metaldesc_fullbondcnt,lasso,0.3004299315683323,0.0415694114293827,0.26434496616653175,N/A,N/A
4,propionic_BoB_exclMetals_power_4,3metaldesc_fullbondcnt,elastic,0.3012264097285604,0.045761961091647554,0.2697971216199381,N/A,N/A
5,propionic_BoB_exclMetals_power_4,3metaldesc_fullbondcnt,gp,0.14482635732128846,0.0283824878057488,0.1459178766612419,0.30846041568181115,0.28456273654186837
