,case,subcase,algo,mean of MAEs,std of MAEs,SD of AEs,mean of Stds,std of Stds
0,propionic_CM_exclMetals_power_4,3metaldesc_metalbondcnt,svr,0.18139027318121173,0.03387335087794037,0.193220694869387,N/A,N/A
1,propionic_CM_exclMetals_power_4,3metaldesc_metalbondcnt,krr,0.18477075503425525,0.04020435843608573,0.20150339628101013,N/A,N/A
2,propionic_CM_exclMetals_power_4,3metaldesc_metalbondcnt,ridge,0.35227497162505567,0.04926425958710142,0.29838720290173515,N/A,N/A
3,propionic_CM_exclMetals_power_4,3metaldesc_metalbondcnt,lasso,0.35298917865875606,0.048717215118404975,0.292233837654589,N/A,N/A
4,propionic_CM_exclMetals_power_4,3metaldesc_metalbondcnt,elastic,0.3517471340098969,0.049109474083805116,0.29300499402637076,N/A,N/A
5,propionic_CM_exclMetals_power_4,3metaldesc_metalbondcnt,gp,0.18075707998241622,0.03192045045193909,0.18343610860747928,0.24460586237987567,0.17655924340053736
