,case,subcase,algo,mean of MAEs,std of MAEs,SD of AEs,mean of Stds,std of Stds
0,propionic_BoB_exclMetals_power_1,2metaldesc,svr,0.163486410119359,0.0325446023446378,0.1844193214896187,N/A,N/A
1,propionic_BoB_exclMetals_power_1,2metaldesc,krr,0.16586443011263888,0.036351897312361915,0.19560578834866266,N/A,N/A
2,propionic_BoB_exclMetals_power_1,2metaldesc,ridge,0.29571426090773406,0.04606882635274337,0.27372608015645866,N/A,N/A
3,propionic_BoB_exclMetals_power_1,2metaldesc,lasso,0.30365609397412163,0.047116962324025395,0.28012052990228276,N/A,N/A
4,propionic_BoB_exclMetals_power_1,2metaldesc,elastic,0.30608629175486146,0.042333313703951936,0.2765218281529391,N/A,N/A
5,propionic_BoB_exclMetals_power_1,2metaldesc,gp,0.16730920693878132,0.03574373295017195,0.19487014231203587,0.4336784588408533,0.3416844270269458
