,case,subcase,algo,mean of MAEs,std of MAEs,SD of AEs,mean of Stds,std of Stds
0,propionic_CM_exclMetals_power_4,3metaldesc,svr,0.1965862975825491,0.03627324595673678,0.21656774123743408,N/A,N/A
1,propionic_CM_exclMetals_power_4,3metaldesc,krr,0.18637743869700202,0.03816970397332738,0.2057294178725485,N/A,N/A
2,propionic_CM_exclMetals_power_4,3metaldesc,ridge,0.3673866908150447,0.055081840881524215,0.32803870205871993,N/A,N/A
3,propionic_CM_exclMetals_power_4,3metaldesc,lasso,0.3759339763087388,0.05394336292159384,0.32288019007455243,N/A,N/A
4,propionic_CM_exclMetals_power_4,3metaldesc,elastic,0.36808577624240385,0.04828935820055199,0.32592356964504565,N/A,N/A
5,propionic_CM_exclMetals_power_4,3metaldesc,gp,0.1763102654483221,0.03075112343065508,0.16749725040512842,0.21504738825544553,0.1527079149783602
